Star ID,Ra,De,Magnitude
106,0.17360339,1.4397909,6.4
143,0.23946317,1.46097003,5.5
162,0.26397065,1.40578529,6.6
168,0.27186259,1.4289987,6.8
171,0.27781271,1.47667237,6.7
181,0.29996312,1.50546977,4.5
193,0.33259256,1.52097372,6.4
209,0.40945126,1.55361434,6.5
221,0.34684237,1.41186185,6.7
308,0.66240416,1.55795187,2.1
344,0.5647023,1.41888078,6.0
345,0.56941869,1.42212865,6.8
359,0.59672923,1.45842083,6.9
404,0.6870381,1.46319731,6.8
433,0.73213421,1.42154479,5.9
500,0.83646781,1.42193055,6.0
550,0.92648803,1.48197788,5.8
594,1.00137844,1.40189277,6.7
623,1.09094932,1.51191003,5.8
650,1.09103106,1.40845545,5.3
670,1.12513101,1.40560828,6.6
685,1.17031242,1.46272142,5.4
691,1.16519773,1.41064613,5.6
693,1.17810277,1.45456574,5.7
695,1.2016677,1.49272945,6.7
783,1.3104868,1.41710365,5.3
843,1.44775171,1.49990769,6.5
873,1.50015871,1.49519089,6.5
914,1.5766242,1.4867099,6.4
1037,1.79676171,1.51292717,6.6
1043,1.76494683,1.43318356,6.4
1164,1.94327482,1.4182115,6.2
1168,2.00936688,1.51878799,5.3
1179,1.96818147,1.43835313,5.1
1194,1.9838354,1.41191406,6.5
1254,2.07819707,1.4008988,6.5
1300,2.16811265,1.46708314,6.4
1319,2.20152436,1.43868794,6.2
1378,2.29674959,1.4353486,6.7
1453,2.40510392,1.41073315,6.5
1461,2.42318546,1.46923518,6.3
1551,2.51801938,1.41941442,4.6
1637,2.65539374,1.46465345,6.5
1681,2.72577799,1.44516181,6.9
1701,2.74754749,1.47047815,5.6
1714,2.75358742,1.44092032,5.3
1735,2.77520768,1.40489667,6.6
1758,2.80776324,1.40372221,6.7
1884,3.01872671,1.41593947,6.1
1967,3.14293627,1.41115736,6.4
1975,3.16109045,1.4937779,6.4
1991,3.18958841,1.42610999,6.3
2010,3.20847309,1.53065705,6.3
2012,3.21514505,1.50859323,6.3
2080,3.33546237,1.40710262,6.3
2101,3.35587553,1.4559173,5.8
2102,3.35638131,1.4558294,5.3
2164,3.4575968,1.40448904,6.3
2266,3.58833055,1.4443015,6.2
2289,3.62597301,1.4096653,6.8
2459,3.88484272,1.44010496,5.7
2556,4.05432771,1.4040945,6.5
2564,4.05724903,1.43577116,6.9
2588,4.09997229,1.39597169,6.9
2770,4.38936664,1.43182119,4.4
2793,4.4349201,1.41126679,6.7
2859,4.53618992,1.39864553,5.9
2937,4.59116008,1.51121976,4.4
2940,4.58497994,1.51787896,5.9
3020,4.52454014,1.55400059,6.5
3056,4.81777349,1.45168231,6.1
3059,4.77995315,1.51246311,6.8
3133,4.92676974,1.46442384,6.8
3146,4.94754126,1.437628,6.8
3209,5.04020741,1.45670032,6.3
3332,5.23306833,1.47774604,6.6
3364,5.29898869,1.40554613,6.8
3404,5.34531729,1.45181568,6.8
3405,5.35296816,1.42129205,6.9
3408,5.35920589,1.42109454,5.6
3413,5.36452587,1.41530989,6.1
3418,5.36274964,1.45953978,6.2
3458,5.42180591,1.44044147,5.7
3467,5.44349228,1.40590218,5.6
3504,5.51348347,1.41652095,6.9
3534,5.55607874,1.41774584,6.0
3568,5.60611806,1.405421,6.1
3658,5.73533875,1.40165215,6.6
3721,5.81708473,1.50286709,5.4
3722,5.81711244,1.50484804,6.8
3746,5.87306362,1.40851067,6.8
3769,5.93153477,1.42055751,6.9
3794,5.96676817,1.45130934,5.0
3808,5.98227404,1.49005138,6.2
3816,5.99700345,1.47212036,5.0
3830,6.02684764,1.40990572,6.7
3904,6.12762142,1.50827456,6.6
3916,6.13927593,1.52380256,5.6
3994,6.26774511,1.45196122,6.4
4006,6.28109171,1.51331279,6.7
4048,0.04073948,1.39128611,6.2
4071,0.07083346,1.34304536,6.2
4114,0.1128095,1.25327056,6.9
4118,0.11834343,1.39717485,6.5
4130,0.13489882,1.34424663,6.4
4142,0.1454044,1.23886714,6.4
4202,0.19223624,1.23610443,6.9
4216,0.19918825,1.30878769,5.6
4226,0.20842853,1.30633575,5.4
4229,0.21010179,1.26841561,6.0
4247,0.22224703,1.36054786,6.8
4278,0.2540174,1.23039783,6.9
4288,0.2640689,1.2388876,6.5
4316,0.28289431,1.29803632,6.8
4327,0.29200435,1.23798851,6.6
4331,0.30196465,1.3964663,6.4
4341,0.31537321,1.39057382,5.7
4354,0.33384869,1.39469265,6.4
4358,0.33249162,1.25216713,6.4
4376,0.35048175,1.35386174,6.4
4387,0.35773723,1.33062036,6.5
4391,0.36555594,1.37402568,6.1
4401,0.374266,1.23883422,6.5
4422,0.39806328,1.22634842,6.0
4448,0.42487735,1.29679442,6.4
4453,0.4298538,1.27478863,5.5
4461,0.44019196,1.36081373,6.6
4470,0.44912347,1.2325968,5.3
4473,0.45294428,1.30208432,6.8
4503,0.48782396,1.31928803,6.9
4509,0.50042,1.36478716,6.9
4524,0.51437871,1.31485892,6.7
4550,0.53299185,1.31775825,6.6
4554,0.5321338,1.23756134,4.6
4555,0.53648301,1.35989792,6.4
4559,0.53744964,1.28893385,6.2
4560,0.53858672,1.26399062,4.1
4562,0.54593921,1.34881207,5.4
4565,0.54768519,1.3284592,5.3
4588,0.56346791,1.24881682,6.7
4594,0.57960094,1.39087843,6.5
4599,0.5818711,1.29202909,6.2
4675,0.67419756,1.33898194,6.9
4677,0.6718485,1.24432013,6.7
4694,0.68954941,1.27091924,5.3
4763,0.76563355,1.28057285,6.8
4810,0.81213981,1.38611446,5.7
4840,0.8374889,1.29841331,4.9
4858,0.85140237,1.28924354,6.8
4863,0.86116305,1.3766333,6.7
4875,0.8741027,1.35672767,5.5
4897,0.89046677,1.29453364,6.9
4917,0.91771739,1.25426385,6.8
4936,0.9390107,1.28014674,6.4
4953,0.95737484,1.3219068,6.4
4972,0.9822849,1.30102398,6.8
5000,1.00020718,1.23693336,5.4
5006,1.00512879,1.24498311,4.7
5040,1.03194163,1.25353222,6.4
5046,1.03870202,1.26928537,6.8
5088,1.07851603,1.29154796,6.7
5089,1.07954876,1.30266062,6.9
5104,1.08810407,1.28404799,6.9
5125,1.1071875,1.25884258,6.1
5164,1.14026818,1.32829752,6.6
5238,1.19341782,1.2658669,6.0
5281,1.24458055,1.39027649,6.6
5289,1.2479334,1.33711502,6.5
5309,1.2602968,1.32542393,6.0
5326,1.26802693,1.23816556,6.4
5385,1.31918443,1.29624149,6.2
5403,1.32739576,1.2874236,6.8
5407,1.32934755,1.2927134,6.0
5455,1.36299401,1.29061096,5.4
5464,1.37267484,1.33470021,6.3
5483,1.38850352,1.27876769,5.8
5496,1.40742573,1.38284405,5.2
5501,1.39905382,1.2516541,6.8
5516,1.42322547,1.3685978,6.8
5530,1.43465337,1.36660192,6.8
5535,1.4373899,1.36096465,6.5
5539,1.43335434,1.29691126,6.9
5587,1.47423831,1.250591,6.8
5593,1.48234493,1.30976197,6.4
5594,1.47803419,1.22810209,6.9
5620,1.49670106,1.29129557,6.8
5730,1.59330147,1.31922016,6.5
5817,1.66112162,1.25918306,6.8
5861,1.69402748,1.23107831,6.0
5874,1.71508451,1.37845319,6.7
5909,1.73623361,1.28622883,6.2
5911,1.74655156,1.38927399,6.5
5919,1.74742765,1.36128599,5.9
5925,1.74769912,1.25224916,6.1
5946,1.7725329,1.38866773,5.6
6022,1.83288697,1.34350913,4.8
6041,1.83852598,1.23583555,5.8
6050,1.8503324,1.31297037,6.9
6074,1.85817955,1.23450454,6.6
6102,1.89331717,1.37447544,6.9
6115,1.89353265,1.25343705,6.5
6357,2.08420631,1.35396855,6.8
6363,2.09269813,1.39384384,6.9
6378,2.09524624,1.29011156,5.6
6392,2.115272,1.3871827,5.3
6487,2.17964011,1.32220772,5.7
6504,2.1845951,1.26374511,6.2
6511,2.19109202,1.30585918,6.5
6592,2.25501914,1.30417072,6.3
6605,2.26766172,1.28508011,6.3
6618,2.28137717,1.2770403,6.9
6784,2.41756783,1.25062683,6.5
6792,2.42547134,1.27315103,5.9
6794,2.4303936,1.34518038,6.9
6816,2.44315225,1.29183206,6.5
6858,2.47773035,1.31072118,6.3
6897,2.5066482,1.2187703,4.6
6898,2.50844407,1.26022507,5.8
6900,2.51376987,1.29708778,6.4
6917,2.52503604,1.31260507,6.7
6918,2.52324104,1.22638512,6.8
6936,2.54361333,1.26104538,5.4
6945,2.55010217,1.30180187,6.7
6948,2.55478438,1.36370967,6.4
6956,2.56259356,1.38119437,6.1
7009,2.61092486,1.27198626,6.0
7088,2.68905932,1.37788101,6.7
7098,2.69661703,1.27536842,6.5
7099,2.6958536,1.24024202,6.6
7164,2.77111241,1.32144012,5.0
7229,2.85148999,1.21917745,6.1
7255,2.87955692,1.35734435,6.3
7272,2.89486615,1.22226809,6.6
7287,2.91627494,1.25592477,6.9
7395,3.04431825,1.35430564,6.7
7445,3.114168,1.28728378,6.8
7480,3.14541711,1.22588145,6.7
7500,3.16451028,1.342257,6.0
7512,3.18430326,1.3030875,6.4
7513,3.184417,1.3507202,6.9
7521,3.19311041,1.35160101,6.6
7522,3.19481923,1.35465926,5.1
7532,3.20766144,1.22522443,5.9
7533,3.21005239,1.26625286,6.5
7540,3.22377512,1.31179994,5.4
7563,3.25676388,1.25541441,6.4
7593,3.28768937,1.21803445,3.9
7600,3.29314446,1.22211115,5.2
7611,3.30250539,1.22495701,6.7
7714,3.39810064,1.31724391,6.2
7741,3.42446231,1.27453129,6.3
7782,3.46244962,1.27057909,6.4
7814,3.51742335,1.26346949,6.1
7821,3.52099,1.37259174,5.9
7848,3.55485579,1.33598933,6.7
7854,3.56563225,1.24341183,5.7
7867,3.58090708,1.34117776,6.6
7876,3.58949403,1.36247834,6.1
7895,3.62168132,1.37873656,6.6
7953,3.69545987,1.30190727,6.3
7958,3.70380102,1.35345867,5.0
8024,3.78529357,1.32114429,4.4
8054,3.81197842,1.39033723,6.4
8102,3.88643918,1.29425734,2.2
8111,3.89668456,1.36444304,6.5
8140,3.92895635,1.25254727,6.7
8207,4.00159935,1.2535632,5.1
8211,4.0028229,1.29233433,6.7
8220,4.01743712,1.25374045,3.1
8274,4.06406556,1.35000069,5.3
8328,4.1192328,1.35777007,4.3
8376,4.16704275,1.31901789,6.9
8415,4.20983386,1.2263029,6.7
8417,4.2041563,1.34030267,5.6
8446,4.23602594,1.32431337,5.5
8452,4.24348911,1.3126726,6.5
8462,4.25230077,1.28098067,6.0
8470,4.26517519,1.32217771,5.0
8485,4.27527301,1.32894377,6.9
8527,4.30100979,1.37818116,5.5
8544,4.32609671,1.2673176,6.5
8548,4.32251013,1.35169632,6.4
8571,4.34305455,1.35707543,6.9
8592,4.35407987,1.37738684,6.4
8598,4.36642705,1.26836,6.9
8602,4.3718351,1.28957341,6.8
8612,4.3768487,1.35287534,6.0
8634,4.39670175,1.38760293,6.9
8651,4.41969239,1.31585017,6.8
8667,4.43435869,1.27632273,6.2
8674,4.43384563,1.35529718,6.7
8690,4.45260559,1.31292388,6.9
8697,4.45787322,1.31418362,6.3
8748,4.52136124,1.25301507,6.8
8862,4.61267505,1.26459479,6.0
8890,4.63358482,1.25923532,4.9
8891,4.63370016,1.25937466,6.1
8939,4.66635578,1.34325479,5.0
8945,4.67493472,1.30147263,6.8
8946,4.66952137,1.36671027,6.4
8961,4.6913814,1.25672879,5.5
8962,4.68814708,1.31198014,6.4
8994,4.71263347,1.39627644,6.2
8996,4.71305759,1.39633399,5.8
8999,4.7248142,1.32278868,6.8
9084,4.80296088,1.24508124,4.2
9087,4.80426537,1.26942848,3.7
9130,4.81768375,1.38270229,6.6
9151,4.84219319,1.35345135,5.8
9181,4.8690821,1.26327057,6.9
9199,4.87560446,1.35588729,6.9
9222,4.90075051,1.23556706,6.6
9241,4.91213784,1.29303464,5.4
9250,4.91471453,1.31657172,5.4
9256,4.9115141,1.39526764,6.3
9276,4.94369274,1.25292446,6.9
9283,4.94974365,1.24437094,4.9
9286,4.94606093,1.32274233,6.6
9296,4.96525519,1.34479117,6.5
9341,5.01417641,1.33623193,5.1
9366,5.04203848,1.28029413,4.6
9390,5.05679255,1.2837014,6.7
9404,5.06839579,1.33621714,5.8
9414,5.06873816,1.3893296,6.0
9447,5.10947706,1.23900715,6.3
9467,5.12436326,1.24974825,6.7
9540,5.18438339,1.22640549,4.0
9592,5.23031136,1.22813661,6.5
9606,5.23429246,1.33485137,6.4
9629,5.24662299,1.39069745,6.7
9631,5.25539334,1.28996592,6.9
9665,5.27477421,1.3563196,4.4
9793,5.36693697,1.26591707,6.4
9802,5.37346392,1.30820475,5.2
9804,5.37744989,1.23101432,6.7
9827,5.3931028,1.38632133,6.8
9911,5.47484043,1.32515069,6.2
9917,5.48122601,1.32155221,6.9
9957,5.52565954,1.24672238,6.0
9959,5.52173546,1.36356301,5.9
10007,5.56630761,1.34411641,6.2
10034,5.59533789,1.34547636,6.7
10037,5.59682367,1.33613598,6.9
10057,5.62284202,1.23151726,3.3
10069,5.63298624,1.23609832,6.9
10126,5.68070478,1.24462018,4.9
10131,5.68570165,1.26222478,5.4
10186,5.72809272,1.28634824,6.4
10190,5.72562373,1.38844205,6.8
10208,5.7502091,1.30893973,6.6
10216,5.75631128,1.27722996,5.1
10265,5.80237808,1.26259305,5.0
10267,5.80433408,1.2585752,6.4
10284,5.81579122,1.27945128,6.1
10312,5.83960748,1.33497035,6.6
10351,5.86294937,1.36560601,6.5
10366,5.87307838,1.23519046,5.7
10375,5.87612711,1.37507137,5.8
10402,5.88997114,1.37574284,5.5
10414,5.90038857,1.33040209,5.7
10418,5.90481363,1.22825607,6.3
10425,5.91565642,1.28531646,5.2
10440,5.92197313,1.31548544,6.1
10566,6.01180304,1.27641717,6.6
10620,6.04878846,1.31914084,6.7
10629,6.05584912,1.31576179,4.6
10664,6.08518541,1.29557928,5.7
10671,6.08958095,1.23723283,5.6
10684,6.0969426,1.31421862,6.4
10732,6.13569764,1.23369578,6.7
10737,6.14040327,1.22800978,5.6
10754,6.14775845,1.31292921,6.5
10774,6.16316214,1.25665136,6.6
10790,6.17403932,1.25039082,6.1
10814,6.19231503,1.31410692,6.0
10817,6.19310007,1.29159126,6.1
10818,6.19307279,1.3549406,3.4
10874,6.24810528,1.35436498,6.5
10879,6.25010768,1.31850171,6.5
10893,6.26058838,1.29870018,6.6
10934,0.00722814,1.28477705,6.5
10937,0.01135409,1.15364421,6.0
10942,0.01495922,1.11076196,6.3
10948,0.01686068,1.16434725,6.6
10954,0.01844457,1.08712811,6.0
10956,0.02050478,1.17227885,5.8
10962,0.02226473,1.07013263,5.9
10978,0.02811282,1.12043481,5.5
10999,0.03726409,1.10312328,6.6
11044,0.0576307,1.08281749,6.6
11074,0.06946054,1.06465366,6.6
11084,0.07396705,1.07395835,5.8
11130,0.09471466,1.18373379,6.7
11157,0.10420081,1.0639931,6.8
11172,0.10817311,1.07915628,5.4
11243,0.13710536,1.1609855,6.1
11256,0.14398712,1.09836673,4.2
11265,0.15016297,1.16501372,6.4
11291,0.15906647,1.05289115,5.8
11336,0.18351832,1.15449332,5.9
11360,0.19549826,1.17213409,6.9
11366,0.196524,1.09132636,6.8
11380,0.20355222,1.20995076,6.4
11424,0.22133582,1.1213308,5.5
11430,0.22372198,1.07871456,6.4
11444,0.23155778,1.06681665,4.9
11481,0.2483909,1.20036881,6.4
11482,0.2474378,1.05970623,2.8
11484,0.24776992,1.05352878,5.5
11491,0.25013579,1.07201914,6.6
11502,0.25533163,1.15806251,6.0
11526,0.26836306,1.21053366,6.7
11551,0.27757724,1.06596052,5.9
11557,0.28067731,1.0747788,5.9
11571,0.28963855,1.09539715,6.4
11612,0.30829467,1.20041603,5.3
11614,0.30911868,1.18299115,6.6
11615,0.31165595,1.12055199,5.5
11617,0.31280845,1.13479194,5.5
11637,0.31924545,1.07696938,6.3
11681,0.34170194,1.18361956,6.7
11712,0.35380893,1.12850119,6.3
11751,0.37495737,1.18909272,5.0
11776,0.39172344,1.13746564,6.9
11788,0.39650005,1.15362913,6.2
11804,0.40380141,1.222068,6.9
11834,0.41258325,1.20337538,6.7
11846,0.41628517,1.1009822,6.8
11875,0.42665352,1.12991952,6.6
11883,0.42852393,1.08825114,6.6
11919,0.44655151,1.18757487,5.5
11920,0.44527633,1.06531751,6.6
11931,0.44930251,1.0720107,6.5
11941,0.4508536,1.05681761,5.8
11983,0.47013701,1.11443272,5.7
12006,0.48557074,1.13192136,6.9
12031,0.49914308,1.11125244,3.4
12038,0.50614163,1.19878206,5.0
12065,0.51729036,1.07683208,6.0
12076,0.52199889,1.12785838,5.2
12095,0.53615693,1.13274404,5.9
12097,0.53670962,1.12381702,5.6
12105,0.54396917,1.13626878,6.5
12180,0.58679737,1.16107117,6.1
12226,0.61180481,1.12289844,6.5
12298,0.65042385,1.17639342,4.6
12345,0.67950489,1.19325223,6.8
12361,0.68766802,1.14747142,6.1
12369,0.69363181,1.0924281,6.8
12421,0.71919688,1.18376321,5.8
12438,0.72938306,1.05714195,6.7
12445,0.73707356,1.21534519,6.3
12472,0.75040228,1.20232843,6.0
12478,0.75213335,1.10670416,6.9
12517,0.76772263,1.07374697,5.6
12519,0.7697499,1.12281317,6.6
12536,0.77657691,1.12432811,6.9
12587,0.80354886,1.07697195,6.7
12608,0.81731893,1.11801899,5.8
12619,0.82422498,1.08880426,6.5
12621,0.82627472,1.12225364,6.9
12636,0.83343835,1.13265362,6.5
12677,0.85703906,1.15855921,6.6
12686,0.86187187,1.14595754,6.4
12703,0.87317601,1.21704213,6.7
12704,0.87261765,1.14584977,4.8
12716,0.87840705,1.08207291,6.6
12743,0.89306542,1.12723937,5.5
12770,0.90928592,1.05165973,6.5
12854,0.95984062,1.11474242,6.8
12874,0.96933485,1.10334087,5.3
12890,0.98619582,1.17288918,5.8
12891,0.98627792,1.10557949,5.0
12916,1.0014708,1.14364488,4.7
12917,1.0018667,1.10474469,6.0
12929,1.01096699,1.19568153,6.3
12942,1.01379631,1.08812096,6.8
12968,1.03470957,1.06655141,5.2
12969,1.03595058,1.10081731,4.9
13006,1.07361507,1.19869363,6.1
13012,1.07395839,1.08388219,6.8
13015,1.07621336,1.14355597,6.1
13061,1.10331192,1.19557875,6.4
13075,1.12091088,1.0794907,5.6
13081,1.12508621,1.170927,6.9
13098,1.13739399,1.13691577,5.4
13113,1.14228971,1.06003959,5.7
13130,1.15265071,1.08267573,6.9
13176,1.19170645,1.18039643,6.9
13196,1.20603357,1.12157233,5.9
13215,1.21409088,1.06263101,6.8
13283,1.26609456,1.1104797,6.7
13285,1.27070034,1.18977602,6.9
13291,1.27446851,1.1083773,5.8
13298,1.28303735,1.15789802,4.4
13300,1.28133922,1.07306023,6.6
13316,1.29820833,1.13932413,6.8
13317,1.29701933,1.07779477,6.9
13341,1.31597295,1.06601351,6.1
13344,1.3213903,1.16627598,6.3
13351,1.32391194,1.05491608,4.2
13362,1.33563241,1.20379921,6.8
13369,1.33733403,1.06761679,6.3
13382,1.35094767,1.21543483,6.6
13388,1.35153978,1.13306416,6.4
13390,1.351183,1.09047551,6.7
13394,1.35573693,1.10997283,6.7
13409,1.3659498,1.07948726,6.0
13413,1.3679951,1.09417008,6.4
13422,1.3729173,1.10177691,6.7
13458,1.39924566,1.16495235,6.6
13460,1.39790859,1.0935152,5.9
13517,1.43928199,1.05187547,6.9
13518,1.44063891,1.1007315,5.8
13527,1.45321139,1.18705413,6.9
13548,1.47162046,1.1640678,6.2
13550,1.47153967,1.11970939,6.0
13564,1.48564848,1.08121765,6.6
13570,1.49417957,1.14663977,5.8
13590,1.50160697,1.07296787,6.4
13602,1.51066988,1.13044787,6.9
13608,1.51645325,1.11000201,6.6
13618,1.52315662,1.09620901,6.1
13627,1.53159914,1.14760547,6.6
13635,1.53993825,1.19505612,6.4
13662,1.56024618,1.15358977,6.6
13674,1.57432262,1.16961611,6.9
13675,1.57625812,1.14363965,6.7
13715,1.59982908,1.10747667,6.5
13746,1.61978539,1.05510981,6.8
13756,1.62687034,1.14700275,5.4
13772,1.63920145,1.04718213,5.6
13787,1.64896519,1.07364433,5.3
13788,1.6530313,1.20985913,4.7
13796,1.65630779,1.21421252,6.8
13799,1.65652574,1.19864423,6.9
13855,1.70334099,1.04973764,6.7
13897,1.73524976,1.07304913,6.0
13917,1.74761978,1.08075495,6.5
13945,1.76316688,1.09890855,6.9
13973,1.79311826,1.17935233,5.0
13986,1.80512467,1.20232697,5.1
14037,1.83412986,1.17514536,6.5
14044,1.84024942,1.21555574,6.7
14049,1.84111292,1.11137307,6.7
14095,1.87461117,1.06102177,6.7
14195,1.9522989,1.15770724,6.3
14211,1.96732532,1.19495136,5.8
14221,1.97049709,1.09085614,6.8
14226,1.97239288,1.0778834,6.8
14261,1.99641217,1.05658825,6.9
14321,2.0362307,1.14241903,6.0
14322,2.03530356,1.09660079,6.4
14326,2.03773161,1.11791432,6.8
14330,2.04182819,1.05236038,6.9
14338,2.05134234,1.05317104,6.7
14402,2.1018377,1.05285858,6.0
14406,2.10432995,1.06453939,6.7
14407,2.1053613,1.1011307,6.0
14446,2.13951463,1.2169252,6.5
14456,2.15030323,1.19509806,5.5
14479,2.16351996,1.05384008,6.4
14500,2.17855313,1.09095499,5.8
14522,2.19359344,1.0582148,6.5
14568,2.22430003,1.17456213,6.0
14572,2.2285374,1.19580308,6.9
14573,2.22644984,1.05973226,3.5
14582,2.23790669,1.20985991,6.4
14590,2.24538317,1.13699683,5.4
14609,2.26541904,1.13482947,5.7
14612,2.26530923,1.04613998,6.4
14616,2.26986941,1.12273458,4.8
14667,2.30742606,1.16427438,6.1
14691,2.32729162,1.08144649,5.7
14703,2.34147067,1.12755256,5.6
14727,2.35225303,1.10570826,6.9
14742,2.36730046,1.18035963,5.0
14769,2.39281608,1.16715917,5.3
14788,2.4015132,1.17171962,4.9
14796,2.40383303,1.10852003,4.7
14819,2.41878272,1.07203892,5.2
14875,2.46849123,1.11597676,6.5
14908,2.49376432,1.1006373,3.8
14941,2.52035681,1.05092223,6.6
14949,2.52841456,1.17412008,6.3
14966,2.5405326,1.20842302,5.7
14976,2.55084604,1.13418379,6.2
14980,2.55657501,1.11095952,6.5
14987,2.56349001,1.10387862,6.9
15000,2.57608096,1.14481784,6.3
15023,2.5964211,1.06667843,6.4
15098,2.65782818,1.11618087,6.8
15129,2.68400099,1.04694104,6.1
15131,2.688029,1.04982713,6.8
15135,2.69668387,1.13635547,5.7
15147,2.70987288,1.19987057,5.8
15163,2.7232845,1.14434941,4.9
15196,2.74848138,1.14539273,6.4
15200,2.7508226,1.12150955,6.0
15243,2.78524754,1.04936913,6.9
15260,2.80040442,1.19456278,5.9
15261,2.80100634,1.14696576,5.1
15269,2.80591195,1.20560693,5.2
15273,2.81277393,1.20036265,5.9
15274,2.81463322,1.17654957,6.3
15298,2.83106622,1.13677275,6.2
15300,2.83390252,1.11368141,6.6
15360,2.88458201,1.1069072,6.3
15384,2.89606083,1.07775618,2.0
15414,2.92196355,1.17304035,6.1
15431,2.93295359,1.19156968,6.4
15438,2.93707635,1.17502421,6.7
15454,2.9509739,1.04619622,6.7
15462,2.95592046,1.05193913,6.7
15478,2.97097596,1.17113091,6.3
15486,2.97951265,1.12277845,6.0
15520,3.00665914,1.07823634,5.9
15532,3.01682154,1.21005578,4.1
15542,3.02093564,1.06609292,5.5
15567,3.03707797,1.2099128,5.4
15580,3.04917609,1.12306813,6.8
15606,3.0651156,1.16491768,5.5
15631,3.08543727,1.0716644,6.6
15663,3.12688382,1.1387041,6.7
15666,3.12801065,1.07423765,6.3
15673,3.13436655,1.07276124,6.7
15710,3.16629495,1.09838796,6.2
15747,3.20308402,1.15381734,6.8
15783,3.23788865,1.07497587,6.9
15801,3.25113635,1.11356753,6.4
15816,3.27297624,1.20778859,5.3
15817,3.27671794,1.15013135,6.7
15871,3.32295345,1.09454901,5.9
15877,3.32952105,1.06736629,6.5
15901,3.34804423,1.09573341,5.8
15902,3.34916663,1.16571181,5.7
15907,3.35389734,1.05278144,5.9
15941,3.38364982,1.14211636,5.3
15945,3.3878048,1.15180919,6.1
15950,3.39014725,1.17360782,6.7
15955,3.39603715,1.13314852,6.6
15960,3.40303563,1.16234235,5.5
15962,3.41116101,1.11021077,6.0
15985,3.43122459,1.08283727,6.3
15999,3.44631129,1.08610244,6.5
16018,3.4621511,1.17438522,6.8
16033,3.47529023,1.19394493,6.1
16071,3.51683146,1.10411516,6.5
16078,3.52153956,1.12984718,6.7
16080,3.52753433,1.0462525,5.4
16124,3.56504087,1.16999921,6.8
16142,3.58445846,1.13136261,5.7
16143,3.58711907,1.13923516,6.5
16186,3.62050547,1.07319006,6.0
16197,3.62584407,1.19232076,6.4
16199,3.62780611,1.12963396,4.8
16230,3.65443249,1.0732496,6.4
16254,3.67323682,1.19866973,6.4
16273,3.68434271,1.12357035,3.6
16297,3.70946716,1.20188831,6.6
16305,3.71784801,1.21182772,5.4
16342,3.75209661,1.18302872,6.7
16406,3.79944026,1.10279768,6.0
16411,3.80356666,1.05113526,6.2
16431,3.81176876,1.14136582,6.6
16466,3.84868393,1.06922317,6.2
16478,3.85743894,1.06636408,6.6
16558,3.91644568,1.15073698,4.9
16574,3.93331756,1.05076854,5.9
16586,3.94202007,1.04764649,6.8
16587,3.94428303,1.15051673,6.1
16606,3.96118036,1.10160242,6.8
16608,3.96328574,1.14822327,6.8
16630,3.97383153,1.1830071,6.1
16660,3.9908634,1.17542316,5.2
16662,3.99185023,1.20332404,6.5
16672,4.00245551,1.09556252,6.8
16693,4.01369579,1.09037961,6.6
16712,4.02569413,1.08292735,5.8
16713,4.02577231,1.10551477,5.8
16740,4.04776927,1.08691499,6.4
16741,4.04853802,1.05889514,6.1
16743,4.0520121,1.07734084,6.8
16746,4.05506686,1.08384564,6.5
16754,4.06194498,1.12065288,5.9
16773,4.0779738,1.18343083,6.9
16794,4.09128164,1.20922112,5.9
16848,4.1306106,1.09256782,5.1
16888,4.16033174,1.13949255,6.9
16890,4.16087679,1.19940229,6.8
16925,4.19031337,1.18032055,6.8
16962,4.2164008,1.18350995,5.4
16979,4.22977563,1.10667221,6.7
16980,4.23214411,1.04495442,6.7
16993,4.24297875,1.17188639,6.3
17036,4.26801266,1.19650179,6.5
17062,4.28396323,1.20618827,5.4
17073,4.29256639,1.07680852,5.6
17074,4.29347273,1.07362596,2.9
17107,4.3108906,1.20023006,5.0
17108,4.31250612,1.1701288,6.7
17130,4.33028092,1.06156767,5.9
17137,4.33133459,1.16507239,6.4
17155,4.34156687,1.05537214,6.8
17165,4.34986795,1.10082856,6.4
17188,4.36733622,1.12729134,5.0
17281,4.43326138,1.13681546,4.8
17282,4.43213164,1.17771822,6.7
17284,4.43472091,1.0885572,6.8
17285,4.43497042,1.13514561,6.4
17305,4.44641651,1.20752878,6.5
17312,4.45617028,1.058529,6.2
17324,4.46042947,1.12749108,6.1
17360,4.48604436,1.06743561,6.7
17365,4.4889304,1.14693711,3.2
17391,4.50531825,1.09736559,5.5
17410,4.52076041,1.05965528,6.7
17414,4.52254319,1.05890178,6.3
17472,4.56267856,1.04804229,5.7
17474,4.55968642,1.17471819,6.3
17526,4.59006067,1.18918067,5.2
17546,4.6032718,1.07992146,5.3
17572,4.61055724,1.21423943,6.5
17576,4.61181976,1.20005281,4.9
17608,4.6311855,1.17201691,6.9
17645,4.66468637,1.09603497,6.7
17651,4.66642988,1.19884771,6.9
17664,4.67933434,1.05411526,6.8
17756,4.73502546,1.16842124,6.9
17768,4.74151285,1.12086606,6.8
17803,4.76090048,1.05434676,6.3
17828,4.77302325,1.12394448,5.0
17837,4.77907947,1.20001572,6.1
17847,4.78646301,1.19976653,6.7
17888,4.82576782,1.14429899,5.0
17912,4.84872763,1.14207409,6.3
17922,4.85338366,1.18292943,6.8
17947,4.87043138,1.14299271,6.0
17958,4.87626623,1.09129203,5.6
17961,4.87996393,1.05961169,6.6
17963,4.87994961,1.10885989,6.9
17975,4.89101674,1.09518877,6.0
17995,4.90569772,1.06549069,6.2
18039,4.93185228,1.06181788,6.8
18079,4.95859749,1.13897259,5.8
18082,4.96236274,1.08902883,6.4
18091,4.96790686,1.05885262,6.7
18103,4.96931294,1.21352845,6.4
18121,4.98327899,1.04944166,6.9
18132,4.98605944,1.19250179,6.9
18187,5.01678749,1.151544,6.2
18222,5.02896887,1.18091678,3.2
18234,5.03557247,1.17138534,6.8
18257,5.04786228,1.10318432,6.9
18287,5.06044538,1.12383283,6.3
18299,5.06437193,1.146934,4.6
18343,5.08954816,1.09183197,6.5
18395,5.11891798,1.0499638,6.4
18396,5.1153879,1.21581643,4.8
18413,5.12591966,1.10713977,6.6
18457,5.14510235,1.19821328,6.9
18461,5.14966806,1.05605117,6.2
18508,5.16752205,1.21015875,5.9
18530,5.17815191,1.19447585,6.4
18547,5.1898707,1.10312091,6.8
18556,5.19394561,1.06830513,6.7
18575,5.20453474,1.12008483,6.8
18593,5.21340545,1.12959901,6.9
18627,5.22935129,1.10888098,6.0
18658,5.24242678,1.13133949,5.4
18669,5.2461887,1.12808197,6.6
18676,5.24828076,1.18461692,4.7
18692,5.25668372,1.1150992,6.2
18699,5.25731873,1.18729736,6.6
18700,5.26019365,1.08202579,5.6
18722,5.26654723,1.15729787,6.9
18732,5.27501528,1.08344222,6.6
18750,5.28375844,1.1915739,6.8
18751,5.28652216,1.0834781,5.7
18766,5.2947247,1.05837837,6.2
18796,5.31243798,1.16681883,6.1
18807,5.32155638,1.08659749,5.6
18817,5.32369295,1.20219258,6.0
18826,5.32844526,1.11666883,5.9
18879,5.35755307,1.1476524,6.6
18897,5.36506104,1.09945411,4.3
18918,5.37659584,1.14142817,6.8
18928,5.38406214,1.07762601,6.9
18941,5.39080864,1.2161461,6.9
18948,5.39802471,1.07101296,6.9
18979,5.41181812,1.0560152,6.0
18998,5.42213476,1.0576943,6.1
19002,5.42277769,1.15760839,6.9
19004,5.42441277,1.16339256,5.6
19018,5.43038173,1.21740303,6.5
19019,5.4336023,1.079291,3.6
19045,5.44731128,1.18740596,6.9
19051,5.45105261,1.1177471,6.4
19214,5.53133194,1.19126105,6.8
19223,5.53915559,1.10471546,6.5
19229,5.5393851,1.19538032,5.2
19257,5.5576091,1.12406103,6.4
19261,5.55792966,1.2222135,6.8
19265,5.56227182,1.13010442,6.9
19298,5.57869435,1.06786293,6.8
19302,5.57885645,1.09232411,2.6
19309,5.58121235,1.07962751,6.6
19313,5.58230777,1.13222602,5.2
19329,5.58690242,1.0591933,6.7
19333,5.58748914,1.06040785,6.2
19432,5.61894906,1.16604007,5.4
19433,5.62036285,1.08378993,6.9
19451,5.62582079,1.17025655,6.9
19466,5.63299598,1.05521656,5.5
19541,5.66324763,1.08353419,4.9
19621,5.69364712,1.09014293,6.0
19624,5.69609662,1.06675867,4.5
19642,5.70470451,1.05928817,5.6
19646,5.70293933,1.22436306,6.4
19663,5.71297453,1.0694107,6.4
19665,5.71218368,1.16574691,6.5
19686,5.72302843,1.1476028,6.4
19698,5.72724369,1.09454227,6.8
19738,5.73927519,1.07411092,6.2
19742,5.74002881,1.14006468,5.9
19753,5.7449822,1.11047689,4.9
19758,5.74777414,1.06980427,6.9
19760,5.74730458,1.15464278,6.3
19773,5.75474557,1.09429153,6.2
19792,5.76244225,1.0906226,6.5
19814,5.77190885,1.15303829,6.8
19826,5.77601764,1.12797653,6.5
19827,5.77612542,1.12796867,4.6
19828,5.77652117,1.10164838,5.5
19847,5.78144009,1.09581685,5.4
19849,5.78205001,1.08698902,5.2
19922,5.8060512,1.224046,5.5
19932,5.81208589,1.06045071,5.5
19937,5.81357066,1.1046407,6.1
19948,5.81991224,1.10239272,6.2
19991,5.83905268,1.09614473,6.0
20032,5.85496325,1.10200113,6.9
20042,5.85995998,1.08943505,6.0
20074,5.87817082,1.08058027,6.7
20075,5.87778874,1.13677352,5.7
20088,5.88318944,1.1185055,6.4
20115,5.89286962,1.07553763,6.9
20150,5.9037876,1.22022154,6.0
20153,5.90744166,1.07823334,6.5
20190,5.92823224,1.10975742,5.2
20214,5.94753093,1.1403306,6.8
20215,5.94907846,1.0938262,6.9
20247,5.96852208,1.13555087,6.8
20253,5.97223752,1.09848075,6.2
20268,5.97635832,1.15541519,3.7
20281,5.98377175,1.07681278,6.1
20283,5.9842576,1.09907838,6.8
20295,5.98955526,1.18665687,6.9
20393,6.03620246,1.05496878,6.6
20398,6.03686888,1.17302333,5.5
20405,6.04122319,1.10376217,6.8
20424,6.0496508,1.07233141,6.7
20438,6.05498176,1.14522983,6.8
20439,6.05539642,1.11061351,6.2
20441,6.05609063,1.12089466,6.4
20456,6.06187436,1.1381548,6.6
20466,6.06470594,1.17359919,6.7
20531,6.09314448,1.08146122,6.5
20554,6.10265638,1.18877139,4.9
20562,6.10869871,1.06727364,6.8
20567,6.1096934,1.08157971,6.6
20568,6.11017176,1.05198989,6.7
20572,6.111169,1.08582498,6.4
20611,6.12870789,1.11444785,6.8
20614,6.12976003,1.08704032,5.2
20626,6.13635512,1.06616938,6.7
20685,6.16184965,1.14736825,6.6
20745,6.19075056,1.08446154,6.7
20756,6.19541452,1.11221737,6.9
20791,6.20615898,1.12600794,6.9
20793,6.20694554,1.07651215,6.5
20838,6.22476717,1.16557126,5.9
20853,6.23044335,1.18345225,5.0
20866,6.23365977,1.1323047,6.4
20869,6.23447375,1.08584801,5.6
20887,6.24131442,1.11253308,6.7
20896,6.24388151,1.11674829,6.8
20915,6.25299707,1.0594948,6.9
21002,0.00550019,1.05339914,6.9
21009,0.00704786,1.06854293,5.7
21062,0.02145402,1.02157214,6.5
21085,0.02734044,1.01991238,6.1
21133,0.04004942,1.03235736,2.4
21162,0.04579599,0.99772823,6.5
21164,0.04615472,1.04149532,6.7
21178,0.04856095,1.00509202,6.7
21202,0.05294834,0.93590799,6.8
21273,0.07730638,0.89767636,6.1
21313,0.08973232,0.98709641,6.8
21343,0.10141716,0.97376389,6.7
21366,0.10585749,0.90791892,5.4
21381,0.10954937,0.92584035,5.7
21387,0.11211995,0.95983209,6.9
21395,0.11431121,0.99098602,6.8
21405,0.11632903,0.98857393,6.6
21457,0.13234759,1.04680233,5.9
21471,0.13556081,0.97218456,6.8
21486,0.13825924,0.92222054,5.7
21489,0.13863812,0.95159326,4.9
21512,0.1447451,0.95809709,6.1
21537,0.15371529,0.90474431,6.9
21551,0.1576825,0.94541853,5.1
21566,0.16131911,0.94067846,3.7
21592,0.16940231,1.04416267,6.7
21609,0.1767484,0.98676276,2.5
21621,0.17981924,0.91102425,6.8
21637,0.18354311,0.88160983,4.9
21642,0.18552275,1.02544144,6.1
21646,0.18601966,0.91345021,6.9
21677,0.19760072,0.96379767,5.5
21689,0.20180988,0.96525711,6.5
21693,0.20379766,1.03977166,6.5
21727,0.21244948,0.90933341,6.8
21729,0.21307998,0.88956426,5.0
21732,0.21424207,1.00907767,3.6
21767,0.22233793,0.89898327,6.5
21775,0.22498247,0.9000853,6.2
21814,0.23471726,0.91960036,6.2
21832,0.23999186,1.0292673,5.0
21846,0.24528436,1.01223153,6.4
21855,0.24724189,1.03290398,4.8
21931,0.26947396,1.00909275,6.7
21937,0.27106963,0.98311022,6.9
21938,0.27186747,0.89072757,6.6
21949,0.27443594,0.90404119,6.8
21967,0.27943274,0.91633698,6.3
21974,0.28045427,0.94604074,6.8
21988,0.28265876,0.89029022,6.5
22012,0.29189795,1.04473538,6.8
22015,0.29236468,0.99369313,6.6
22021,0.29303475,0.93372177,6.5
22024,0.29789571,0.95854268,5.3
22032,0.29913118,1.01689243,5.7
22040,0.30358068,1.00094778,6.7
22060,0.30793411,0.89035111,6.9
22070,0.31024558,0.96254598,4.5
22159,0.3392515,0.98840982,6.8
22165,0.34136386,1.00885878,6.8
22191,0.34942277,1.01633291,5.3
22230,0.36372378,1.01478587,6.5
22268,0.37444483,1.05130349,2.8
22389,0.40766404,1.01800697,6.0
22397,0.40985625,1.03379439,4.9
22414,0.41626954,0.93105437,6.8
22456,0.42814141,1.0119004,5.7
22493,0.43728861,0.94017968,6.6
22496,0.43857288,1.03068005,6.9
22520,0.44635298,1.02324611,6.2
22541,0.45099337,1.04078996,6.8
22551,0.45205635,0.89911722,6.8
22552,0.45223612,0.92303022,6.8
22554,0.45230535,0.88468481,4.2
22566,0.45508682,1.00419787,6.1
22578,0.45713824,0.99639174,6.2
22678,0.48411928,0.90640664,5.9
22690,0.48864994,0.96250404,5.5
22696,0.48937091,0.88650228,5.6
22705,0.49238313,0.89840431,6.2
22716,0.49658173,0.97036845,6.5
22793,0.51620418,1.04066861,6.6
22835,0.52713256,1.04648415,6.7
22859,0.53364242,0.95098768,5.0
22897,0.54201753,0.90701978,6.5
22907,0.54569035,0.97079087,6.6
22959,0.56144704,1.01968641,5.9
22993,0.56779968,0.9397368,6.4
22995,0.56908627,1.04684718,6.7
23011,0.57370412,1.00610789,6.4
23044,0.58333885,1.02208571,6.5
23046,0.58274086,0.92604785,6.8
23047,0.58296484,0.89126741,5.4
23115,0.597174,0.99580139,6.4
23143,0.60212725,1.01054491,6.1
23149,0.60246439,1.00385395,6.1
23178,0.60682466,0.99720051,6.7
23182,0.60751821,0.99779339,6.7
23194,0.60971863,1.04771199,6.9
23205,0.61152657,0.88939104,6.7
23214,0.61397403,0.97579642,6.8
23229,0.61617424,0.95137781,6.8
23243,0.61925504,0.99907291,6.5
23256,0.62114814,0.97469187,5.2
23278,0.62542463,0.90901949,6.6
23283,0.62772177,0.96628995,6.5
23304,0.63384352,0.98803293,6.2
23319,0.63540224,0.8775277,4.9
23353,0.64517696,0.88261048,6.3
23369,0.65195,0.96929114,6.9
23394,0.66078253,1.01271658,6.9
23407,0.66408476,0.96793367,6.7
23425,0.66896769,0.91296176,6.5
23555,0.71143053,0.96178012,5.7
23556,0.71119694,0.93420712,6.1
23614,0.73271075,0.97063718,6.8
23637,0.7396381,0.99630525,6.5
23655,0.7448066,0.97556017,4.0
23662,0.74943689,1.01778439,6.3
23674,0.75427196,0.92498363,6.4
23685,0.76034229,0.92087949,4.1
23686,0.76087207,0.89302578,6.6
23721,0.77162119,0.89467177,6.5
23763,0.78919389,0.91370953,5.4
23765,0.78928108,0.91371666,6.8
23789,0.8063267,0.93386382,3.1
23791,0.80957177,0.98970418,5.1
23793,0.81011879,0.97858134,6.5
23825,0.82058996,0.91129502,6.2
23829,0.82216054,0.99507194,6.8
23867,0.83651384,0.91042807,6.7
23903,0.85433518,0.99729461,5.9
23907,0.85437932,0.88935308,6.7
23914,0.85609498,0.88903189,5.3
23944,0.86668738,0.87654178,5.3
23996,0.88813995,1.02490839,6.8
24024,0.89799815,0.94111227,6.4
24054,0.91223655,1.04615491,4.4
24061,0.91592341,1.02762785,4.8
24062,0.91711743,1.03613294,6.4
24064,0.91631327,0.96781867,5.0
24093,0.9317246,1.0256407,6.3
24098,0.93236652,1.00998102,6.4
24099,0.93222231,0.95949083,5.8
24111,0.93817331,1.04791411,6.5
24119,0.94408888,0.97541434,6.8
24128,0.95003711,0.99029104,6.8
24133,0.95263648,0.99366379,6.3
24145,0.95883684,0.98407277,6.6
24169,0.97176042,1.04666324,6.0
24195,0.98542766,0.96104354,6.8
24213,0.99124768,0.90244673,6.8
24215,0.99281302,0.97603238,6.0
24231,0.99616914,0.88552116,5.9
24244,1.00062919,0.99690007,6.5
24248,1.00119896,0.91901349,6.8
24255,1.00538979,0.91597856,6.9
24276,1.01980199,1.01185648,5.8
24298,1.02874469,0.99342119,6.8
24300,1.02818292,0.91875984,6.7
24301,1.02808438,0.91153238,6.8
24307,1.03056842,1.04095058,6.6
24314,1.03239774,0.88480068,5.5
24325,1.04210279,1.00270552,6.9
24384,1.06662539,1.03245868,5.1
24391,1.06729502,0.96108916,6.6
24411,1.07603934,0.94262915,6.4
24412,1.07592465,0.87879529,4.3
24436,1.08847728,1.04559209,6.5
24440,1.08809287,0.95694444,6.3
24495,1.11277975,1.00286745,6.1
24512,1.12014657,0.93570219,5.1
24514,1.12196738,1.00985677,5.8
24516,1.12289059,0.99793685,6.6
24518,1.12226954,0.88777554,6.9
24521,1.12541528,1.02608571,6.9
24531,1.12680209,0.87782324,4.6
24544,1.13530388,0.88873921,5.5
24563,1.14259514,0.98622578,5.9
24577,1.14740192,1.04050058,6.1
24588,1.15292982,0.90647272,6.8
24589,1.15430913,0.8874114,6.9
24615,1.16507222,1.00505037,6.2
24670,1.18687138,0.94095223,6.6
24671,1.18695472,0.94092188,5.9
24672,1.18695632,0.94092184,5.9
24695,1.20029143,1.00217174,6.7
24702,1.2030524,1.03673813,6.6
24743,1.2213457,0.92641388,5.3
24744,1.22159194,0.93328214,5.4
24777,1.23613904,1.03883616,6.5
24829,1.25665771,0.99060045,5.4
24830,1.25587028,0.93028279,6.8
24834,1.25714423,0.97044636,6.3
24894,1.27916984,0.92224812,6.3
24904,1.28740722,0.96445406,5.6
24910,1.28792856,0.90067081,6.9
24919,1.29206012,0.92274821,5.8
24925,1.29514368,0.97431304,6.9
24927,1.29659717,1.03184627,6.9
24929,1.29715633,0.93815151,4.4
24943,1.30800166,0.92773859,6.4
25001,1.33579262,1.02926201,5.3
25003,1.33606183,1.03011354,6.4
25019,1.33813077,0.90055028,5.0
25087,1.37331421,0.92875912,6.2
25088,1.37526985,1.03682428,6.4
25112,1.38447123,0.9352532,6.5
25125,1.39392451,1.0143378,6.2
25137,1.40188867,0.94688766,6.8
25161,1.41136152,1.00433808,5.3
25241,1.45108303,0.99869786,6.5
25276,1.46863973,0.94996662,6.0
25298,1.47956251,0.98366917,6.9
25319,1.48937199,0.93342312,6.4
25333,1.49673961,0.98753483,6.2
25344,1.50088731,0.95757305,6.8
25362,1.51192048,0.97940319,6.1
25364,1.51369323,0.99351093,6.8
25366,1.51481649,1.02599243,6.6
25371,1.5140748,0.89921157,6.5
25377,1.51676464,0.95110898,6.6
25403,1.52963732,0.99342119,6.4
25411,1.53125946,0.89909803,6.4
25419,1.53715227,1.02911676,6.1
25447,1.548819,1.04524841,5.3
25450,1.54830834,0.97227115,4.9
25467,1.55439096,0.90414935,6.5
25502,1.5687332,0.94744655,3.9
25504,1.56975531,0.96553204,6.5
25505,1.56993072,0.95203008,6.3
25513,1.57151315,0.89153086,6.6
25530,1.5841998,0.99516012,6.6
25532,1.5845693,0.93447299,6.9
25548,1.59036299,0.90012588,6.3
25597,1.61436374,1.02862405,5.4
25613,1.62214086,0.91886538,6.3
25630,1.63081165,0.89312706,6.3
25636,1.64091457,1.03349773,6.8
25665,1.65641905,1.02993513,4.4
25678,1.66705451,1.0362411,6.0
25681,1.66578587,0.93291509,5.4
25693,1.67162138,0.99442844,6.7
25731,1.68612608,0.98236027,5.8
25733,1.68779847,1.01957248,5.5
25771,1.70512552,1.01513134,6.0
25814,1.72153518,0.96609186,6.5
25829,1.72803857,0.98412673,6.5
25832,1.72898315,1.01415667,6.7
25833,1.72964201,1.04133421,6.8
25842,1.73503872,0.99235291,5.8
25849,1.73807705,0.99817872,6.8
25916,1.76362932,0.93019693,6.4
25939,1.77253697,1.03745483,4.9
25947,1.77511453,0.99779033,5.5
25962,1.78112894,0.97222359,6.3
25963,1.78117337,0.97222751,6.3
26012,1.80242021,1.03757424,5.4
26050,1.82046611,1.0046711,6.1
26051,1.82070842,1.01966731,4.5
26083,1.83145354,0.91755096,6.7
26094,1.83794958,0.95743003,6.8
26097,1.83826651,0.96570483,6.5
26141,1.85886874,1.04374054,6.5
26144,1.8573095,0.92080391,6.9
26223,1.89101923,0.89760053,5.7
26248,1.90203648,1.04087127,5.3
26260,1.90922498,0.9098556,6.0
26274,1.91934723,1.03415742,6.9
26298,1.92984146,1.04548752,6.3
26311,1.93229016,0.96489762,6.5
26312,1.93237444,0.96484293,5.6
26333,1.94147532,0.90560306,5.9
26382,1.96763329,0.90755216,6.6
26407,1.98032344,0.89560145,6.5
26423,1.99309234,0.97311104,6.0
26443,2.00366532,0.94074604,6.6
26449,2.004338,0.88188884,6.8
26459,2.01073107,0.99628208,6.2
26467,2.01497804,0.95584396,6.9
26474,2.02024813,1.02468998,5.0
26488,2.024883,0.88023349,5.3
26535,2.05553956,0.94473165,6.0
26543,2.06214869,0.96358828,6.2
26579,2.07889171,0.98618923,6.5
26618,2.10026566,1.03057145,5.8
26620,2.09964054,0.95051974,6.8
26634,2.10572803,0.99961154,6.5
26658,2.11696519,1.00833309,6.9
26662,2.12075896,1.0340813,6.6
26687,2.13129653,0.89896087,4.9
26696,2.1357613,0.96439743,6.9
26701,2.13830155,1.01662278,6.0
26716,2.14309859,0.9293056,6.8
26717,2.14370342,0.95190539,6.5
26727,2.15270044,0.98659439,6.8
26732,2.15476866,0.98527846,5.9
26750,2.16843139,1.0330408,6.7
26756,2.17223919,1.03971242,5.5
26760,2.17408145,0.94498225,6.4
26763,2.1750504,0.95231573,6.6
26784,2.18356019,1.00780906,5.9
26788,2.18377901,0.93505142,6.4
26819,2.19828212,0.92885705,5.6
26876,2.22778298,0.94456419,6.7
26896,2.23645785,0.92702756,6.5
26907,2.24239706,1.02288536,6.8
26935,2.26181363,0.93203021,5.7
26940,2.2645631,0.92371488,6.5
26946,2.2658457,0.9199917,6.0
27026,2.3260816,1.03072533,6.1
27056,2.34493806,1.0161111,6.9
27096,2.3694955,0.87176127,6.8
27105,2.37367556,0.9474323,5.7
27111,2.37936708,0.88704236,6.7
27121,2.38550242,1.03575352,6.2
27136,2.39490226,0.90066916,4.5
27165,2.40828137,0.88034131,6.6
27185,2.42527215,0.99032193,5.5
27191,2.42683429,0.9428592,4.9
27214,2.44561142,0.915444,6.6
27215,2.44664349,0.89476306,6.1
27219,2.45097234,0.98958869,6.0
27246,2.46496305,0.90013499,6.4
27268,2.48428624,0.98158529,6.9
27271,2.48619338,0.97294228,6.5
27289,2.49955976,0.90193957,3.3
27298,2.50814424,0.90846962,4.6
27311,2.5163939,0.99431674,6.9
27340,2.53628985,0.97504869,6.7
27359,2.54431975,0.94882726,6.3
27377,2.55921148,0.99707233,5.4
27401,2.57867859,1.03042053,3.9
27408,2.58354951,0.94360067,4.5
27430,2.59930329,0.86952163,5.3
27432,2.60096921,0.91225727,6.8
27434,2.60244539,0.94673063,6.8
27438,2.60589307,1.00213669,6.0
27445,2.61175469,1.0289034,6.8
27450,2.61249551,0.87485283,6.6
27464,2.6173881,0.99155224,5.7
27503,2.63808916,0.94058833,5.7
27512,2.6405724,0.91404149,6.1
27564,2.67682027,1.0121798,6.9
27566,2.67790878,0.88132602,6.6
27600,2.70087527,0.89719712,6.8
27606,2.70633597,0.93862377,6.4
27609,2.707522,0.9462638,6.2
27665,2.75000171,0.88259497,6.7
27670,2.75162632,0.97704525,4.8
27682,2.76515088,0.93370601,6.4
27695,2.77141574,0.99628024,5.2
27707,2.78092996,0.98491082,6.7
27724,2.78856898,0.93668868,5.7
27748,2.80876847,0.99831398,5.8
27760,2.82033957,1.00122102,6.5
27791,2.84132999,0.98754574,5.8
27793,2.8422484,1.03532849,5.7
27809,2.84712819,0.91743901,6.7
27810,2.84720891,0.91636011,6.6
27811,2.84775411,0.90882281,6.9
27815,2.85175244,0.95268996,5.4
27831,2.86429271,1.0036175,6.8
27858,2.87673574,0.90552064,6.3
27868,2.88165335,0.89888073,6.5
27876,2.88782833,0.98405818,2.4
27877,2.88980724,1.02392208,6.8
27940,2.93006406,0.9450843,6.6
27952,2.93538644,0.95808545,6.5
27970,2.94989914,0.92106353,6.3
27999,2.97501538,0.99615002,6.3
28017,2.9930319,0.9747738,5.9
28035,3.00949581,0.99025614,6.1
28038,3.011631,0.94878959,6.5
28043,3.01640062,1.04197868,6.8
28064,3.03286671,0.95618358,5.8
28081,3.04508809,0.88344906,6.0
28093,3.05631878,1.01177794,6.1
28101,3.06185656,0.96294033,6.4
28142,3.0845502,0.97089437,5.4
28157,3.09898189,0.94688495,6.9
28179,3.1146735,0.93715042,2.5
28191,3.12402366,0.98783144,5.9
28291,3.19285268,0.99578849,6.5
28309,3.20583699,0.93261063,6.3
28315,3.208902,0.9954066,3.4
28327,3.21791685,0.92836152,6.0
28346,3.23255347,1.00991746,5.7
28366,3.24641916,0.899932,5.0
28375,3.25090982,0.99095669,6.0
28394,3.26195347,0.97237073,5.8
28405,3.27229803,1.01937317,5.4
28407,3.27270215,0.8994643,6.3
28408,3.27280411,1.02568608,6.2
28413,3.2761347,0.92636026,6.2
28444,3.30036846,1.03824144,5.5
28519,3.35017935,0.87539859,6.8
28553,3.37733988,0.97668407,1.7
28572,3.38721669,0.94421246,6.0
28601,3.40657843,0.98377975,4.9
28613,3.41505942,1.04224673,6.3
28679,3.46280749,0.98974165,6.7
28737,3.50778818,0.95862883,2.4
28738,3.50785116,0.95856479,4.0
28751,3.51345672,0.95972335,4.0
28763,3.52552902,0.92058933,6.2
28766,3.52641841,0.88291431,6.8
28771,3.52888958,0.88520123,6.3
28803,3.55227568,0.96601395,5.5
28818,3.56578089,0.91791859,6.9
28819,3.56795986,0.88513762,6.6
28831,3.57464098,0.90415313,6.5
28832,3.57577188,0.92365117,5.3
28836,3.57960957,0.88172948,6.3
28838,3.57947395,0.9984603,6.1
28842,3.58107194,0.92104583,6.9
28843,3.58114212,0.95437638,4.8
28866,3.59499349,0.90869564,5.8
28878,3.6007042,0.97527869,6.4
28885,3.60669759,0.95003129,5.5
28901,3.62356918,1.021706,6.4
28903,3.62589847,0.93010521,6.8
28928,3.63835736,0.93774301,5.6
28947,3.65520756,0.94090715,6.8
28955,3.66049977,0.92688643,6.7
28989,3.67826147,0.88962671,6.0
29019,3.70344432,1.03563625,6.5
29033,3.71329321,1.02187321,6.9
29045,3.72393223,0.90386515,6.6
29046,3.72402546,0.90390869,4.6
29059,3.73186672,0.91692385,6.4
29070,3.73499791,0.98941096,6.6
29071,3.73572637,0.89652783,4.9
29086,3.74090032,0.89548146,6.1
29090,3.74284738,0.96735412,6.7
29094,3.7460065,0.90814925,6.7
29098,3.74778863,0.95755996,6.5
29137,3.77513263,0.90496694,4.1
29165,3.79011381,0.86995592,5.6
29191,3.80706801,0.96687571,6.0
29202,3.81470891,0.99597665,6.3
29224,3.8310561,0.90021475,6.8
29227,3.8321017,0.94288601,5.5
29274,3.86760439,0.98814245,6.6
29296,3.88134573,0.89665733,6.4
29315,3.8896407,1.03487519,5.7
29372,3.92513342,0.94003894,6.8
29393,3.94165369,0.97799796,6.8
29407,3.95438536,0.95218784,5.2
29420,3.96331752,0.87362364,6.3
29464,3.99612571,0.88904323,6.5
29479,4.00884669,1.02107875,6.9
29487,4.01463187,0.90684714,5.5
29514,4.03426995,0.9462016,6.8
29520,4.03576541,1.02915138,3.5
29527,4.04280025,0.94282764,6.2
29540,4.0532947,0.96333123,6.3
29542,4.05293094,1.00260226,6.9
29583,4.0808901,0.94111484,6.0
29588,4.08385963,0.95348195,5.7
29589,4.08436839,0.9087895,6.5
29597,4.09076008,0.95135963,6.0
29600,4.09529175,0.880051,5.9
29609,4.09785324,1.01097412,6.5
29628,4.11394401,0.91387117,5.5
29655,4.13023397,0.96821665,5.9
29668,4.13482681,0.96650662,5.8
29671,4.13438247,1.03966922,6.8
29691,4.15025021,0.92340256,6.5
29698,4.15509204,0.97436123,5.9
29723,4.170591,1.02820163,6.2
29727,4.17914835,0.95556418,5.0
29737,4.18473639,0.87058817,5.9
29739,4.18497513,0.88381471,6.7
29763,4.19791682,0.92355692,6.2
29765,4.19703158,1.02215692,4.1
29777,4.20255663,1.03691611,6.2
29823,4.22826955,1.01120372,6.3
29825,4.22995045,0.97439967,6.6
29874,4.26408473,1.04292101,5.6
29897,4.2778369,0.9082515,6.7
29929,4.29542466,0.91262103,6.7
29930,4.29478594,0.96570886,6.9
29931,4.29535245,0.96351105,5.7
29956,4.31411764,0.8972313,6.4
29989,4.3370813,0.91172451,6.8
30012,4.34670258,0.92328174,5.6
30013,4.34686918,0.92370576,5.6
30026,4.35463204,0.97765772,5.4
30055,4.37406636,0.87155426,6.6
30062,4.37629994,0.97197822,6.2
30076,4.38643376,0.99103111,4.9
30161,4.43360165,0.8733437,6.7
30190,4.44779365,0.98940107,6.1
30196,4.44986892,1.02036147,6.7
30200,4.45599379,0.91812759,6.7
30239,4.47384298,0.95068729,5.1
30260,4.48465609,0.97333323,6.9
30262,4.48674067,0.88736626,6.3
30277,4.49645401,0.91470636,6.1
30354,4.54552067,0.9323608,6.0
30366,4.55259921,0.99504188,6.5
30380,4.56142345,0.92137046,6.6
30387,4.56439008,1.02366911,6.5
30429,4.58337693,0.91283178,3.0
30434,4.58467466,1.01013345,6.5
30447,4.59098235,0.96314783,5.0
30450,4.59138021,0.96294949,5.0
30464,4.59688593,1.004593,6.2
30515,4.62774618,1.00025813,6.8
30522,4.63106762,0.90439394,6.1
30538,4.64252243,0.93901831,5.7
30591,4.66470244,0.88629637,5.2
30593,4.66457547,0.9458743,6.6
30631,4.68415195,0.99261485,3.9
30645,4.69228955,0.97688304,6.1
30653,4.69758095,0.8986519,2.4
30711,4.7233559,1.02323753,6.7
30739,4.73645438,0.90665147,6.9
30751,4.74245649,0.88703058,6.4
30784,4.75832714,0.94748214,5.9
30836,4.77646227,0.98765128,6.4
30841,4.77895373,0.94494021,6.8
30897,4.79937175,0.89618672,6.3
30917,4.8061549,0.89537407,6.7
30932,4.80924814,0.89957557,6.7
30943,4.81622102,0.930273,6.2
30949,4.81671204,1.02626494,4.9
30990,4.83327223,1.03933043,6.5
31032,4.85284013,0.90959002,6.4
31039,4.8545203,0.99563539,5.0
31051,4.86050329,0.91374434,5.4
31055,4.86298152,0.90376838,6.7
31086,4.88192314,0.91358111,6.9
31093,4.88639634,0.91099589,5.9
31119,4.89840748,0.96934675,5.1
31133,4.90211987,0.94024096,6.1
31151,4.90840305,0.95812782,6.3
31165,4.916235,0.9248154,5.8
31217,4.9374606,0.92458904,5.6
31218,4.93579592,1.03652268,4.9
31219,4.93580276,1.03652302,4.8
31232,4.93945283,1.04139787,6.7
31241,4.94463289,0.88502495,5.0
31252,4.94701032,1.00333403,6.4
31253,4.94689593,1.0475025,6.9
31284,4.96000568,1.00905799,5.7
31292,4.96316632,1.01622116,6.3
31304,4.96979785,0.8867905,6.4
31311,4.97519506,0.88197479,5.2
31323,4.97734247,0.97142122,5.5
31337,4.98342611,0.91212894,6.4
31371,4.99565388,0.93194881,5.4
31413,5.01096987,0.91499841,5.9
31415,5.01152656,0.8790153,6.8
31468,5.02513504,0.99237967,5.2
31497,5.03492626,1.00714234,5.3
31503,5.0367446,0.9763461,6.9
31537,5.04881239,0.93145585,4.0
31574,5.05974288,0.94904212,6.2
31587,5.06262217,1.00609897,6.1
31603,5.06843302,0.91414121,6.9
31604,5.06766777,1.00822139,6.5
31623,5.07627479,0.87740087,6.3
31652,5.08666793,1.01276923,6.5
31673,5.09388341,0.91316489,5.7
31702,5.10380517,0.90285499,3.9
31711,5.10598676,0.96731243,6.8
31716,5.1060032,0.98863128,6.8
31724,5.10757981,0.97976133,6.6
31737,5.11085827,0.87801774,5.7
31741,5.11043691,0.97270772,6.5
31745,5.11000531,1.02251821,6.7
31746,5.11152265,0.96455098,6.9
31782,5.12398111,0.89424659,5.6
31792,5.12697158,0.91634328,6.6
31804,5.13097115,0.87682947,6.6
31813,5.13095137,0.99455202,6.7
31815,5.13319244,0.87652151,4.6
31822,5.13485938,0.87615199,5.6
31850,5.14299276,0.9594759,5.9
31898,5.1566424,0.88183095,6.3
31899,5.1568634,0.88169641,6.4
31906,5.15774937,0.96801613,6.5
31923,5.1628717,1.01257793,6.3
31933,5.16468829,0.99558065,6.4
31979,5.17669674,0.94956272,6.8
32016,5.18475885,1.03712506,6.7
32025,5.18828267,0.93841966,6.9
32042,5.19509789,0.92481584,5.2
32085,5.2067108,1.0039769,5.0
32093,5.20802111,1.04211423,6.0
32114,5.21691814,0.91523233,4.8
32116,5.21577626,1.01666035,6.2
32122,5.21819732,1.02705621,5.1
32128,5.21991451,0.98937542,6.1
32130,5.22181634,0.88841501,6.3
32170,5.23274443,0.90854428,6.0
32272,5.25829277,0.90477005,6.3
32276,5.25936579,0.98334424,6.2
32286,5.26317737,0.92791865,5.7
32296,5.26736761,0.87666633,6.5
32322,5.27687202,0.97785295,6.6
32350,5.28827753,1.04180919,6.9
32354,5.29065663,0.89820878,6.4
32377,5.29469765,0.96222387,6.8
32378,5.29444785,0.98729329,4.3
32393,5.30222947,0.97140047,6.6
32400,5.30459207,0.87672829,6.3
32433,5.30936394,0.97808372,6.9
32443,5.31379039,0.94810779,6.7
32455,5.31633057,0.96686509,6.0
32491,5.32546802,0.93542768,6.4
32519,5.33643582,0.95422338,6.6
32534,5.3430616,0.93465959,6.5
32562,5.34544317,1.04021837,6.5
32590,5.35114378,0.98853321,6.2
32627,5.36449511,0.97857867,5.9
32649,5.37278383,0.91297562,6.3
32667,5.37462951,0.99099557,6.3
32709,5.38800717,0.90502817,6.3
32737,5.39835399,0.92455099,6.6
32763,5.40616994,0.97747296,6.5
32809,5.42016668,0.87860025,5.4
32812,5.42046499,1.00155346,6.9
32832,5.4245948,0.99683065,6.4
32849,5.4295732,0.98590202,6.2
32862,5.43387319,1.00495661,4.6
32877,5.43824145,0.9249417,6.4
32897,5.44490541,0.91468052,6.3
32908,5.44853541,0.90600837,6.3
32921,5.45244094,0.89560974,6.7
32922,5.45117565,1.02535854,6.7
32933,5.45890972,0.89740394,6.8
32955,5.46441376,0.96082867,6.7
32976,5.47026279,1.03511037,6.8
33001,5.48127197,0.89142784,6.4
33004,5.4821839,0.88538027,5.8
33005,5.48157005,0.99287757,6.1
33034,5.49124972,0.88073023,5.5
33047,5.49553654,0.97634116,6.9
33048,5.49526536,1.03739729,5.8
33075,5.50614087,0.99609363,6.7
33076,5.50613862,1.00820588,6.9
33078,5.50717403,0.98907561,5.7
33091,5.51276912,0.87880915,6.5
33098,5.51434995,0.93000718,6.1
33185,5.54255578,0.93485488,5.7
33203,5.54864967,0.93804956,6.9
33210,5.54929196,1.04696169,5.6
33281,5.57210697,0.94243436,6.0
33287,5.57299993,0.97385911,6.2
33288,5.57333365,1.02296535,6.4
33318,5.58183915,1.02317382,5.8
33323,5.58365523,0.92603859,6.8
33386,5.60235266,0.90158483,6.9
33434,5.61450436,0.92325605,6.0
33443,5.61744386,1.04283583,6.4
33458,5.62379424,0.96723646,6.1
33477,5.63016746,0.92429093,6.1
33495,5.63316244,1.03704584,6.9
33496,5.63436418,0.91098517,6.8
33497,5.63505256,0.91839089,6.2
33540,5.64814064,0.90230822,6.0
33596,5.66204226,0.9432152,6.2
33626,5.66778367,1.00337321,6.0
33642,5.67196548,0.89844571,6.8
33654,5.67514903,0.94814726,6.9
33656,5.67546966,0.95769702,6.2
33665,5.68145825,0.89342905,4.8
33683,5.68434815,1.0344756,6.2
33693,5.68762377,1.02590502,4.0
33717,5.69261112,1.01622765,6.9
33722,5.69503189,0.91224176,6.7
33794,5.71613307,0.91973664,6.6
33819,5.72475129,0.97383797,5.5
33832,5.72956687,0.9810951,6.9
33835,5.73048295,0.94242621,6.6
33864,5.73726959,0.98805242,6.0
33865,5.73774345,0.94135279,6.9
33875,5.74032282,0.9292691,6.8
33894,5.74412539,1.04362108,6.8
33943,5.75689487,1.00632931,6.5
33985,5.76762385,0.92296962,5.7
33990,5.76864595,1.01229853,5.5
34016,5.7765976,1.04396152,6.7
34055,5.78675055,0.98337265,6.2
34072,5.79082713,1.02696409,6.3
34076,5.79198762,0.93038766,6.5
34126,5.80395367,0.9788459,6.9
34137,5.80694946,1.0158031,3.6
34143,5.80830413,0.88703446,5.4
34149,5.80981616,1.03697879,5.2
34151,5.81111992,0.99203225,5.4
34158,5.8117225,1.03122173,6.5
34227,5.8251811,0.99559743,4.2
34256,5.83132582,0.99868205,6.0
34325,5.84729776,0.99340801,6.5
34335,5.84973533,0.88978272,6.5
34338,5.84965134,1.01944997,6.5
34383,5.85995424,0.99980309,6.2
34387,5.86044991,0.97674869,6.8
34395,5.86238781,0.91156845,4.6
34425,5.86891643,0.89458586,6.9
34460,5.87734302,0.98495223,6.4
34508,5.88686867,1.0195366,4.0
34511,5.88774351,0.94677043,6.6
34519,5.8900152,0.91484511,6.6
34542,5.89612175,0.87759562,3.9
34555,5.90057932,0.94313016,6.5
34574,5.90652704,0.98829123,5.8
34605,5.91606977,0.97860713,6.3
34614,5.91866144,1.01973397,6.9
34628,5.92265868,0.89963331,4.8
34651,5.92814912,0.99127226,5.5
34659,5.93014883,1.02847671,6.9
34664,5.9322529,0.89283772,6.7
34682,5.93545463,0.9397898,6.1
34694,5.93868742,0.90335944,6.8
34713,5.94436243,0.94088804,6.3
34734,5.94832949,0.98451352,6.9
34757,5.95514762,0.91659961,6.7
34761,5.95619584,1.01485626,6.5
34793,5.96245357,0.95769115,6.8
34818,5.96603055,0.93167944,6.7
34824,5.96635154,1.02071824,6.3
34845,5.97250034,0.94972251,6.1
34852,5.97468302,0.88970757,6.8
34858,5.97675254,0.97568971,5.6
34862,5.97849416,0.88448041,6.4
34917,5.9902803,0.87985524,6.4
34921,5.99112147,1.04896276,6.3
35022,6.01777098,0.91899221,6.4
35023,6.01797184,0.91285898,6.9
35026,6.0176744,1.04396588,6.4
35039,6.02175673,0.99388846,5.5
35062,6.02798399,0.99667778,6.5
35086,6.03194902,1.04462329,6.9
35092,6.03329685,0.96405923,6.5
35103,6.03604749,1.02214679,6.5
35130,6.04285049,0.98943055,6.7
35147,6.05024647,1.03707202,4.9
35151,6.05266666,0.92182027,6.3
35152,6.05268716,1.04244129,6.3
35186,6.06386258,1.0355549,5.6
35210,6.07109915,0.88612727,6.8
35236,6.0793435,0.99777691,5.6
35251,6.08351448,0.88344887,6.3
35285,6.09427749,0.92874928,5.6
35361,6.11974199,1.04952587,5.9
35378,6.12454346,0.94301982,6.8
35386,6.12668629,1.00418207,6.8
35407,6.13308597,0.92466724,6.9
35478,6.15242851,1.02187224,4.9
35498,6.15826642,1.03263098,6.9
35640,6.1916622,0.912151,6.7
35642,6.19216304,0.88089667,5.3
35682,6.20424676,0.99937631,6.3
35698,6.20938828,0.90651946,6.6
35700,6.2094114,0.92768802,6.5
35728,6.21688403,0.97388713,6.6
35761,6.2266005,1.00271638,5.8
35763,6.22671867,1.02366911,5.1
35794,6.23474871,1.0468274,6.4
35798,6.23606258,1.0290997,6.4
35823,6.24117021,0.90096897,6.5
35879,6.25868161,1.00355477,4.8
35897,6.26373783,0.92040932,6.8
35899,6.26382292,1.00202993,6.0
35917,6.27071166,0.97224846,5.7
35922,6.27253298,1.04760993,6.4
35934,6.27495077,0.88047551,6.8
35938,6.27626479,0.8968993,4.8
35947,6.27886067,0.97310697,4.9
35983,0.00224748,1.03951243,6.4
36018,0.01370265,0.74609233,6.7
36025,0.0161432,0.84538634,6.8
36037,0.02012372,0.73464855,6.0
36042,0.02253569,0.78939623,6.5
36057,0.02649912,0.70543445,6.7
36123,0.04503386,0.8041128,5.1
36148,0.0522921,0.84042156,6.3
36157,0.05484275,0.78028798,6.6
36160,0.05585781,0.80452086,6.6
36173,0.05896915,0.71620332,5.7
36202,0.06673965,0.77149511,6.6
36221,0.0713828,0.76087328,6.0
36234,0.07373907,0.86326937,6.8
36236,0.07484052,0.8368494,5.8
36256,0.08160309,0.76429912,6.0
36269,0.0859251,0.71086669,6.4
36272,0.08764607,0.85286125,6.3
36277,0.08950572,0.85466471,6.6
36330,0.10510307,0.77256403,6.6
36374,0.11872537,0.87241306,6.7
36390,0.12317334,0.7748301,5.2
36436,0.13620317,0.76701219,6.6
36453,0.14157442,0.75912776,6.4
36509,0.16046564,0.77647279,5.4
36517,0.16336653,0.70393681,6.8
36542,0.16883893,0.81955387,6.8
36550,0.17088926,0.86139712,5.7
36602,0.18966733,0.82073502,5.0
36617,0.19390281,0.83538691,5.5
36620,0.19515195,0.84272127,4.7
36640,0.20150226,0.78297952,6.0
36699,0.21735487,0.71696157,4.4
36702,0.21949799,0.78543588,6.1
36763,0.24036144,0.84960349,6.6
36771,0.24190496,0.70480206,6.9
36785,0.24657641,0.75012176,6.6
36795,0.25159401,0.80005432,6.2
36817,0.25621601,0.82094693,6.8
36832,0.26204402,0.78035697,6.8
36833,0.26206002,0.7803944,6.0
36853,0.2681249,0.86471955,6.9
36874,0.27447251,0.72160866,5.9
36875,0.27499982,0.82686903,6.4
36891,0.2787749,0.83151548,6.7
36936,0.29336352,0.86490896,6.7
36950,0.29677084,0.76693622,5.2
36972,0.30326361,0.82452505,4.3
36984,0.3067939,0.73446058,5.7
36999,0.31057225,0.80606015,6.9
37023,0.31663356,0.79129238,6.6
37067,0.33340079,0.83919314,6.5
37069,0.33374048,0.7494311,6.7
37077,0.33634349,0.7836859,6.5
37087,0.33946901,0.85535547,6.8
37096,0.34108206,0.82763188,6.4
37123,0.34943121,0.73252613,6.9
37148,0.35720738,0.87479199,6.8
37154,0.35870698,0.76068648,6.6
37155,0.3592777,0.79462659,5.0
37177,0.36788523,0.75297169,6.6
37204,0.37659915,0.75848048,6.1
37214,0.3783844,0.76256683,6.9
37227,0.3815433,0.71733779,6.4
37228,0.38246883,0.79249739,5.0
37234,0.38302523,0.70398743,6.4
37241,0.3848819,0.76880411,6.6
37248,0.3864612,0.73769856,6.6
37275,0.39314959,0.8204309,5.3
37344,0.41833535,0.71691896,6.4
37351,0.4208591,0.85037338,6.2
37362,0.42235739,0.72266114,4.2
37371,0.42648335,0.84495423,6.8
37375,0.42757476,0.84872244,3.8
37393,0.42990914,0.79238147,6.3
37406,0.43349608,0.77468417,5.2
37410,0.43459477,0.80071891,6.7
37415,0.43617312,0.72721892,6.9
37416,0.4366584,0.71005996,6.8
37418,0.43886166,0.7082023,4.9
37419,0.43922709,0.75568805,5.5
37434,0.44412484,0.74374578,5.1
37452,0.44776495,0.70471867,6.8
37460,0.45062511,0.79101982,6.5
37475,0.45571325,0.80529177,6.5
37513,0.47036594,0.80686048,6.3
37536,0.47674076,0.83596108,6.0
37587,0.49432044,0.71086911,5.6
37607,0.50132947,0.71038522,6.5
37625,0.50849128,0.73115541,6.8
37648,0.5148133,0.82197333,6.5
37652,0.51454597,0.71139712,6.8
37653,0.51461317,0.72770417,6.6
37665,0.5173121,0.85877612,5.8
37701,0.52894356,0.7192865,6.9
37734,0.54061406,0.73879283,2.3
37735,0.5406689,0.738813,5.1
37763,0.54990467,0.72487383,6.7
37794,0.5609454,0.77596243,6.5
37804,0.56312263,0.7324216,6.9
37867,0.58128962,0.77198967,5.1
37878,0.58487125,0.82875447,6.0
37889,0.58805946,0.81485127,6.7
37891,0.58850241,0.8514149,6.9
37905,0.59325857,0.83446824,6.4
37947,0.60729233,0.81109697,6.1
37948,0.60772314,0.82693685,5.1
37949,0.60815285,0.854432,6.4
37955,0.61387906,0.82573112,6.1
37960,0.61509592,0.87530817,5.6
37986,0.62324108,0.7224997,5.9
38002,0.62848536,0.73481939,6.8
38005,0.630128,0.87277865,5.5
38067,0.65348531,0.80340027,6.8
38099,0.66485809,0.70288811,6.7
38133,0.67488341,0.87380937,6.9
38161,0.68330491,0.74003837,6.7
38207,0.69965654,0.86498712,6.5
38274,0.71135635,0.84239073,6.6
38285,0.71379821,0.75987825,6.7
38288,0.71645693,0.85919936,4.2
38289,0.71595929,0.77312884,5.6
38335,0.73093778,0.77269895,6.7
38357,0.73820155,0.82409202,6.7
38397,0.74916047,0.81754689,6.0
38400,0.74996238,0.78354816,6.7
38418,0.75639414,0.84769706,6.5
38424,0.75929822,0.82311478,6.7
38455,0.7703719,0.82316714,6.1
38485,0.7802637,0.75685209,6.9
38492,0.78393652,0.71616342,6.1
38493,0.78466353,0.82415761,5.6
38527,0.79792025,0.82223891,6.8
38543,0.80259795,0.83512002,6.6
38559,0.80872616,0.70829582,6.2
38587,0.81938547,0.82568846,6.4
38592,0.8210415,0.71481142,2.9
38597,0.82495969,0.86591646,4.2
38609,0.82683192,0.78290792,4.0
38631,0.83769383,0.80508267,6.8
38635,0.83845843,0.7396016,6.0
38638,0.8396787,0.83297623,6.4
38652,0.84386669,0.84084548,6.0
38674,0.85060461,0.74183174,6.2
38685,0.85555145,0.79143458,6.4
38700,0.86040522,0.70656702,6.4
38704,0.86302146,0.76838004,5.4
38714,0.8688569,0.87432206,5.1
38750,0.87895996,0.75624496,5.0
38753,0.88085538,0.85644557,6.2
38768,0.88671402,0.85893562,5.3
38787,0.89152662,0.87024206,1.9
38809,0.89516592,0.72007272,6.4
38817,0.89865789,0.85732212,5.9
38838,0.90359019,0.84134557,6.9
38849,0.90779549,0.85630769,4.9
38855,0.9089109,0.77452917,6.9
38862,0.91138148,0.87001905,5.6
38872,0.91354147,0.86409327,4.7
38874,0.91384196,0.81921852,6.2
38890,0.91880546,0.83767523,4.5
38893,0.91899075,0.8395646,6.0
38898,0.91955435,0.73656303,6.9
38906,0.92280059,0.85887357,6.3
38908,0.92307795,0.83535424,6.8
38910,0.92286451,0.71140241,6.6
38912,0.92423467,0.86220962,6.3
38913,0.92458235,0.85057647,6.6
38917,0.92564868,0.83816858,5.5
38924,0.92693389,0.80384717,5.4
38925,0.92630165,0.71420822,6.8
38927,0.92786626,0.78287791,6.3
38937,0.9309243,0.83688659,6.7
38971,0.94237177,0.82189566,6.8
38980,0.9446151,0.84112076,4.3
38999,0.95122051,0.74321312,6.3
39004,0.9531579,0.85880749,6.8
39053,0.97269308,0.83405023,3.1
39063,0.97784718,0.84689852,6.3
39071,0.98035697,0.80458733,6.1
39078,0.98259419,0.74313521,3.9
39082,0.98400172,0.73316216,6.8
39085,0.98605729,0.79730082,5.6
39128,0.99979761,0.76729905,5.9
39134,1.00389281,0.78483689,5.8
39175,1.01946965,0.84911209,5.9
39195,1.0296087,0.83551006,5.3
39212,1.03529942,0.73095145,6.8
39272,1.06190668,0.85243902,6.9
39308,1.07353595,0.81900516,6.6
39331,1.0830544,0.75382763,6.7
39336,1.08499004,0.83274075,4.0
39341,1.08622071,0.72438174,6.9
39404,1.11220023,0.84490211,4.3
39409,1.11216365,0.70657463,4.9
39447,1.12633172,0.73550322,6.1
39457,1.13106688,0.87351727,5.5
39461,1.13104717,0.73969046,6.9
39468,1.13551165,0.72968958,6.1
39483,1.14123662,0.81155662,4.9
39501,1.15016114,0.74050771,6.0
39509,1.15392,0.72832066,6.9
39540,1.16680336,0.81773839,6.7
39602,1.19275423,0.75104717,6.8
39604,1.19299727,0.75160646,6.1
39639,1.20728293,0.72020551,4.5
39679,1.22253216,0.71190337,6.7
39688,1.22784706,0.84301109,5.7
39699,1.23440797,0.75686475,5.3
39702,1.23638993,0.87220633,5.8
39715,1.24012472,0.71186618,6.1
39741,1.24986148,0.73912556,6.6
39746,1.25114022,0.70359191,6.1
39799,1.27040495,0.85068303,5.8
39819,1.27565671,0.80180116,6.7
39826,1.27756581,0.74327697,5.6
39851,1.28654488,0.76900802,6.0
39884,1.29609757,0.87130007,6.9
39921,1.30771718,0.73082492,6.7
39955,1.31758832,0.76486,3.5
39966,1.3198094,0.71690805,3.9
39979,1.32344303,0.72329319,6.2
39988,1.32763924,0.79900048,6.5
40008,1.33280047,0.81884735,6.6
40026,1.33742253,0.7196776,3.3
40029,1.33878702,0.7535413,6.2
40052,1.34857839,0.85733584,6.6
40077,1.35574987,0.819644,5.6
40110,1.36243972,0.69990801,6.8
40183,1.38078226,0.81011581,6.9
40186,1.38181775,0.80281742,0.2
40214,1.38869165,0.74686706,5.9
40224,1.39047691,0.7062485,6.3
40229,1.39156927,0.71724946,6.8
40233,1.39251574,0.69986059,4.9
40242,1.39643335,0.77537309,6.7
40248,1.39734267,0.71708855,5.5
40251,1.39911781,0.8196758,6.5
40269,1.40414844,0.7296298,5.1
40290,1.40865,0.71609701,5.6
40345,1.42966428,0.75692161,6.8
40347,1.4307754,0.84171281,6.7
40360,1.43562399,0.73776551,6.8
40387,1.44342118,0.72364643,6.1
40426,1.455073,0.7349405,6.3
40466,1.46723358,0.83279297,6.0
40481,1.46988888,0.70131091,6.2
40507,1.47798677,0.73023218,6.9
40512,1.47978744,0.72183764,6.6
40559,1.49762616,0.72773932,6.7
40583,1.50927587,0.86963275,5.5
40584,1.50894382,0.70698353,6.5
40591,1.51153062,0.83606245,6.7
40609,1.51514607,0.74223283,6.4
40707,1.55309774,0.72122779,6.5
40720,1.55805971,0.85572654,6.4
40726,1.56041525,0.80113512,6.6
40743,1.56801827,0.87134458,6.1
40746,1.56826451,0.79620602,6.6
40750,1.56874069,0.78448051,2.1
40756,1.57051424,0.80174904,4.6
40769,1.57217543,0.77827712,6.4
40778,1.57505798,0.8360467,5.7
40789,1.5782811,0.85450656,6.2
40801,1.58306446,0.87101602,6.0
40802,1.5828039,0.83443348,6.5
40808,1.58342138,0.75709736,6.5
40818,1.58519464,0.7489472,6.1
40830,1.59043186,0.77249378,6.7
40840,1.59286209,0.75017233,5.9
40844,1.596435,0.84211225,6.5
40868,1.60329239,0.73049403,6.3
40872,1.60502965,0.74465336,6.9
40881,1.60737603,0.7165552,6.4
40919,1.61994313,0.83612975,6.8
40924,1.62144476,0.85020088,6.8
40925,1.6214564,0.85016922,6.1
40999,1.64749278,0.81025553,6.5
41010,1.6505618,0.80914405,6.5
41039,1.66372616,0.73897367,6.7
41062,1.67397627,0.70723107,6.9
41076,1.67943536,0.86023696,5.1
41109,1.69232295,0.82737881,6.3
41130,1.7019147,0.81481748,6.0
41134,1.70353029,0.72259128,6.6
41168,1.71549081,0.8111663,6.8
41232,1.73957127,0.72573554,6.8
41239,1.74241252,0.74157004,5.1
41245,1.74518344,0.76818786,6.5
41251,1.746267,0.77374804,6.8
41253,1.74688441,0.71505049,6.9
41288,1.75878123,0.77709946,5.2
41305,1.76405038,0.70900374,6.9
41308,1.76617743,0.77677595,6.8
41330,1.7747339,0.76056974,5.3
41346,1.77874962,0.85153853,5.3
41380,1.79230384,0.72922348,5.0
41406,1.80260543,0.78259352,6.1
41422,1.80975539,0.85355041,6.9
41426,1.81188091,0.79982326,6.5
41429,1.81185022,0.76637427,6.0
41446,1.81748836,0.80763695,5.8
41450,1.81921326,0.81515641,6.0
41463,1.82220322,0.78704255,4.8
41469,1.8234371,0.72789398,6.9
41475,1.82969032,0.7385336,6.6
41538,1.85506443,0.83382994,6.4
41612,1.88473946,0.86899919,6.9
41614,1.88503566,0.76520238,6.8
41625,1.89024139,0.83089793,6.6
41643,1.90079649,0.79254892,6.7
41644,1.90169185,0.8244947,5.5
41679,1.91129581,0.71355067,5.8
41681,1.91345791,0.86332673,4.8
41705,1.92444963,0.74448173,6.6
41708,1.92550075,0.7893843,5.6
41738,1.93793077,0.70986574,5.3
41764,1.94915724,0.85890547,4.5
41772,1.95030036,0.75499991,6.7
41783,1.95539657,0.8119532,6.8
41784,1.9556159,0.80269181,6.9
41795,1.95792803,0.83637007,6.9
41797,1.95852107,0.84096581,5.6
41799,1.95861118,0.8083393,6.6
41808,1.96320343,0.86694916,5.4
41864,1.98585053,0.84964141,6.9
41877,1.98938519,0.75103268,6.3
41879,1.99197496,0.80599843,5.8
41887,1.99533727,0.69858078,6.6
41893,1.99795984,0.85126194,5.9
41921,2.0081309,0.71844913,6.7
41934,2.01239895,0.84005373,5.8
42034,2.05977519,0.80168005,6.5
42055,2.07034316,0.82704259,6.4
42058,2.07131916,0.83015912,5.7
42097,2.08687273,0.76755115,6.5
42174,2.1256642,0.75503845,6.2
42199,2.13534445,0.7405545,6.4
42232,2.15314623,0.84265684,6.8
42242,2.15905162,0.75110443,6.7
42281,2.1754719,0.8208985,6.9
42293,2.18135991,0.69610615,6.8
42319,2.19403529,0.75377474,4.4
42342,2.20222714,0.73312759,6.2
42369,2.21487525,0.79679487,6.3
42408,2.23043974,0.70205021,6.7
42433,2.24491302,0.8227404,6.6
42434,2.24664483,0.84707286,6.8
42490,2.27336815,0.79995382,5.5
42508,2.28203312,0.81858046,6.2
42576,2.3210589,0.76317266,5.2
42580,2.32213403,0.79085416,6.1
42581,2.32201382,0.73308109,6.1
42610,2.34120509,0.79873195,6.9
42611,2.34095886,0.70164253,5.9
42612,2.34237446,0.79642772,5.9
42613,2.34364695,0.77508681,6.9
42630,2.3527367,0.8384841,3.1
42634,2.35359315,0.79828858,6.6
42642,2.35898636,0.72924632,4.1
42661,2.37201365,0.82303769,3.7
42682,2.3797648,0.84701372,5.6
42759,2.4164234,0.75429324,5.3
42790,2.43264122,0.81711564,5.7
42803,2.4402129,0.81932421,6.9
42820,2.44954321,0.79185549,6.6
42825,2.45452649,0.86472333,6.9
42876,2.48127213,0.79589768,5.6
42914,2.50070703,0.86286484,6.5
42916,2.50101231,0.79437463,6.6
42924,2.50597159,0.81859946,6.4
42931,2.51053708,0.69748952,6.6
42933,2.51260217,0.84633347,6.9
42958,2.52358116,0.7023139,5.2
42962,2.52714324,0.75300776,6.6
42990,2.54259173,0.84528366,6.3
43003,2.54868176,0.73392055,6.8
43030,2.55999819,0.787394,6.8
43046,2.56820742,0.80321807,5.2
43115,2.60788864,0.71655632,5.2
43117,2.60903663,0.7926295,6.5
43220,2.66591138,0.70967749,6.5
43223,2.66759875,0.8631408,6.8
43268,2.69259209,0.74899729,3.5
43270,2.69345282,0.7237414,6.9
43276,2.69892458,0.75133714,6.6
43279,2.70030877,0.76879082,6.7
43281,2.70082197,0.81613016,6.5
43285,2.70285106,0.84467779,6.1
43296,2.70988714,0.7304089,6.7
43309,2.7147518,0.7195912,5.9
43310,2.71542281,0.7243033,3.2
43344,2.73783931,0.72607156,5.8
43350,2.7404128,0.85457715,6.8
43351,2.74044691,0.85145505,6.5
43356,2.74282092,0.78910035,6.5
43379,2.76299431,0.70555648,4.8
43444,2.8080094,0.80640941,5.3
43460,2.81584084,0.79528235,6.9
43475,2.82760843,0.71749831,6.9
43512,2.85352213,0.75380698,4.8
43535,2.86339459,0.73318383,6.1
43557,2.87746391,0.70564103,5.1
43562,2.88086061,0.79458456,5.7
43564,2.88129301,0.74894585,6.1
43565,2.88285356,0.74580673,6.7
43627,2.92186508,0.75411503,6.0
43629,2.92195642,0.77664558,3.1
43649,2.93943698,0.71713262,6.5
43675,2.95264905,0.86352356,6.0
43702,2.96938523,0.78536626,6.7
43717,2.97881772,0.70119049,6.6
43719,2.97939361,0.75891779,5.1
43748,3.00127604,0.78861742,6.5
43750,3.00168168,0.77782707,6.9
43751,3.00176306,0.78326256,6.9
43784,3.01250985,0.81432923,6.5
43786,3.0127651,0.76058753,6.8
43787,3.012956,0.75351478,5.9
43790,3.01454017,0.8365206,6.4
43793,3.01579987,0.85153136,6.4
43831,3.04390876,0.78044831,6.6
43837,3.04709616,0.76140716,5.5
43839,3.04803442,0.8174139,6.3
43841,3.04886462,0.78729442,6.3
43864,3.06205589,0.71972855,6.8
43886,3.0807264,0.8339078,3.9
43939,3.11472186,0.71406869,6.7
43945,3.12018815,0.81117537,6.5
43946,3.12058769,0.81105038,6.8
43963,3.12955788,0.70412972,6.5
44002,3.15081657,0.75128948,5.1
44005,3.15241551,0.75195896,6.8
44064,3.18867146,0.6962371,6.8
44097,3.21195538,0.70965364,5.9
44127,3.22804027,0.8549347,5.6
44141,3.23729909,0.82347819,6.5
44155,3.24537037,0.74250951,6.0
44184,3.26180388,0.72178397,6.9
44230,3.28882158,0.72182362,4.3
44265,3.31076378,0.71339538,6.3
44292,3.32593491,0.80070456,6.9
44307,3.3355524,0.7697429,6.3
44317,3.33851314,0.79308295,5.4
44332,3.35407173,0.84590737,6.2
44343,3.35817114,0.85067275,6.5
44383,3.38132453,0.82373936,6.0
44398,3.39086021,0.80593986,6.2
44408,3.39879121,0.69541767,6.8
44465,3.42901057,0.79008578,5.7
44509,3.4593561,0.74398058,6.9
44519,3.4632404,0.70079919,5.0
44531,3.47116543,0.71305679,5.7
44549,3.47993593,0.70812618,4.7
44556,3.48299142,0.86711685,5.1
44570,3.49203659,0.70075881,5.7
44573,3.49436878,0.76777097,6.6
44582,3.49966273,0.76625491,6.4
44590,3.50415354,0.82033607,6.9
44611,3.51804228,0.80334092,5.9
44621,3.5274715,0.71086703,6.5
44637,3.53980378,0.73488906,6.1
44642,3.54273789,0.82439701,6.9
44668,3.55372925,0.85548952,4.6
44675,3.55713373,0.77138496,6.6
44682,3.56336892,0.86370604,6.6
44720,3.58874361,0.72734919,6.3
44727,3.59290629,0.79448129,6.7
44742,3.60508993,0.71713349,5.7
44752,3.61082733,0.86068032,1.9
44754,3.61320731,0.73386562,6.8
44772,3.62214637,0.74276879,6.9
44787,3.63615962,0.73626288,6.7
44858,3.67479576,0.79855184,6.5
44901,3.69978931,0.76540547,5.4
44904,3.6998501,0.84143584,6.8
44905,3.70135371,0.86320901,5.4
44929,3.7158763,0.7389871,6.8
44952,3.72799041,0.72463899,6.2
44963,3.73517026,0.79527949,6.9
44965,3.73667902,0.80439307,4.3
44982,3.74294614,0.83778858,6.3
45028,3.76859186,0.71285893,6.6
45058,3.78498908,0.71602031,6.5
45071,3.79281492,0.77251647,6.6
45075,3.79440172,0.72947752,6.5
45090,3.80192394,0.75716809,6.8
45113,3.81242188,0.75062679,6.8
45117,3.81391035,0.81657556,6.6
45121,3.8164253,0.86164084,5.9
45133,3.82632583,0.74754381,6.7
45145,3.83190579,0.761698,5.9
45153,3.8346509,0.77500502,5.4
45190,3.85604835,0.70615071,5.8
45197,3.85923255,0.78864845,6.8
45226,3.88035329,0.80488006,5.8
45231,3.88199732,0.85033517,6.1
45288,3.91121188,0.86618179,5.7
45326,3.92980683,0.8251507,6.2
45337,3.93548112,0.70494818,3.6
45348,3.94056068,0.77918915,6.4
45357,3.94352476,0.83172599,4.9
45370,3.95068613,0.84039359,5.6
45440,3.98802258,0.7513338,6.5
45445,3.98882514,0.73603099,6.4
45475,4.00661303,0.79622056,6.8
45491,4.01442672,0.71531282,6.8
45497,4.01727924,0.77552474,5.9
45500,4.01810624,0.79699665,6.8
45521,4.03207702,0.79012728,6.2
45529,4.03666185,0.8213679,6.9
45562,4.05239636,0.82381868,6.0
45565,4.0552275,0.83274929,6.8
45580,4.06194571,0.7126716,5.1
45590,4.06567126,0.71382977,5.0
45623,4.08043064,0.7534152,6.8
45643,4.09204144,0.70430091,5.4
45650,4.09397665,0.81677453,5.8
45651,4.09445727,0.76103957,6.8
45661,4.09707788,0.81901956,6.9
45692,4.11301266,0.79868802,6.9
45732,4.13543091,0.79819821,6.8
45758,4.14855186,0.84619695,6.8
45772,4.15683112,0.74092014,4.6
45788,4.1653636,0.7529093,5.5
45790,4.16919685,0.74291879,5.6
45829,4.18965051,0.77282185,6.9
45863,4.20038217,0.82449892,5.8
45865,4.2010006,0.80349354,4.6
45895,4.219303,0.82911793,6.6
45911,4.22705539,0.7842622,4.3
45913,4.22933217,0.71725285,6.9
45933,4.23418891,0.76476076,6.5
45957,4.24024811,0.73957653,6.0
46006,4.26198488,0.69880545,6.9
46025,4.27251154,0.85587892,6.2
46028,4.2749254,0.80832083,3.9
46090,4.30456888,0.83701889,6.5
46108,4.31376458,0.7309754,5.0
46128,4.32012943,0.85452939,6.2
46147,4.32748999,0.79584294,5.5
46161,4.33759385,0.740666,4.3
46184,4.34668323,0.81355997,6.0
46209,4.35695944,0.85280821,6.7
46210,4.35785945,0.85396236,5.1
46262,4.3859927,0.7542834,6.1
46288,4.39530171,0.73720962,6.1
46305,4.40362925,0.8025597,4.9
46311,4.40553835,0.75800464,6.4
46315,4.40690109,0.81418625,6.9
46317,4.40957894,0.73123526,6.3
46349,4.42132842,0.82758151,6.3
46350,4.42239773,0.74743604,6.7
46362,4.4257777,0.81226436,6.7
46378,4.43346908,0.82677633,6.9
46401,4.44114896,0.74197791,6.4
46452,4.46196041,0.82173044,6.7
46476,4.47166517,0.85179034,6.3
46478,4.47276662,0.76466894,6.4
46501,4.48276896,0.84472103,6.9
46502,4.48452883,0.70713915,6.3
46524,4.49227125,0.71169422,5.1
46556,4.50147874,0.79105274,6.9
46558,4.50223418,0.72832662,6.9
46561,4.50151314,0.86824521,6.0
46638,4.53720156,0.79078609,6.6
46645,4.53939245,0.80705649,5.8
46647,4.54003895,0.77129522,6.9
46651,4.54030213,0.84104629,6.3
46664,4.54539071,0.69768698,5.7
46723,4.5672538,0.84229721,5.8
46792,4.59510613,0.71983414,5.8
46838,4.61040699,0.84798014,5.5
46872,4.6227877,0.80296214,3.8
46879,4.62425254,0.86882519,6.6
46883,4.62785418,0.75870801,6.7
46906,4.6386182,0.76942001,6.6
46917,4.64289171,0.78599482,6.6
46954,4.65625686,0.83098975,6.3
46997,4.66899835,0.84463755,6.4
47009,4.67414045,0.69939629,6.5
47023,4.67755388,0.81407964,6.6
47037,4.68315908,0.69827065,5.1
47077,4.69805932,0.78517418,6.8
47080,4.69845885,0.79152369,6.2
47084,4.69967098,0.80033993,6.8
47096,4.70341268,0.75777275,6.9
47106,4.70746802,0.79370957,6.2
47121,4.71210653,0.79414895,5.9
47173,4.72613265,0.84586219,6.1
47193,4.73298525,0.69960083,6.5
47195,4.73426021,0.73210633,6.4
47233,4.74338843,0.86761088,6.3
47237,4.74502555,0.75855136,5.1
47250,4.74888207,0.7699105,6.6
47278,4.75965395,0.77838577,6.8
47293,4.76294135,0.84281106,6.7
47305,4.76784442,0.71814782,6.4
47336,4.77755957,0.85797632,6.9
47342,4.78066095,0.7358184,5.4
47343,4.78020666,0.78905405,6.3
47359,4.78706166,0.71448136,6.1
47411,4.80453291,0.86787312,6.5
47417,4.80639161,0.85733496,5.1
47465,4.81790861,0.74118718,6.7
47581,4.85476058,0.80446429,6.8
47600,4.85984632,0.80667673,6.7
47620,4.86615852,0.72573912,6.7
47639,4.8703527,0.72042746,6.9
47644,4.87278467,0.75436214,6.3
47676,4.88496895,0.71444961,6.1
47708,4.89425832,0.71066011,6.7
47729,4.8993272,0.83034553,6.9
47744,4.90396599,0.83106674,6.8
47779,4.91404578,0.72329169,5.9
47798,4.9173915,0.8083507,6.5
47815,4.92037594,0.85652077,6.4
47823,4.92299997,0.85115286,6.0
47824,4.92446576,0.78996312,6.8
47831,4.92769192,0.76330772,6.8
47874,4.93980102,0.72227373,6.2
47891,4.94498079,0.71550253,6.6
47895,4.9457187,0.74879129,6.9
47909,4.9518043,0.72610448,5.6
47913,4.95143167,0.8527637,5.9
47918,4.9542378,0.7012219,6.8
47919,4.95383514,0.76700482,4.3
47922,4.95495055,0.73408437,6.8
47928,4.95652745,0.77193004,6.9
47965,4.96885202,0.70998549,6.1
47971,4.97022327,0.7630772,6.9
47993,4.97557329,0.71007121,6.8
48000,4.97783516,0.73744878,6.7
48011,4.98046952,0.81916665,5.1
48054,4.99282005,0.7658465,6.8
48058,4.99405545,0.80148448,6.8
48071,4.99672282,0.87132833,6.5
48084,5.00160582,0.7228044,6.1
48102,5.00613189,0.71652597,6.9
48168,5.02386204,0.70562168,6.1
48192,5.02688269,0.87011795,6.8
48193,5.02691317,0.87015402,6.6
48194,5.02769202,0.82684891,6.7
48224,5.03481173,0.84384783,6.9
48247,5.04104211,0.8739024,6.3
48278,5.04773472,0.82028822,6.0
48315,5.05547301,0.86515496,6.3
48316,5.05695334,0.70442318,6.7
48383,5.0745784,0.75003721,6.9
48401,5.07865425,0.75726641,6.0
48433,5.0873889,0.78418952,6.7
48438,5.08772327,0.78562438,6.8
48516,5.10501556,0.81935388,6.7
48521,5.10601192,0.80543789,6.4
48541,5.10952636,0.80864905,6.9
48589,5.12120472,0.85979399,6.2
48596,5.12386577,0.73177748,6.5
48601,5.12553663,0.7402415,5.3
48604,5.12573778,0.76700244,6.6
48606,5.12544056,0.84063279,6.7
48642,5.13362732,0.76281903,6.8
48649,5.13402424,0.78007476,5.2
48673,5.13975634,0.86017587,6.5
48691,5.14628227,0.74731959,5.4
48697,5.14685794,0.80211856,6.3
48714,5.15171839,0.75184712,6.4
48718,5.1523763,0.79455663,5.0
48737,5.15726483,0.70256445,6.2
48756,5.1615467,0.71072653,6.7
48771,5.16508739,0.72907804,6.0
48773,5.16456467,0.85134107,6.3
48789,5.16974153,0.71064217,6.4
48796,5.17043137,0.78767999,3.0
48828,5.17728077,0.87284837,6.8
48842,5.18121183,0.83614608,6.2
48892,5.19506858,0.70859854,5.6
48902,5.19637722,0.86743567,6.8
48907,5.19812836,0.82688988,6.2
48917,5.20101288,0.82078195,5.5
48920,5.20160397,0.83656831,5.7
48940,5.20553372,0.83440012,6.1
48943,5.20824502,0.72179366,6.8
48976,5.21455453,0.82974417,6.7
48982,5.21713405,0.70114574,6.7
48993,5.2180998,0.82188422,6.8
49011,5.22390637,0.70454928,5.4
49031,5.22698135,0.73759296,6.5
49058,5.2331188,0.79887802,5.8
49098,5.24192246,0.8744914,5.3
49126,5.24971688,0.72386304,6.9
49152,5.2555353,0.84176721,6.0
49274,5.28284221,0.71988898,6.9
49276,5.2820731,0.84177778,6.6
49314,5.28862543,0.83316879,6.6
49332,5.29402134,0.81708801,5.0
49336,5.29581866,0.75710701,6.3
49337,5.29546712,0.8157906,4.0
49338,5.29555817,0.81527117,6.9
49345,5.29864297,0.73484747,6.4
49373,5.30267904,0.79833028,6.9
49385,5.30349607,0.83277275,4.2
49395,5.30584405,0.79551312,5.9
49410,5.30982136,0.70450259,5.5
49425,5.3122825,0.7456399,6.5
49438,5.31503764,0.71090984,5.8
49462,5.31813786,0.80848281,6.3
49477,5.32152038,0.83592477,6.1
49482,5.3229674,0.81746679,6.1
49491,5.32529196,0.76540377,6.8
49524,5.33219809,0.71787913,6.4
49528,5.33297788,0.70261196,2.3
49531,5.33237262,0.79927552,5.9
49546,5.33527343,0.71603975,6.1
49550,5.33601708,0.750202,6.3
49602,5.34698081,0.73147214,6.9
49603,5.34693892,0.74360262,6.8
49612,5.34971734,0.70514603,6.6
49643,5.35396336,0.86190385,5.7
49675,5.36038879,0.85379398,6.6
49704,5.36687669,0.80160592,6.6
49712,5.36714583,0.85436747,4.9
49722,5.36833578,0.86882374,6.7
49731,5.37072376,0.85893708,6.5
49741,5.37262035,0.85905818,5.6
49765,5.37746044,0.84153105,6.8
49772,5.37942211,0.75383786,6.4
49782,5.37991851,0.86989096,6.7
49795,5.38285234,0.78846689,6.6
49796,5.38349877,0.72906432,6.4
49804,5.38396644,0.8149606,5.6
49823,5.38696274,0.71730317,6.8
49835,5.39001517,0.73111944,6.5
49885,5.40294224,0.77375119,6.6
49886,5.40302195,0.83898137,6.6
49898,5.40783978,0.79703757,6.5
49899,5.40857944,0.70824462,5.9
49900,5.40854213,0.73737475,6.9
49912,5.41074946,0.7584976,6.1
49929,5.41441066,0.7191173,6.9
49940,5.41620689,0.84024203,6.8
49941,5.41676969,0.79029134,1.3
49946,5.41899782,0.72809905,5.6
50011,5.43062586,0.82548959,6.7
50027,5.4338665,0.80904524,6.6
50050,5.43950253,0.81213273,6.3
50060,5.44257438,0.79551787,6.7
50073,5.44466187,0.83481891,5.6
50099,5.44952515,0.8048452,4.9
50116,5.45252087,0.8748858,6.8
50119,5.45376659,0.81439172,6.5
50121,5.45451287,0.76898097,5.1
50180,5.46831704,0.77470502,4.7
50182,5.46859542,0.78857253,5.6
50183,5.46916462,0.74020063,6.5
50209,5.4732268,0.71040214,6.5
50218,5.47451391,0.80688603,6.7
50226,5.47727109,0.74199871,6.9
50246,5.47959252,0.82759528,5.8
50247,5.48025357,0.77447342,6.7
50253,5.4811903,0.75789696,6.8
50257,5.48170444,0.74644857,6.7
50262,5.48221575,0.85862995,6.0
50263,5.48285971,0.78408863,6.0
50274,5.48545421,0.71850347,4.0
50298,5.49047814,0.77617904,5.8
50303,5.49130223,0.73199492,6.0
50313,5.49310595,0.76899973,6.8
50319,5.49521547,0.73870076,6.5
50331,5.49744724,0.70264982,6.6
50333,5.49714944,0.78533761,6.8
50335,5.49702807,0.82939777,4.9
50359,5.50294481,0.80557257,5.2
50368,5.50560004,0.77121062,6.7
50381,5.50826734,0.78175285,6.4
50390,5.51004328,0.80021494,6.2
50408,5.51402641,0.81789459,6.3
50409,5.5146692,0.72654881,6.3
50424,5.51930305,0.76668566,3.9
50456,5.52659308,0.83162175,4.9
50521,5.54131813,0.79416888,6.5
50536,5.54367527,0.83238349,6.4
50547,5.54690449,0.79716828,6.7
50623,5.56521867,0.73350288,6.8
50631,5.56591018,0.83729567,6.3
50651,5.56884852,0.7721036,6.6
50656,5.56975572,0.73742609,6.5
50671,5.57365333,0.74496393,6.1
50690,5.57830129,0.76700133,5.1
50699,5.580349,0.71629781,6.2
50713,5.58277952,0.8641209,5.6
50739,5.58951925,0.70416293,6.5
50751,5.59090664,0.81558606,6.7
50761,5.59380825,0.86200115,5.9
50768,5.5958913,0.86379006,6.9
50817,5.60654021,0.86085427,6.4
50824,5.6082955,0.81531902,5.5
50867,5.61498695,0.85233377,5.3
50890,5.61955171,0.81265468,6.9
50922,5.62347565,0.86909305,6.8
50925,5.62478646,0.78405571,6.9
50934,5.6262841,0.81228656,5.3
50935,5.62700499,0.81030464,6.8
50949,5.63056867,0.78321374,6.8
50984,5.63613423,0.8479641,6.7
51001,5.63864874,0.84550425,6.6
51019,5.64153246,0.87227614,5.8
51024,5.64250323,0.84305284,6.9
51027,5.64307795,0.80030691,6.6
51035,5.64605679,0.79572746,4.2
51058,5.65112792,0.76276692,6.7
51079,5.6550392,0.7919384,5.1
51101,5.65900888,0.70534956,5.1
51109,5.66125657,0.78010177,6.1
51161,5.67189006,0.77548377,6.7
51167,5.67312474,0.75527179,5.4
51189,5.67917747,0.71218698,6.0
51204,5.68165823,0.79876491,6.5
51207,5.6827103,0.71693113,5.5
51217,5.68387451,0.8656901,6.1
51221,5.68587604,0.7182889,5.5
51244,5.69162843,0.81791437,6.6
51277,5.69970588,0.75155313,6.4
51293,5.70196267,0.86061502,4.3
51344,5.71450308,0.71818219,6.5
51477,5.74666302,0.84941597,6.4
51595,5.77243565,0.77928777,5.5
51614,5.77753099,0.7739713,6.6
51628,5.78115902,0.82440424,6.5
51632,5.7825947,0.81585057,6.3
51640,5.78507997,0.7873587,6.4
51645,5.78512463,0.84180352,6.2
51650,5.78591068,0.78564959,5.3
51652,5.78666575,0.7897371,6.1
51678,5.79569376,0.86911332,6.6
51684,5.79747734,0.79834584,6.5
51686,5.79753428,0.83660035,6.8
51691,5.79924499,0.78286239,6.7
51698,5.79995862,0.78272054,6.6
51734,5.80785485,0.75102812,6.8
51738,5.80791979,0.84958619,6.7
51750,5.812076,0.82198104,6.7
51783,5.81989449,0.79309153,5.5
51797,5.82390199,0.74968844,5.7
51844,5.83583997,0.85742533,6.6
51904,5.85132969,0.81221767,4.7
51918,5.85491772,0.73440362,6.3
51919,5.85506477,0.70975351,6.7
51970,5.86655769,0.86352603,4.6
52028,5.88200807,0.77005289,6.8
52055,5.88844361,0.83264146,4.6
52073,5.89096066,0.8614249,6.5
52079,5.89261262,0.75264687,4.5
52140,5.90608554,0.71242483,6.8
52171,5.91618598,0.87390332,6.2
52211,5.92666246,0.78859333,6.5
52218,5.92884267,0.77342753,6.9
52251,5.93636337,0.7727677,4.6
52270,5.94110935,0.72517277,6.1
52296,5.94753486,0.82324805,6.4
52317,5.95197192,0.72988336,5.2
52348,5.96103985,0.77747544,5.8
52352,5.9618339,0.80660721,6.8
52412,5.97933796,0.73222632,5.8
52426,5.98309972,0.8505707,6.9
52433,5.98570928,0.7210439,6.8
52436,5.98662791,0.75594627,5.2
52450,5.99007166,0.81242323,6.7
52465,5.99375728,0.78101855,5.6
52471,5.99571576,0.70471188,5.9
52498,6.00299597,0.77332432,6.8
52512,6.00564952,0.7261262,5.5
52516,6.0058258,0.8680141,5.1
52526,6.00862785,0.84969803,5.2
52529,6.01016905,0.7507174,6.9
52587,6.02389112,0.79194363,6.4
52609,6.02976859,0.7387283,3.6
52616,6.03094174,0.77794459,6.5
52623,6.03275514,0.74626478,5.1
52626,6.03339698,0.76897297,6.3
52649,6.03963654,0.8735737,4.9
52701,6.05239009,0.87601963,6.9
52707,6.05324261,0.8040407,6.6
52711,6.0547849,0.80960961,5.6
52713,6.05522996,0.86037407,5.8
52717,6.05719055,0.77774882,6.4
52742,6.06188228,0.86656645,6.5
52754,6.06490963,0.83705453,6.6
52761,6.06699705,0.75999247,5.9
52787,6.07614788,0.86230275,4.6
52798,6.07821929,0.73412403,6.7
52865,6.09677251,0.78826205,6.5
52871,6.09881134,0.85547876,5.0
52876,6.09964328,0.79392972,6.3
52881,6.10162423,0.72908744,5.9
52892,6.10446606,0.78779343,6.5
52907,6.10645319,0.84867314,5.4
52912,6.1073127,0.84440682,6.4
52914,6.10809577,0.73440105,6.0
52927,6.11185419,0.76997716,6.1
52978,6.12675319,0.72628158,6.7
52987,6.12865102,0.71755237,6.5
53019,6.13683429,0.70488564,6.7
53039,6.13973575,0.74895453,5.6
53074,6.14988608,0.81096287,6.7
53088,6.15282827,0.85753146,6.4
53137,6.16513109,0.80500253,6.9
53147,6.16848314,0.78641264,6.3
53149,6.1689618,0.81473569,6.8
53151,6.16960975,0.76627789,6.9
53202,6.18515845,0.77543568,5.9
53204,6.18529103,0.81084822,4.0
53210,6.18709148,0.80633635,6.6
53213,6.18745407,0.75185454,6.9
53216,6.18778968,0.75517061,4.3
53225,6.18908712,0.74197689,6.8
53264,6.19770163,0.77377257,4.3
53267,6.20061967,0.73043377,6.8
53276,6.20223992,0.86415343,6.3
53291,6.20569705,0.78113035,6.9
53292,6.2057185,0.78525747,6.7
53337,6.21669015,0.76351639,6.8
53355,6.22224874,0.81018722,5.1
53374,6.22887408,0.81738346,5.8
53430,6.24761819,0.74891269,6.9
53486,6.26380961,0.82651507,6.1
53487,6.26413518,0.80910327,6.8
53489,6.26484059,0.84159975,6.8
53511,6.27035961,0.74452507,6.0
53540,6.27783864,0.81006131,6.5
53568,0.00317992,0.78982136,6.3
53573,0.00576431,0.8723414,6.4
53580,0.00755219,0.73944544,6.1
53622,0.02135483,0.60493112,6.2
53630,0.02277058,0.62083999,6.8
53661,0.03330954,0.70072065,6.9
53677,0.03789183,0.6392535,6.1
53725,0.05602841,0.65787476,6.6
53744,0.06125029,0.57955263,6.1
53755,0.06595599,0.55040252,6.6
53777,0.07457734,0.6751205,4.4
53798,0.0799707,0.6420246,4.5
53803,0.08132325,0.5500794,5.8
53820,0.08904379,0.53993263,5.8
53825,0.09057881,0.57441093,6.0
53828,0.09216007,0.66267766,5.2
53860,0.10486564,0.67330076,5.6
53870,0.10760369,0.5475667,6.8
53921,0.12425406,0.56614336,6.7
53928,0.12628759,0.64402538,6.4
53956,0.13712405,0.586109,6.1
53969,0.1406427,0.61076115,6.6
53999,0.15341866,0.64284622,6.8
54033,0.16092437,0.58851324,4.5
54038,0.16298088,0.61783802,5.6
54058,0.17160252,0.5386265,3.5
54079,0.17942057,0.68868273,5.4
54225,0.23077703,0.67279888,6.5
54237,0.23330856,0.6530689,6.1
54277,0.2454178,0.61485584,6.8
54281,0.2476348,0.67193998,3.9
54299,0.25378796,0.68897701,6.6
54306,0.25411565,0.59256289,6.2
54374,0.27409487,0.55509121,5.5
54398,0.28190144,0.69797709,6.7
54421,0.28879534,0.56167342,6.6
54445,0.29680255,0.55871465,6.3
54471,0.30426485,0.62169564,2.4
54493,0.31028805,0.54846482,5.0
54494,0.31054512,0.65840961,5.8
54514,0.31800735,0.55982464,6.6
54523,0.31969676,0.59513274,6.6
54567,0.33298111,0.57796195,6.3
54579,0.33718452,0.68906753,6.5
54580,0.33772557,0.55404842,6.9
54592,0.34375583,0.65251035,6.3
54648,0.36346903,0.63730116,6.7
54654,0.36487955,0.59770114,6.3
54655,0.36510724,0.65825141,5.5
54665,0.36823866,0.64373721,6.7
54695,0.37588102,0.6035287,6.3
54705,0.38006173,0.59999872,6.3
54711,0.38271667,0.55792373,6.9
54719,0.38536623,0.53333068,6.9
54762,0.40197478,0.60737487,6.3
54771,0.40489297,0.62557066,6.8
54788,0.41135607,0.6499117,5.8
54801,0.41438029,0.57801863,6.6
54817,0.41818794,0.59054238,6.7
54912,0.44531247,0.61515157,5.5
54939,0.45305744,0.5618529,6.4
54944,0.4554585,0.65744158,6.9
54945,0.45543865,0.56751034,6.8
54991,0.47406829,0.66240229,6.0
54994,0.47425963,0.57055342,5.8
55047,0.49031527,0.65327431,6.8
55082,0.50159999,0.64801307,6.4
55100,0.50529914,0.5297992,6.8
55102,0.50573904,0.65062224,6.1
55107,0.50682463,0.65016438,5.8
55176,0.52487039,0.67365433,6.8
55218,0.53653996,0.58091519,5.4
55289,0.56063488,0.66076687,4.8
55306,0.56524051,0.610643,3.1
55330,0.57106882,0.68136743,6.0
55331,0.57113951,0.68142948,6.7
55338,0.57341709,0.55023963,6.2
55347,0.57757883,0.52888674,5.4
55397,0.59313917,0.58222056,5.3
55420,0.59801089,0.59732633,5.1
55427,0.59914746,0.59074625,4.1
55453,0.60921801,0.69525293,6.5
55505,0.62603433,0.61855763,6.9
55537,0.63462222,0.61160002,6.9
55544,0.63630356,0.64601103,6.6
55570,0.64342545,0.55503778,5.8
55578,0.6464997,0.67790566,6.9
55594,0.65067271,0.65152137,6.6
55597,0.65140298,0.66715419,6.8
55605,0.65419805,0.68307014,6.9
55611,0.65570755,0.59051276,6.3
55614,0.65746989,0.70105348,6.9
55635,0.66367367,0.63088945,5.4
55650,0.66704091,0.60288162,5.9
55662,0.67256379,0.67605106,6.7
55666,0.67296849,0.58977783,6.9
55680,0.67834643,0.69227559,6.3
55684,0.67913474,0.6512235,5.9
55687,0.67972015,0.60541312,5.6
55688,0.6799573,0.60607538,6.8
55703,0.68379891,0.55165712,6.2
55705,0.68483556,0.67601576,5.9
55711,0.68550999,0.57407486,6.3
55715,0.68655348,0.69631564,6.4
55729,0.69070023,0.65845644,6.3
55735,0.69142593,0.66478384,6.3
55793,0.70794445,0.70151478,5.0
55868,0.72855039,0.62803099,6.4
55872,0.72893124,0.62055002,6.3
55910,0.73937332,0.65146407,6.5
55920,0.7417962,0.5327858,6.7
55927,0.74365389,0.55803417,6.6
55928,0.74430933,0.66878724,4.3
55930,0.744343,0.64485713,6.6
55936,0.7456032,0.617743,6.7
55946,0.74837515,0.61190676,4.7
55972,0.75662801,0.55230498,6.5
55975,0.75795162,0.66911725,5.3
56031,0.77356221,0.55735645,5.2
56036,0.77684081,0.67395826,6.1
56043,0.77803106,0.56655099,6.7
56047,0.77999441,0.69224572,4.6
56052,0.78130144,0.61406186,5.0
56067,0.78625548,0.66552347,5.9
56095,0.79186955,0.56570678,6.9
56099,0.79363561,0.67856069,6.6
56124,0.80355453,0.66460747,6.9
56138,0.80798505,0.67789083,3.7
56224,0.83465943,0.69135241,4.8
56285,0.85233976,0.53331672,5.5
56293,0.85426362,0.57345445,6.3
56296,0.85534798,0.60543256,6.4
56308,0.85776046,0.5617076,6.0
56322,0.86290336,0.6856253,6.0
56323,0.8624895,0.54326529,6.5
56332,0.86614757,0.66210457,6.9
56340,0.86712335,0.59729661,4.9
56419,0.89227973,0.58531279,5.6
56455,0.90337115,0.6009094,6.7
56475,0.90908128,0.59005388,5.6
56530,0.92793251,0.62238034,6.8
56531,0.92793419,0.61892289,5.8
56538,0.93192903,0.69637983,5.8
56559,0.93820152,0.55879552,6.6
56569,0.94086358,0.55292409,6.8
56613,0.96045716,0.59543643,6.9
56628,0.96486652,0.65589643,5.6
56646,0.9702974,0.5928004,5.0
56650,0.97067126,0.57489643,6.7
56673,0.97877606,0.56353671,3.9
56675,0.97966836,0.63635073,5.6
56685,0.98443566,0.67502776,6.6
56695,0.98907474,0.56356342,6.5
56707,0.99403257,0.56191069,6.2
56709,0.99430004,0.58643053,6.4
56727,1.00157523,0.57755272,5.1
56730,1.00382103,0.66102474,6.6
56735,1.00453552,0.60773164,6.7
56761,1.01183464,0.5996786,5.7
56762,1.01260607,0.54399014,6.2
56775,1.01516509,0.56563682,6.7
56799,1.02159393,0.5564737,2.9
56815,1.02705376,0.54185065,6.0
56824,1.0318308,0.6122792,5.5
56838,1.03666158,0.63689867,6.9
56840,1.03783241,0.69830943,3.0
56847,1.03869358,0.60762566,6.4
56849,1.04058937,0.67788947,6.4
56856,1.04268224,0.6246705,4.0
56866,1.0457434,0.67754535,6.4
56876,1.04795648,0.69837522,6.8
56899,1.05263105,0.64559516,6.3
56951,1.06778807,0.56847075,6.7
56960,1.07163252,0.59758823,6.6
56968,1.07620972,0.56522774,6.9
56973,1.07744142,0.58374951,6.6
57000,1.0832154,0.65847254,6.2
57006,1.08476525,0.66391937,5.6
57026,1.08928995,0.55243035,6.9
57033,1.09237845,0.68461713,6.8
57047,1.09512437,0.5861985,5.9
57072,1.10380032,0.56780147,6.9
57081,1.1082563,0.66264882,6.5
57094,1.11206642,0.65524605,6.6
57166,1.13519,0.55769126,6.4
57171,1.13625639,0.60330404,5.1
57212,1.15403737,0.59568975,5.6
57216,1.15464046,0.59271008,5.8
57229,1.16110188,0.54871222,5.3
57239,1.16634631,0.63739739,6.9
57249,1.17314269,0.5299078,6.5
57269,1.18088345,0.56650018,6.2
57278,1.18420932,0.69830875,6.9
57285,1.18660405,0.64128221,6.7
57288,1.18807413,0.64652421,6.8
57337,1.20703866,0.64494711,6.7
57354,1.21582399,0.67105461,6.8
57377,1.22974626,0.66811441,5.8
57385,1.23392167,0.67066764,6.7
57393,1.23833067,0.57360939,6.5
57401,1.24176104,0.66766931,6.8
57431,1.25564906,0.64093212,6.9
57441,1.26193297,0.54868643,5.8
57444,1.2623853,0.5687727,5.9
57447,1.2649745,0.65429359,5.1
57460,1.27187968,0.62509612,6.8
57468,1.27485481,0.54392357,6.8
57469,1.27556879,0.63952214,6.9
57475,1.27685197,0.64059009,5.0
57483,1.28098986,0.6423853,6.8
57511,1.29299372,0.63126765,6.2
57522,1.29587883,0.57885735,2.9
57539,1.30233509,0.65151619,6.7
57548,1.30575099,0.66130816,5.0
57559,1.31032623,0.68756921,6.0
57560,1.31068584,0.6921093,6.7
57610,1.32750274,0.53223525,6.4
57614,1.32913077,0.5640956,6.4
57629,1.33524284,0.62721456,6.4
57631,1.33578069,0.59199871,6.9
57704,1.35400564,0.65104315,6.2
57713,1.35517442,0.53752229,6.9
57729,1.35899953,0.53766603,6.8
57754,1.36697954,0.65165446,6.5
57755,1.36758917,0.67168031,4.8
57767,1.36929836,0.64633586,6.8
57789,1.37294704,0.54805869,6.8
57799,1.37622069,0.57050784,5.1
57816,1.38013692,0.59885679,5.8
57853,1.38831379,0.58244498,4.8
57858,1.3889088,0.58934901,6.1
57884,1.39190139,0.58902162,5.4
57893,1.39361356,0.59316067,6.5
57906,1.39632812,0.59267721,5.2
57919,1.39939161,0.65342436,6.7
57972,1.41308605,0.63527236,6.9
57981,1.41656376,0.65249876,5.2
57985,1.41697719,0.63180415,6.7
57987,1.41650398,0.54495976,6.4
57988,1.41651729,0.54355026,5.9
57999,1.41902359,0.60833815,6.5
58004,1.42026488,0.59666703,6.8
58028,1.42599719,0.60024927,5.9
58029,1.42639033,0.61884687,6.3
58030,1.4261758,0.58054291,6.3
58040,1.42741367,0.52723798,5.7
58051,1.42963548,0.60171506,5.3
58065,1.4312358,0.58929321,6.6
58076,1.43308941,0.60557408,6.8
58105,1.43863243,0.61741013,6.7
58129,1.44317531,0.69509114,6.5
58164,1.45179978,0.56185746,4.9
58177,1.45411816,0.56356202,6.5
58179,1.45498544,0.57248516,6.5
58182,1.45575346,0.60607828,6.0
58184,1.45612783,0.57157953,6.6
58263,1.47376627,0.58571645,6.4
58280,1.47757262,0.53219287,5.5
58296,1.48183537,0.66302809,6.9
58319,1.48615106,0.54730607,6.0
58322,1.48659481,0.55712345,6.7
58327,1.48773509,0.574139,6.8
58343,1.49199653,0.62188811,6.7
58359,1.49649519,0.58144185,6.8
58397,1.5058287,0.58689634,6.8
58404,1.50750305,0.54671523,6.7
58442,1.51815741,0.61365258,6.6
58460,1.52220389,0.68999367,6.9
58465,1.5235611,0.68384065,4.6
58484,1.52684268,0.55476255,6.7
58496,1.53170648,0.65110666,5.0
58502,1.53366343,0.68327032,4.2
58504,1.53339523,0.56068562,6.4
58520,1.53690145,0.67300104,6.8
58524,1.5387587,0.69070334,6.5
58528,1.53879746,0.59196861,6.4
58535,1.5423423,0.65168602,6.7
58569,1.54890859,0.55329754,5.8
58593,1.55737605,0.66823499,6.9
58636,1.56958187,0.649479,2.7
58645,1.57184512,0.57834903,6.8
58647,1.57255947,0.60228103,6.8
58657,1.57590003,0.54165949,6.0
58683,1.58226968,0.56882661,6.9
58688,1.58353149,0.56960178,6.2
58709,1.5911385,0.67326449,6.8
58716,1.5928034,0.66260179,6.4
58727,1.59508607,0.58641453,6.1
58739,1.59759164,0.61763013,6.1
58749,1.59952881,0.67164934,5.3
58762,1.60322069,0.63311184,6.9
58852,1.62462766,0.57060796,6.0
58866,1.62974024,0.64854205,6.6
58874,1.63192168,0.58021609,6.8
58905,1.63908306,0.63091369,6.4
58906,1.63908393,0.63091471,6.9
58927,1.64211041,0.5253858,6.9
58944,1.64741904,0.613465,6.6
58975,1.65325317,0.61449014,6.6
59050,1.67834242,0.61531956,6.9
59063,1.68081577,0.56324965,6.9
59096,1.69118434,0.56833404,6.4
59100,1.69153471,0.53486109,6.9
59128,1.69544876,0.53220369,5.0
59164,1.70627169,0.69384697,6.6
59173,1.70834529,0.64888777,6.7
59177,1.70873457,0.56140906,6.9
59194,1.71240107,0.56644438,5.6
59199,1.71335031,0.61598763,6.9
59222,1.71789115,0.57638228,6.4
59230,1.72055976,0.66455321,6.6
59259,1.72512118,0.65825098,6.9
59280,1.73026604,0.67099707,5.1
59316,1.73947774,0.68749959,5.7
59319,1.74017893,0.69642981,5.3
59356,1.75038474,0.68477421,6.9
59365,1.75242322,0.62713239,6.3
59397,1.75733537,0.56825661,6.9
59406,1.75942584,0.64833474,6.2
59425,1.76369877,0.63023127,6.3
59518,1.78782344,0.65472187,6.6
59521,1.78759989,0.56910009,5.8
59570,1.80113165,0.59273505,3.6
59571,1.80215972,0.67839489,6.1
59574,1.80230007,0.62462711,6.2
59576,1.80302635,0.67086845,6.3
59589,1.80619805,0.67203971,6.2
59594,1.80695683,0.56743888,6.9
59609,1.81309101,0.661749,6.7
59631,1.81954443,0.58784405,6.0
59634,1.82086296,0.65265419,6.7
59658,1.82843892,0.66413841,6.1
59697,1.83820913,0.56573781,6.5
59738,1.8503119,0.63378602,6.7
59741,1.85128637,0.65561805,6.6
59766,1.85786059,0.54791233,6.8
59773,1.85961748,0.60168403,5.6
59794,1.86476119,0.5935762,6.1
59806,1.86846303,0.59048425,6.5
59812,1.87013898,0.65354038,6.3
59818,1.87131366,0.59226352,6.7
59824,1.87373742,0.63814876,6.7
59858,1.88120081,0.52787944,4.5
59866,1.88345155,0.68627267,5.1
59892,1.88962195,0.5579056,6.7
59945,1.90746619,0.57756193,6.9
59954,1.90899707,0.55324736,6.7
59955,1.90987053,0.67852613,6.6
59964,1.91142118,0.54028664,6.0
59999,1.92646716,0.65733167,6.8
60010,1.92878335,0.64159302,5.2
60012,1.92956352,0.6806086,6.5
60073,1.94652157,0.55670302,6.8
60118,1.95961721,0.55474132,4.2
60131,1.96424975,0.66617836,6.9
60148,1.9719076,0.6788686,6.5
60173,1.97839041,0.64905668,6.5
60198,1.98356626,0.55655903,1.6
60204,1.98594732,0.54037241,5.3
60238,1.99990261,0.57921103,6.9
60243,2.00079048,0.61171327,5.6
60247,2.00348854,0.60361199,4.9
60254,2.00670016,0.55867393,6.1
60257,2.00819096,0.66923899,5.9
60291,2.01902219,0.59341602,6.0
60313,2.02867357,0.69038889,6.8
60328,2.03616408,0.6548023,5.5
60340,2.03987851,0.58321399,5.3
60379,2.05529602,0.58003521,6.0
60380,2.05513799,0.55175937,6.9
60384,2.05624737,0.64720057,6.7
60453,2.07554387,0.61807471,6.1
60474,2.0836782,0.5699651,6.9
60505,2.09377173,0.62975101,6.5
60523,2.10276272,0.61807471,6.3
60532,2.11039374,0.63433007,6.8
60538,2.1124589,0.57649767,6.6
60591,2.13086339,0.66091595,6.5
60604,2.13588216,0.56237825,6.7
60611,2.13886231,0.6188046,6.6
60625,2.14397096,0.67599651,6.5
60706,2.17222799,0.62358113,6.9
60744,2.18514248,0.62444914,6.9
60794,2.20383794,0.61106353,6.2
60830,2.21685671,0.62643721,6.9
60846,2.22187301,0.57059075,6.6
60866,2.23110827,0.65040955,6.1
60890,2.23801934,0.6635114,6.0
60896,2.23996749,0.63593418,6.1
60907,2.2459363,0.63564072,5.8
60939,2.26158288,0.57250072,6.1
60963,2.26688257,0.56750496,6.9
60968,2.26866412,0.5711972,6.9
60970,2.27026233,0.55749399,6.1
60972,2.2713776,0.58080408,6.8
61012,2.28448386,0.64078804,6.8
61018,2.28711465,0.64434119,6.3
61019,2.2874723,0.55959639,6.9
61029,2.29230242,0.53577754,6.1
61033,2.29349797,0.65084894,6.9
61074,2.31490153,0.5809357,6.2
61077,2.31576568,0.61210723,6.7
61102,2.32380627,0.56678123,5.8
61117,2.32970119,0.62025753,6.0
61125,2.33108226,0.53371063,5.6
61146,2.34285959,0.57439416,5.5
61152,2.34446886,0.566281,6.9
61155,2.3465002,0.66775473,6.9
61157,2.34737512,0.52767771,6.2
61161,2.34946457,0.62486923,6.5
61177,2.35420503,0.56581034,5.6
61181,2.35520322,0.6078065,6.9
61191,2.35843622,0.65631919,6.5
61202,2.36230852,0.56290999,5.8
61203,2.36351106,0.69313002,6.2
61213,2.36630569,0.67467801,6.9
61226,2.37271258,0.67617798,6.7
61242,2.37766088,0.56508477,6.4
61245,2.38044489,0.63146395,6.9
61254,2.38468401,0.6711172,4.7
61261,2.38609474,0.66808722,6.6
61276,2.39140222,0.56793959,6.3
61280,2.39320231,0.63375935,6.9
61288,2.39481717,0.59135444,6.0
61306,2.40264097,0.54040756,5.3
61353,2.42149373,0.67386232,6.8
61361,2.42268637,0.6044703,6.0
61379,2.43164755,0.58470615,6.8
61387,2.43662355,0.6172194,5.8
61391,2.43841913,0.64232717,3.8
61411,2.44777417,0.66651118,5.9
61414,2.44806368,0.60026314,3.3
61424,2.44980355,0.57424624,6.2
61425,2.45068683,0.56312316,6.6
61456,2.46254082,0.63856313,6.5
61493,2.47263457,0.63630593,6.9
61529,2.49023789,0.58740423,6.0
61540,2.49381327,0.61266472,5.5
61561,2.5023869,0.63681673,6.4
61570,2.50552072,0.63525728,4.6
61578,2.50919296,0.6915233,5.0
61586,2.51179045,0.62500575,5.5
61594,2.51639194,0.54387659,5.7
61633,2.53765106,0.545905,6.1
61636,2.53947697,0.69390878,5.5
61648,2.54256467,0.61249664,6.0
61649,2.54269805,0.52554758,6.7
61656,2.54623576,0.52315313,5.7
61669,2.55502865,0.6023523,6.3
61703,2.57206678,0.6413639,6.9
61705,2.57338908,0.54239714,6.9
61707,2.57536792,0.69170457,6.8
61725,2.58465874,0.6617332,6.7
61771,2.60281839,0.56521528,6.6
61808,2.62240607,0.55717406,5.6
61837,2.63497688,0.6635865,6.8
61874,2.65041002,0.61513742,4.5
61882,2.65405507,0.55159807,6.2
61914,2.66691509,0.65278819,6.1
61953,2.68390486,0.54922234,6.6
62010,2.7188113,0.59180794,5.8
62019,2.7233365,0.58849904,5.8
62031,2.72931011,0.63188438,6.6
62037,2.7303421,0.61828749,6.6
62038,2.73106634,0.58985235,4.8
62053,2.73965853,0.64066286,4.4
62076,2.74936147,0.67937348,5.9
62084,2.75150931,0.63308284,6.8
62101,2.75699139,0.56512869,5.8
62121,2.76423116,0.61066617,5.6
62147,2.77663114,0.63402236,6.3
62167,2.78323438,0.5947862,6.6
62173,2.78694371,0.55808978,4.8
62178,2.78871937,0.66165796,5.8
62206,2.80207761,0.55321633,6.3
62236,2.81811711,0.53550691,5.4
62257,2.82914417,0.65572607,6.9
62290,2.84744017,0.66906145,6.9
62297,2.85060962,0.59716232,3.9
62310,2.85784284,0.59401767,5.9
62314,2.86120478,0.58480631,5.2
62345,2.87781646,0.62994426,6.2
62354,2.88345737,0.6843804,5.1
62387,2.89951425,0.66743883,6.1
62427,2.92044998,0.63371814,6.0
62451,2.93449116,0.62506524,6.3
62456,2.93795142,0.58370762,6.8
62484,2.95912852,0.55028893,3.9
62486,2.96042275,0.57760411,3.7
62488,2.96184512,0.61940562,6.9
62491,2.96327171,0.66646309,4.8
62533,2.98402695,0.64987475,6.9
62550,2.99164996,0.52337397,6.9
62551,2.99509524,0.5838201,6.3
62572,3.00663231,0.68655968,5.3
62579,3.01099883,0.52298069,6.8
62590,3.02033867,0.63263715,6.6
62598,3.02393528,0.59431094,6.9
62604,3.02787536,0.64255072,6.3
62635,3.04794389,0.58687758,6.4
62655,3.05890943,0.59692985,5.5
62658,3.06118388,0.55407082,5.7
62671,3.06968851,0.55435521,6.8
62718,3.09663079,0.60967303,5.8
62731,3.10300401,0.58250257,6.1
62738,3.1109574,0.65831725,6.5
62754,3.12080207,0.6415185,6.5
62759,3.1241526,0.61680726,6.8
62763,3.12538865,0.61868426,6.7
62774,3.13338801,0.56328688,6.3
62784,3.13850815,0.5788799,6.0
62786,3.1413894,0.59402276,6.3
62802,3.14882624,0.62905113,5.6
62904,3.20315376,0.57219107,6.8
62928,3.2136005,0.57703048,5.1
62942,3.22224606,0.57158331,6.7
62943,3.22243929,0.52794319,6.1
62953,3.22984188,0.66152143,6.7
62961,3.23352482,0.66364574,6.9
63000,3.25437961,0.68100309,5.2
63007,3.26029693,0.63485891,6.8
63040,3.27716721,0.69083613,6.8
63066,3.28775067,0.6644306,6.7
63070,3.28841179,0.58027926,5.4
63072,3.2890292,0.58267507,6.4
63115,3.31064575,0.6034728,6.9
63118,3.31299184,0.62747883,6.3
63135,3.3210501,0.53123173,6.9
63146,3.32614101,0.58797544,6.6
63177,3.33790234,0.68554574,6.0
63217,3.3605341,0.65479639,5.9
63244,3.37816113,0.58528535,6.3
63255,3.38483105,0.55851952,6.9
63256,3.38596718,0.66872024,5.4
63257,3.38606019,0.66878215,2.9
63288,3.40459057,0.53730077,5.1
63290,3.40525911,0.55465274,6.7
63338,3.42844115,0.62480921,5.1
63372,3.44547404,0.65315651,6.1
63374,3.4457162,0.6725413,6.2
63380,3.44725857,0.6719329,6.0
63383,3.45036954,0.5986489,6.8
63396,3.45590762,0.55999151,6.7
63408,3.46037275,0.66805779,6.9
63414,3.46273178,0.64380236,6.7
63419,3.46336337,0.56777291,6.8
63429,3.46945792,0.61864068,6.7
63462,3.48395048,0.59512445,6.0
63468,3.4866044,0.61309553,6.0
63491,3.49581435,0.6607324,6.9
63499,3.50048391,0.52869717,6.9
63514,3.50767503,0.6463646,6.4
63599,3.54671681,0.60924305,6.8
63605,3.54902231,0.58743516,6.8
63616,3.55333015,0.67700081,6.2
63623,3.55522143,0.64895593,5.0
63648,3.56684503,0.63346507,4.9
63676,3.57905594,0.54125991,6.1
63701,3.58981393,0.6106732,6.0
63733,3.60509938,0.53925666,6.5
63735,3.60548961,0.6720209,6.0
63739,3.6084515,0.67269833,5.6
63760,3.61564386,0.54437309,5.8
63772,3.62046613,0.63936249,6.4
63779,3.6262503,0.60689282,6.6
63781,3.62658969,0.60500728,6.0
63793,3.62937356,0.60116659,5.0
63837,3.64849735,0.55907473,6.3
63881,3.66690091,0.68119827,6.7
63920,3.68357571,0.64921841,6.8
63962,3.70769776,0.65152661,6.4
63979,3.71428754,0.56366242,6.2
64038,3.73677676,0.64803891,6.9
64040,3.73676433,0.69367573,6.3
64041,3.73747075,0.56214573,6.8
64053,3.74371619,0.61975798,4.8
64064,3.74778012,0.67662091,6.5
64072,3.75156247,0.6770824,6.0
64074,3.75308628,0.5310907,6.3
64137,3.77638657,0.67008741,6.3
64161,3.78855792,0.63175441,6.2
64178,3.79534172,0.55486014,6.0
64180,3.79502771,0.67825114,6.4
64183,3.79662978,0.64828898,6.8
64202,3.8040752,0.53008175,3.8
64203,3.80515804,0.66860509,3.0
64212,3.81065386,0.64506511,6.4
64221,3.81440341,0.56783371,6.3
64227,3.81634174,0.6392407,6.2
64306,3.86253792,0.57226379,6.5
64307,3.86241262,0.59997729,6.7
64330,3.87180911,0.62077308,6.9
64331,3.87389332,0.62228498,6.9
64344,3.87948397,0.65993032,6.0
64355,3.88551365,0.65051888,5.5
64377,3.89597661,0.57056966,6.9
64393,3.90339557,0.5247171,6.8
64408,3.90944044,0.56374654,6.1
64418,3.91440416,0.61942075,6.8
64447,3.92444242,0.69193792,6.8
64449,3.92531617,0.6853077,5.6
64450,3.92579381,0.6126271,6.9
64471,3.93795068,0.55298731,6.8
64476,3.94052025,0.6144579,5.7
64484,3.94273856,0.60329099,6.4
64503,3.95572599,0.6362703,6.3
64515,3.96324007,0.58828785,6.9
64557,3.9810305,0.68046451,6.9
64572,3.9863011,0.66784486,6.4
64574,3.98851753,0.55480662,6.2
64589,3.99463476,0.58145295,3.5
64616,4.00502725,0.58633575,6.7
64617,4.00550002,0.53813446,6.9
64630,4.01209227,0.56749822,6.1
64647,4.01789905,0.54943581,6.9
64652,4.02035721,0.547468,6.0
64656,4.02215169,0.57480281,5.4
64667,4.02570133,0.6908259,5.9
64673,4.02824333,0.52862237,5.0
64686,4.03385187,0.65235443,4.5
64687,4.03395703,0.6518397,6.7
64701,4.04170687,0.59927475,5.9
64721,4.05144181,0.67585553,6.6
64736,4.05954232,0.54604604,6.4
64741,4.05991844,0.64235364,6.5
64745,4.0612502,0.60154416,6.7
64754,4.0638807,0.63907795,6.3
64769,4.07067388,0.54731867,4.2
64790,4.08079461,0.68085183,5.4
64797,4.08329363,0.66975192,6.5
64800,4.08423764,0.69467988,6.8
64802,4.08499009,0.62317442,6.9
64808,4.08795519,0.52344242,6.5
64825,4.09635451,0.60519384,6.2
64833,4.09877528,0.63942935,6.0
64834,4.09881085,0.63941601,5.1
64870,4.11892657,0.5675084,5.6
64915,4.13657672,0.55389309,6.6
64929,4.14308134,0.69066271,6.9
64948,4.15053382,0.62233831,4.8
64974,4.17044069,0.66230004,5.5
64988,4.17787099,0.69281378,6.4
65001,4.18426042,0.63955452,5.7
65019,4.19188227,0.55097349,6.7
65024,4.19335082,0.58125893,5.4
65025,4.19278912,0.68377569,6.7
65049,4.20328953,0.63934368,5.9
65065,4.21037411,0.68341077,6.8
65073,4.21388622,0.56283358,6.9
65108,4.22793569,0.63688519,4.9
65129,4.23967404,0.58193868,6.4
65132,4.24028098,0.63573482,5.7
65139,4.24162699,0.68164721,6.7
65165,4.25284066,0.5909426,5.4
65206,4.26630602,0.55508413,6.9
65233,4.27570877,0.69304562,5.5
65237,4.27738028,0.64534383,6.8
65254,4.28520765,0.53916939,4.7
65257,4.28634247,0.58990505,5.4
65259,4.28690825,0.58824039,5.3
65262,4.28889124,0.56431745,6.3
65270,4.29043716,0.62154738,6.8
65290,4.29962799,0.65264992,5.5
65356,4.32426477,0.61479024,6.5
65360,4.3262751,0.58492097,6.7
65380,4.33489746,0.53230807,6.7
65390,4.33582598,0.66481424,6.6
65485,4.36893844,0.55157543,3.0
65504,4.37596062,0.67932335,3.6
65508,4.37672108,0.63721186,6.9
65512,4.38017334,0.59408753,5.9
65574,4.40290538,0.61012032,6.8
65577,4.40370212,0.52298258,6.7
65595,4.41009163,0.56816857,6.3
65627,4.41990409,0.55329822,5.4
65716,4.45185394,0.53976867,3.9
65736,4.45759673,0.58587668,5.3
65745,4.46057062,0.55649096,6.6
65760,4.46558226,0.60010189,6.7
65761,4.46587846,0.61809541,6.8
65766,4.46757186,0.60720562,6.0
65810,4.48554963,0.54465419,6.6
65812,4.48564468,0.62718988,5.4
65821,4.48780547,0.61145109,6.8
65890,4.51624597,0.64244169,3.4
65913,4.52618722,0.57770626,4.6
65921,4.52769737,0.65086028,4.8
65930,4.53082005,0.67738769,6.0
65963,4.54073316,0.56666894,5.4
65965,4.54116862,0.57028115,6.8
65971,4.54328832,0.54554067,6.9
66000,4.55390399,0.64833266,5.5
66001,4.55392639,0.64831947,4.5
66006,4.55547203,0.67339738,6.4
66014,4.55727844,0.64493377,6.5
66018,4.55816056,0.57020178,6.9
66054,4.56738674,0.60555614,5.9
66102,4.58442202,0.6786229,6.5
66103,4.58551911,0.54381492,5.8
66118,4.59029244,0.5981382,6.5
66150,4.60224605,0.60652683,6.8
66165,4.60638881,0.65102914,6.1
66175,4.61034285,0.53730237,5.8
66203,4.61778537,0.64136375,6.9
66214,4.6200135,0.57141057,6.5
66231,4.62493969,0.54458728,6.3
66243,4.62811525,0.54607013,6.4
66273,4.63481942,0.66445805,6.3
66299,4.64620348,0.6146623,6.8
66311,4.64986052,0.54986201,6.3
66315,4.65085063,0.67860728,6.5
66317,4.65119308,0.686307,6.6
66326,4.65517025,0.62984763,6.6
66336,4.65944776,0.59825751,6.6
66341,4.6597889,0.63800225,6.7
66378,4.67292192,0.52352601,6.7
66402,4.67782484,0.6978189,6.1
66485,4.69604063,0.65014465,4.0
66506,4.70107117,0.58295781,6.8
66518,4.70402849,0.56982203,6.5
66524,4.7058565,0.52690506,4.5
66531,4.70673819,0.63333941,6.0
66535,4.70828869,0.52445893,6.9
66551,4.71503541,0.57969007,6.1
66562,4.71936332,0.58139511,6.3
66573,4.72363523,0.53329374,6.8
66596,4.72936216,0.53018686,6.7
66626,4.73781021,0.56252868,5.9
66648,4.74304256,0.53340714,5.2
66666,4.74745737,0.63532331,5.7
66680,4.75211936,0.54142101,6.9
66682,4.75239884,0.53179048,6.6
66700,4.75438415,0.67121213,6.4
66703,4.75594833,0.63645957,5.9
66730,4.76133012,0.68243809,6.9
66733,4.76366377,0.58375955,5.9
66737,4.76432642,0.54812487,5.0
66765,4.76945827,0.67672645,5.9
66869,4.7990525,0.62944577,4.3
66933,4.81595413,0.66924316,6.8
66936,4.81692162,0.67612407,6.5
66943,4.81811274,0.6895298,5.0
67090,4.85564728,0.53326945,5.4
67097,4.85576363,0.67776797,6.9
67102,4.85805772,0.53917385,6.4
67134,4.86608893,0.60140211,5.9
67143,4.86667223,0.67884232,6.9
67152,4.87055334,0.53380575,6.6
67164,4.87217627,0.58414464,5.5
67174,4.87356548,0.67690258,0.1
67193,4.87866519,0.69234031,5.8
67226,4.88706531,0.53842384,6.5
67233,4.88781268,0.66963285,6.5
67250,4.89247991,0.52873736,6.9
67256,4.89428887,0.55183132,6.5
67265,4.89624102,0.60644243,6.1
67287,4.90122881,0.68591808,6.5
67292,4.90263765,0.6380358,6.3
67293,4.90376288,0.55722303,5.5
67302,4.90474375,0.67252796,6.8
67309,4.9058516,0.69238908,6.0
67310,4.90585669,0.69237304,5.1
67315,4.90604024,0.69137592,4.5
67321,4.90774754,0.65633286,4.3
67324,4.90788098,0.65614829,5.9
67334,4.9103115,0.63822643,6.9
67396,4.92164363,0.55426198,5.8
67427,4.9279258,0.58818968,6.9
67438,4.92939231,0.55203218,6.5
67441,4.92953019,0.57268941,5.8
67446,4.93004012,0.56812149,5.2
67451,4.9309042,0.58228911,3.9
67452,4.93090508,0.5822893,3.8
67463,4.93346984,0.68661262,6.9
67468,4.93501707,0.60029843,6.9
67485,4.93757107,0.63771752,6.0
67537,4.94681317,0.64527785,5.5
67559,4.95020602,0.64400628,4.5
67566,4.95182663,0.59286546,6.1
67595,4.95625853,0.62501278,6.7
67612,4.96121519,0.57423689,5.2
67621,4.96186874,0.63651988,6.7
67642,4.96560186,0.66787084,5.8
67661,4.96916902,0.52675259,6.5
67663,4.96957881,0.57053999,3.3
67667,4.97003041,0.57800413,6.9
67675,4.97071844,0.68447726,6.3
67682,4.97425105,0.56104641,5.1
67689,4.97596969,0.58890614,6.9
67699,4.9782019,0.58995799,6.1
67721,4.98206395,0.58680394,6.2
67781,4.99588063,0.53639984,6.4
67782,4.99584929,0.55404391,5.8
67821,5.00242358,0.65255088,6.8
67834,5.00604943,0.63006788,5.1
67835,5.0065939,0.56726076,5.0
67869,5.01287737,0.52885692,6.9
67870,5.01238614,0.60668105,6.6
67879,5.01377709,0.6038943,6.5
67883,5.01513925,0.53348553,6.7
67896,5.01680771,0.65962799,6.8
67899,5.0175518,0.62240579,6.6
67946,5.02552861,0.54600042,5.8
67969,5.02830383,0.63149391,6.8
68010,5.03422173,0.68322698,4.5
68027,5.03891732,0.55606932,6.7
68040,5.04144194,0.53278672,6.1
68049,5.04371087,0.54167016,6.9
68051,5.0438385,0.54525201,6.8
68065,5.04560775,0.66555911,4.5
68089,5.04982068,0.68278197,6.6
68095,5.05278411,0.54144021,6.5
68125,5.05736516,0.58274556,6.3
68129,5.05717848,0.65354479,6.2
68136,5.05910904,0.55791699,6.6
68144,5.05992309,0.65153931,6.4
68159,5.06330881,0.56022975,6.6
68164,5.06385946,0.61411553,6.3
68215,5.07260996,0.58500062,6.3
68225,5.07315995,0.65591655,6.7
68239,5.07701771,0.57983493,6.5
68248,5.07876515,0.57113534,6.8
68258,5.07935027,0.63620863,6.5
68301,5.08829836,0.63386538,5.1
68346,5.09465485,0.66219523,6.4
68373,5.09917001,0.69709856,6.9
68394,5.10290807,0.63333422,6.6
68402,5.10635074,0.58867488,6.6
68417,5.10849705,0.63230661,6.0
68429,5.11063123,0.58416878,6.6
68447,5.11281943,0.60131868,4.9
68472,5.11780737,0.54517652,6.7
68491,5.12014902,0.57947239,6.6
68499,5.12082628,0.67652835,6.5
68529,5.12662164,0.58984488,6.7
68552,5.13041955,0.64480326,5.9
68585,5.13538429,0.66992539,6.4
68592,5.13691072,0.67359281,6.8
68596,5.13860646,0.61126618,6.7
68603,5.14010249,0.61538162,6.6
68637,5.14600142,0.52627626,4.8
68654,5.14763061,0.59304829,6.1
68704,5.15604171,0.53771369,6.9
68705,5.15592361,0.57741164,6.9
68708,5.15597699,0.69852251,6.8
68730,5.16068654,0.56594963,5.9
68744,5.16250038,0.53544471,6.1
68748,5.16214113,0.69807905,6.9
68751,5.16259012,0.67495358,6.6
68764,5.16554729,0.59625019,6.0
68778,5.16738184,0.65195591,5.0
68783,5.16895046,0.6006347,6.8
68805,5.1734193,0.62990964,6.5
68810,5.1742764,0.61108845,6.2
68827,5.17676277,0.58865888,5.0
68835,5.17744985,0.57401513,6.2
68859,5.1812895,0.67033825,5.7
68870,5.18359443,0.54988857,6.6
68893,5.18681805,0.61629985,6.5
68895,5.1873111,0.58359112,6.4
68897,5.18682663,0.69667886,6.9
68909,5.18998931,0.67561923,6.2
68935,5.19379159,0.63002876,6.6
68943,5.19481689,0.57446072,4.2
68947,5.19482555,0.67583352,5.4
68953,5.19577115,0.66019464,6.3
68974,5.1997172,0.54351977,6.9
69004,5.20226821,0.63586354,6.3
69040,5.20888643,0.60359997,6.8
69052,5.21051504,0.58958997,6.9
69072,5.21331804,0.64570298,5.8
69079,5.21464682,0.52700866,6.4
69101,5.21793298,0.67171968,4.9
69116,5.21987146,0.61232118,4.0
69122,5.22156108,0.54013834,6.8
69129,5.22174558,0.63269528,6.0
69137,5.22349636,0.53716895,6.9
69155,5.22501196,0.67122042,6.7
69166,5.2266509,0.66533919,6.9
69188,5.23002149,0.54076709,5.4
69193,5.22976129,0.66506513,6.6
69199,5.23100928,0.61954903,6.8
69222,5.23447143,0.55547847,6.7
69231,5.23563818,0.64652227,5.1
69252,5.23924839,0.63861432,6.7
69254,5.24026527,0.54507927,6.7
69267,5.24146634,0.64749829,6.4
69283,5.2443905,0.54311064,6.6
69307,5.24826426,0.55777974,6.5
69324,5.25121968,0.62874895,6.7
69343,5.25439502,0.54529971,6.9
69362,5.25606791,0.56232036,5.7
69377,5.25851698,0.67157385,6.6
69413,5.26374998,0.62783944,5.5
69438,5.26698299,0.64274823,6.9
69457,5.26953735,0.60078848,6.1
69518,5.2771208,0.64297304,4.8
69562,5.28356376,0.53737248,6.7
69636,5.29442422,0.67594561,6.8
69653,5.29743774,0.63888146,6.4
69660,5.29843207,0.52669019,6.9
69678,5.29940335,0.64239253,5.0
69681,5.29995924,0.64144515,6.6
69685,5.30099771,0.57367145,6.7
69701,5.30316068,0.58868875,5.8
69720,5.30604971,0.67889357,6.1
69725,5.30785518,0.64675711,6.3
69743,5.30981002,0.54988949,6.8
69764,5.31199808,0.69104392,6.6
69773,5.31359455,0.66380141,4.9
69803,5.31660822,0.64577051,5.5
69806,5.31737224,0.61056349,5.2
69820,5.31871062,0.68075002,6.7
69841,5.32240286,0.64808264,6.5
69856,5.32436228,0.68771761,6.2
69888,5.32977186,0.53391004,6.8
69916,5.3343223,0.61069837,6.7
69917,5.33470082,0.54567695,6.2
69929,5.33617664,0.68436202,6.6
69950,5.34009599,0.5618258,4.6
69951,5.3395705,0.65408555,5.7
69952,5.33985019,0.64622352,6.7
69986,5.34425882,0.70081068,6.9
70033,5.35262564,0.68933733,6.5
70044,5.35435686,0.59915408,6.4
70056,5.35628894,0.67091169,5.5
70063,5.35843606,0.59145795,6.9
70095,5.36425048,0.53003085,4.1
70096,5.36400787,0.63625585,5.9
70135,5.371195,0.64465219,6.3
70153,5.37389102,0.59918351,6.5
70203,5.38391968,0.61524378,4.9
70206,5.38448044,0.6052702,6.6
70220,5.38757927,0.56734036,6.8
70286,5.39906696,0.66494465,6.9
70287,5.3997416,0.55104563,6.2
70288,5.39914397,0.66896216,6.3
70289,5.39980349,0.55016084,6.4
70321,5.40470823,0.67431154,6.8
70323,5.40611998,0.52943598,5.9
70343,5.410185,0.61768749,6.9
70362,5.41506995,0.56386692,5.9
70367,5.41490677,0.68211952,6.4
70406,5.42086023,0.61882636,6.5
70423,5.42536805,0.62112399,5.7
70467,5.43522691,0.53616229,4.3
70474,5.43762317,0.59289281,2.6
70499,5.4418492,0.59994079,5.2
70505,5.44284738,0.63688587,4.5
70544,5.45065984,0.62070293,6.7
70564,5.45677132,0.53952694,6.8
70575,5.45822875,0.60657309,6.7
70596,5.46290405,0.57332704,6.4
70599,5.46315014,0.60489427,6.9
70636,5.46966669,0.55198544,6.9
70645,5.47116673,0.5835997,5.7
70712,5.48564852,0.61630446,6.8
70732,5.49019634,0.53051076,6.6
70770,5.49653909,0.67758791,6.7
70794,5.50307964,0.62877925,6.1
70818,5.50803361,0.68956398,6.5
70832,5.51122691,0.67469843,6.2
70917,5.52616365,0.54427559,5.7
70919,5.52793567,0.67624154,5.4
70968,5.53552138,0.52718926,5.7
71032,5.5460692,0.63353959,6.4
71050,5.54992027,0.53441167,6.8
71070,5.55423269,0.52756004,3.4
71073,5.55402354,0.62478613,6.7
71086,5.55641973,0.6393749,6.0
71121,5.56232593,0.66401987,3.8
71165,5.57377798,0.68756703,4.3
71169,5.57461057,0.68434132,6.9
71173,5.57596859,0.60906454,4.4
71195,5.58069806,0.69375752,6.6
71202,5.58212996,0.67730343,6.9
71203,5.58230813,0.66736838,5.8
71220,5.58655277,0.58442966,6.8
71230,5.58869567,0.56640908,6.4
71237,5.59101449,0.56919967,6.0
71259,5.59682527,0.52900663,6.3
71266,5.59719143,0.67429399,6.5
71276,5.59981349,0.65286756,6.6
71280,5.60165969,0.65190666,6.6
71287,5.60415827,0.53994422,6.7
71329,5.61028896,0.63996899,5.8
71358,5.61715079,0.64781129,5.2
71371,5.62055637,0.56243705,5.7
71415,5.63222695,0.55777019,6.9
71480,5.64952687,0.67254639,5.0
71538,5.66276912,0.68621367,6.7
71574,5.67186003,0.68966744,6.8
71613,5.68112606,0.61976894,6.4
71635,5.68512766,0.66156225,6.8
71643,5.68727558,0.6681786,5.6
71646,5.68807516,0.66854226,6.9
71675,5.6973742,0.62582819,6.6
71716,5.70783359,0.63845245,6.6
71718,5.70893446,0.57240225,6.8
71722,5.70936156,0.6745443,5.8
71754,5.71819801,0.5699856,6.9
71767,5.72067492,0.69004608,6.2
71841,5.73930908,0.63087423,6.9
71929,5.76082972,0.60440379,6.9
71932,5.76153541,0.57606706,6.5
71970,5.77102142,0.58258043,6.9
71998,5.77954044,0.57494753,6.4
72064,5.79984873,0.57896702,5.6
72077,5.80316486,0.57906883,4.4
72083,5.80370016,0.61460242,6.8
72095,5.80697295,0.5332536,6.4
72132,5.81542696,0.60396566,5.4
72155,5.82014531,0.6931546,4.6
72191,5.82926909,0.65884133,4.2
72228,5.84221478,0.65919898,6.1
72284,5.8592364,0.63982466,6.6
72296,5.86388683,0.67323443,6.2
72313,5.86885389,0.57231315,6.9
72344,5.87635299,0.65351847,6.4
72358,5.87932317,0.69481315,6.1
72366,5.88075572,0.55571618,6.3
72399,5.88931896,0.62353046,6.5
72406,5.89061974,0.56849946,5.5
72407,5.89108516,0.54481844,6.6
72446,5.90113295,0.69428999,5.8
72508,5.91608882,0.69164155,6.5
72509,5.91610882,0.69174908,5.8
72517,5.91723725,0.62094068,6.2
72518,5.91723718,0.64163021,6.9
72525,5.9182899,0.66047467,6.8
72535,5.92021129,0.62225215,6.5
72569,5.93008426,0.65232471,6.7
72575,5.93089729,0.68155621,4.9
72578,5.9320303,0.65194849,6.7
72580,5.93214527,0.6762906,6.9
72581,5.93224861,0.65611702,6.1
72625,5.94076618,0.54045599,6.5
72627,5.94056329,0.702068,5.2
72652,5.94688421,0.6597811,6.2
72675,5.95195112,0.68880364,6.1
72682,5.95542862,0.68418953,6.6
72692,5.95843582,0.53132132,6.5
72732,5.9698206,0.65304558,6.0
72812,5.99166558,0.70105076,6.2
72833,5.99839259,0.62804529,6.9
72838,5.99976173,0.6471119,6.0
72851,6.00280827,0.63445453,5.6
72883,6.01125516,0.68607075,6.1
72924,6.02447821,0.54250316,6.5
72929,6.02536672,0.67558224,6.4
72940,6.02948156,0.60408391,6.7
72949,6.03251632,0.55467732,6.5
72981,6.0414759,0.54642822,6.8
72992,6.04846681,0.64263876,6.7
73007,6.05229417,0.62196975,6.5
73010,6.05394075,0.57291984,6.2
73049,6.06447294,0.68887098,6.5
73052,6.06566514,0.58935614,6.9
73054,6.0662667,0.56701001,6.9
73086,6.07556567,0.64521002,6.8
73122,6.0912484,0.61783875,6.9
73170,6.10606188,0.62526639,6.6
73171,6.10628084,0.6072559,6.1
73187,6.11225772,0.53084063,5.8
73190,6.11252621,0.66640622,5.8
73205,6.11700691,0.55523074,5.4
73223,6.12519621,0.56778023,6.5
73239,6.12925548,0.63464453,6.8
73241,6.12980155,0.56522163,5.5
73250,6.13491064,0.6866071,6.8
73308,6.15516926,0.67478036,6.2
73311,6.15791575,0.68480238,5.3
73325,6.16280348,0.61003495,6.5
73341,6.16953521,0.54673118,5.2
73345,6.17251849,0.58463915,5.7
73346,6.17246984,0.70225936,5.5
73351,6.17313459,0.66364288,6.3
73358,6.17620702,0.54135479,6.7
73359,6.17637203,0.5619472,6.6
73368,6.18068481,0.57428624,6.3
73422,6.19611985,0.65716082,6.2
73428,6.19887434,0.64089974,6.3
73535,6.23816454,0.63573923,5.9
73556,6.24528526,0.70160379,6.7
73582,6.2523953,0.6449809,6.7
73597,6.25731218,0.6856077,6.7
73640,6.27599884,0.61109557,6.7
73650,6.27804459,0.56517082,6.4
73656,6.28094503,0.58860478,5.8
73664,8.61e-05,0.67822574,6.6
73668,0.00093317,0.6685268,6.6
73731,0.021525,0.46511017,6.5
73733,0.02189741,0.48301633,6.6
73738,0.02622546,0.49353141,6.9
73743,0.02885458,0.50651879,6.2
73744,0.02874921,0.49835327,6.8
73765,0.03659875,0.50772379,2.1
73769,0.03870311,0.44440839,6.4
73772,0.03929165,0.49301969,6.5
73802,0.05246249,0.40966494,6.6
73823,0.05846584,0.47101477,6.3
73838,0.06516376,0.38893315,6.0
73842,0.06622172,0.4761777,6.1
73938,0.09960819,0.5140796,6.9
73997,0.1181545,0.43706603,6.7
74041,0.1314334,0.5192642,5.3
74083,0.14213271,0.48137257,6.5
74084,0.14220521,0.35420342,5.5
74090,0.14319554,0.49358435,6.4
74136,0.15853596,0.47568251,6.3
74148,0.16196866,0.41912676,6.4
74164,0.1682312,0.51158655,4.5
74175,0.17175342,0.37089066,6.1
74182,0.17421018,0.37416911,5.6
74200,0.18151359,0.42985472,6.0
74267,0.20655455,0.42354172,4.3
74280,0.20906274,0.36521315,6.6
74295,0.21764314,0.48364436,6.3
74296,0.21767165,0.48363408,6.3
74342,0.2339435,0.51468053,6.7
74359,0.23984038,0.41239284,5.6
74365,0.24104837,0.42860162,6.4
74373,0.24423854,0.47489129,5.9
74388,0.24961539,0.4087167,4.6
74395,0.25235636,0.50600862,5.6
74402,0.25445046,0.37357813,6.4
74439,0.26933056,0.44143255,6.8
74443,0.27311319,0.48429634,6.7
74445,0.27418933,0.45900312,6.9
74471,0.28126119,0.51764216,6.1
74482,0.28659332,0.37477911,5.5
74483,0.28664677,0.37464176,5.8
74506,0.29650279,0.36196786,5.6
74510,0.29783127,0.50383835,6.8
74523,0.30391411,0.41528035,6.6
74530,0.30684524,0.4443218,6.1
74544,0.31177478,0.36712395,4.9
74546,0.3126785,0.52516254,4.7
74561,0.31848266,0.52471899,6.4
74566,0.32090773,0.51898936,6.9
74571,0.3217881,0.42906297,4.6
74576,0.32325098,0.49793851,6.6
74593,0.33197711,0.44975598,6.9
74596,0.33361292,0.41171236,6.5
74637,0.34673838,0.47584797,4.7
74647,0.35396492,0.50157849,5.6
74682,0.36396965,0.35725188,6.3
74707,0.37347064,0.41034388,6.1
74721,0.37843094,0.47554424,6.9
74747,0.39004269,0.44114036,6.8
74751,0.39133692,0.39838774,6.8
74845,0.43032227,0.37346924,6.9
74870,0.44202914,0.44934442,6.3
74872,0.44354423,0.52442291,6.0
74883,0.44722528,0.35375347,5.3
74953,0.47757961,0.46203844,6.7
74966,0.48058703,0.38877834,6.2
74983,0.48501616,0.35805071,6.8
74984,0.48529658,0.43025193,6.9
74989,0.48945243,0.42092484,6.8
74996,0.49341178,0.51624871,3.6
75012,0.50021151,0.36316777,2.7
75030,0.50549208,0.41150287,6.0
75048,0.513696,0.48527964,6.0
75051,0.51456153,0.41182934,4.8
75077,0.52182865,0.3675373,6.1
75093,0.53038418,0.40832259,6.5
75100,0.53288647,0.49567462,6.7
75114,0.53954999,0.45266195,5.7
75146,0.55224385,0.39528779,5.1
75148,0.55335489,0.51084968,6.5
75149,0.55335984,0.4486315,6.0
75151,0.5548982,0.40949598,2.2
75153,0.55566964,0.47539162,6.8
75171,0.56471175,0.45273535,5.1
75188,0.57247119,0.45268314,6.2
75203,0.57868798,0.42180574,6.2
75204,0.57945389,0.37020058,5.4
75223,0.58744881,0.50075222,6.6
75231,0.59081802,0.42362001,6.9
75238,0.59215894,0.43708431,5.6
75239,0.59239653,0.44999868,5.8
75262,0.59852627,0.41482952,6.5
75265,0.59960779,0.50170202,6.6
75269,0.60194108,0.50627376,6.9
75276,0.60628513,0.49990642,5.3
75277,0.60635814,0.40435536,6.4
75287,0.61118463,0.52688751,6.6
75308,0.62007316,0.39922036,6.6
75360,0.63646376,0.43911893,6.9
75370,0.64191937,0.47146943,6.2
75382,0.64649752,0.5178278,5.4
75391,0.64929666,0.52241001,5.9
75398,0.65112555,0.40960846,6.1
75407,0.65685066,0.44043224,5.9
75471,0.68507911,0.43018003,6.6
75476,0.6875433,0.35910038,6.9
75495,0.69296684,0.3832983,5.4
75510,0.70112014,0.47230064,5.4
75532,0.71319338,0.48358109,4.6
75539,0.71494664,0.44746824,6.4
75578,0.73263991,0.51045936,4.6
75588,0.73637681,0.43961484,5.9
75596,0.74169396,0.47578611,3.7
75638,0.76516936,0.48384725,6.7
75651,0.76910035,0.50901199,6.5
75662,0.77705062,0.36073769,5.9
75671,0.78053313,0.37730028,6.7
75673,0.78195812,0.3724586,4.6
75693,0.79369844,0.46185504,5.9
75696,0.79601784,0.46442091,6.7
75709,0.80068921,0.4934006,6.3
75723,0.80915471,0.44078775,5.4
75755,0.82612855,0.36234916,6.7
75757,0.82733966,0.50749079,5.6
75762,0.82966793,0.4855488,6.4
75771,0.83099831,0.46942982,6.1
75788,0.83879368,0.47572507,5.6
75806,0.84773434,0.40061905,6.9
75810,0.85041873,0.36729509,5.0
75863,0.87235919,0.47248002,5.9
75871,0.87414866,0.50699124,4.7
75875,0.87452471,0.44789963,6.4
75883,0.87641119,0.35795811,6.9
75886,0.87801908,0.36908473,5.2
75892,0.88225768,0.48184129,5.6
75899,0.88468158,0.36201469,5.3
75912,0.89146015,0.43151719,5.7
75915,0.89201582,0.3630902,5.9
75917,0.89263337,0.38467348,6.9
75927,0.90140627,0.50117066,6.5
75945,0.90950315,0.39800794,6.1
75969,0.92210333,0.48121922,6.9
75970,0.92217038,0.48121995,6.5
75999,0.93568788,0.42698695,5.9
76024,0.94537402,0.51005192,6.6
76029,0.94669749,0.40510731,6.7
76043,0.95417121,0.39548695,6.6
76045,0.95557598,0.36505248,6.4
76073,0.9632987,0.44208438,6.1
76080,0.96562843,0.50096622,6.9
76121,0.9794286,0.36527211,6.0
76122,0.98009517,0.48690352,6.7
76126,0.98088748,0.42393122,5.4
76131,0.98120403,0.42085779,3.8
76137,0.98245565,0.43352636,5.6
76140,0.98265498,0.42703383,4.4
76155,0.98535435,0.42529723,4.0
76159,0.98570407,0.42855959,5.9
76164,0.98631959,0.42809305,6.5
76172,0.98753558,0.41797756,4.3
76183,0.99042715,0.42796176,6.7
76197,0.99224055,0.41739583,6.9
76199,0.99258867,0.42071322,3.0
76200,0.99261572,0.42391531,6.8
76206,0.99531269,0.43613296,6.8
76215,0.99635407,0.40877667,5.5
76216,0.99702675,0.42490632,6.6
76225,0.99898065,0.41638776,6.6
76228,0.99990895,0.41981151,3.8
76229,1.00001403,0.42126411,5.2
76236,1.00077819,0.42552237,6.6
76242,1.00197345,0.39328677,6.9
76244,1.00236564,0.41384816,6.1
76250,1.00320318,0.3882372,5.9
76251,1.00343044,0.41623553,6.7
76256,1.00493949,0.44644373,5.4
76264,1.00737779,0.41821293,6.8
76272,1.00976271,0.43918035,6.9
76275,1.01059029,0.38452478,6.8
76286,1.01312109,0.43917759,6.8
76339,1.03352995,0.392317,5.8
76343,1.03438538,0.40448762,6.0
76350,1.03602883,0.42693982,6.4
76388,1.05132896,0.40494485,6.9
76393,1.05206964,0.35254293,6.8
76425,1.06622549,0.42072742,5.7
76430,1.06768459,0.3854023,4.5
76438,1.0704857,0.38412535,6.0
76455,1.07602457,0.48170898,5.3
76461,1.07777536,0.50616745,5.3
76485,1.09445663,0.4621787,5.5
76505,1.1032832,0.39118937,6.2
76532,1.12251164,0.35916413,4.8
76541,1.12742401,0.37662988,5.6
76548,1.13200041,0.36900357,5.4
76551,1.1327709,0.38002062,5.3
76558,1.13600943,0.47735996,5.1
76564,1.14113139,0.3672182,6.9
76571,1.14484574,0.36340271,6.1
76573,1.14573004,0.44731329,5.4
76585,1.14990887,0.36620852,5.9
76591,1.15190087,0.42413304,6.2
76601,1.15788924,0.38909997,4.4
76602,1.15809868,0.38745917,5.4
76608,1.16198509,0.39817146,4.4
76613,1.16627889,0.4013612,5.4
76618,1.16942609,0.37734062,5.7
76627,1.17517891,0.47829599,6.6
76634,1.17955881,0.49099884,6.6
76654,1.19831398,0.50546645,5.7
76658,1.19884921,0.3960585,6.8
76670,1.206399,0.40737289,6.0
76680,1.21415298,0.36101675,5.7
76682,1.21515604,0.47019146,6.5
76689,1.21905118,0.44014547,6.3
76697,1.2233684,0.523111,6.9
76707,1.22753028,0.49942514,5.7
76721,1.23152606,0.40067335,4.3
76727,1.23582263,0.42042955,6.2
76737,1.24663414,0.41238766,6.2
76767,1.25982331,0.37202527,6.9
76802,1.27751804,0.48690337,5.9
76812,1.2809239,0.40693462,6.6
76848,1.29267484,0.42921321,6.3
76858,1.29944788,0.41798342,6.0
76862,1.30095548,0.43721055,5.6
76880,1.30853879,0.47690913,6.6
76903,1.31657901,0.46549458,6.9
76920,1.3225039,0.37681542,4.7
76939,1.32802365,0.37137436,6.3
76941,1.32920611,0.48339061,6.5
76954,1.33355947,0.40248878,6.7
76955,1.33469968,0.46128829,6.6
76971,1.34305973,0.35636666,5.3
76972,1.3435754,0.37882066,6.0
76974,1.34438516,0.42350749,5.5
76989,1.35145375,0.52009226,6.6
76990,1.35154588,0.48922272,6.0
76998,1.35290797,0.480947,6.9
77025,1.35977293,0.52191342,6.7
77028,1.36291969,0.46171565,6.8
77057,1.37645915,0.38894216,6.2
77079,1.38430361,0.50448121,6.9
77082,1.38548745,0.41904953,6.9
77084,1.38544294,0.35136232,6.8
77097,1.39310588,0.38565639,5.1
77098,1.39296822,0.35141565,6.2
77121,1.4005788,0.48794713,6.3
77124,1.40155233,0.51609279,5.7
77139,1.41101929,0.50504243,6.4
77157,1.41883436,0.35925532,6.8
77168,1.42371714,0.49929327,1.8
77184,1.42957606,0.38287201,4.8
77200,1.43671403,0.43893499,6.6
77201,1.43673424,0.4389584,5.9
77205,1.43848721,0.5093964,6.2
77215,1.44099299,0.35869401,6.9
77220,1.44305008,0.39204216,6.5
77252,1.45521691,0.42985942,6.9
77255,1.45581025,0.35733987,6.1
77285,1.46368293,0.41957177,5.3
77295,1.46574932,0.48279564,6.5
77310,1.46827292,0.45272866,6.3
77313,1.46799949,0.38385666,6.7
77322,1.47108312,0.46991628,5.7
77336,1.47325286,0.36900638,3.0
77350,1.47897899,0.46456922,6.5
77354,1.48050564,0.5099025,6.0
77358,1.481132,0.37983218,6.3
77360,1.48238456,0.45198923,5.0
77393,1.48942195,0.51465304,6.8
77413,1.49186199,0.40712016,6.5
77420,1.49254209,0.39549806,6.5
77449,1.49826975,0.50963847,6.7
77450,1.49803479,0.40498891,6.1
77459,1.49945141,0.44400939,6.9
77560,1.51659353,0.44625441,6.6
77578,1.52006593,0.36424149,5.9
77592,1.52286988,0.42878173,5.0
77625,1.5313849,0.48813131,5.6
77675,1.54168234,0.48192322,4.5
77680,1.54164089,0.35428598,6.6
77705,1.54628398,0.35388577,4.6
77730,1.5525636,0.35212149,5.4
77744,1.55580104,0.50513901,6.4
77750,1.55742449,0.42323808,6.0
77775,1.56204597,0.45298096,4.9
77800,1.56591333,0.44989774,6.6
77813,1.56931243,0.37706573,6.7
77819,1.57123673,0.47598842,6.8
77831,1.57285742,0.39967313,6.9
77837,1.57519216,0.481228,6.1
77858,1.57818649,0.39096839,6.3
77889,1.58439201,0.35930066,6.9
77911,1.58790063,0.35148042,4.7
77915,1.58877395,0.40602205,4.3
77958,1.59861077,0.5150885,6.3
77971,1.60051405,0.41257038,6.9
77983,1.6026427,0.36337959,6.9
78045,1.61242018,0.38728914,6.0
78050,1.61326899,0.4034058,5.8
78063,1.61660475,0.40138719,6.7
78077,1.62047887,0.36486782,6.9
78079,1.62114028,0.42621231,5.9
78098,1.6245473,0.39982822,6.3
78129,1.63395405,0.38016199,6.7
78135,1.63571159,0.39281709,3.7
78143,1.63789602,0.51483717,4.5
78168,1.64199412,0.41835445,6.1
78176,1.64487864,0.41435687,6.3
78196,1.65084854,0.47490482,6.7
78201,1.65207573,0.51978557,6.9
78210,1.6532936,0.4119537,6.6
78257,1.66271809,0.51263457,6.9
78259,1.66330583,0.51558999,6.3
78297,1.67097953,0.39293553,3.2
78331,1.67869891,0.43717933,6.6
78333,1.67933843,0.51848966,6.5
78348,1.68225414,0.4091394,6.8
78349,1.68227349,0.40713242,6.0
78355,1.68298573,0.37777632,6.6
78395,1.69198923,0.36284266,6.5
78402,1.69272532,0.35772487,6.1
78417,1.69708762,0.47067588,6.5
78423,1.69717155,0.35276716,4.1
78440,1.70329416,0.49239214,6.9
78445,1.70328347,0.39348467,6.8
78524,1.72439105,0.48907975,5.0
78540,1.72978979,0.476101,6.9
78545,1.73095777,0.40313067,6.8
78557,1.73421805,0.4291929,6.4
78568,1.73606228,0.41197382,6.8
78571,1.73827383,0.50587055,5.5
78572,1.73797407,0.42673761,6.7
78586,1.7413467,0.38451038,6.3
78593,1.74337514,0.49328347,5.8
78596,1.7432486,0.42934906,6.5
78636,1.75121683,0.4921206,6.5
78682,1.76248598,0.4386201,3.2
78691,1.76497017,0.36116142,6.2
78692,1.76608653,0.50563716,5.5
78696,1.76687934,0.39858807,6.8
78710,1.76969783,0.48299568,6.8
78717,1.77226397,0.40790647,6.5
78770,1.78534522,0.47456264,6.6
78795,1.79334181,0.44959885,6.9
78805,1.79572672,0.37980503,5.2
78813,1.7975535,0.44790991,6.6
78816,1.79768862,0.41192689,5.8
78852,1.80796614,0.36933576,6.6
78855,1.80951344,0.42315862,6.8
78858,1.81053744,0.37648871,6.8
78866,1.81213507,0.44288801,5.8
78921,1.82472602,0.39227361,6.9
78929,1.82731398,0.45520083,6.1
78947,1.83026228,0.45228782,6.3
78990,1.84185461,0.44376334,6.9
78999,1.84312427,0.42263894,5.2
79009,1.84789796,0.51202928,6.0
79031,1.85052323,0.35901903,3.9
79042,1.85574693,0.39509644,5.9
79065,1.86436536,0.42181229,6.9
79066,1.86495434,0.49178487,6.2
79070,1.8646945,0.39625088,6.5
79131,1.87671975,0.3708286,6.5
79141,1.88226866,0.46873348,5.6
79142,1.88277095,0.46088434,6.8
79162,1.88687247,0.42112099,5.8
79170,1.88852072,0.47516153,6.4
79172,1.88854363,0.44939581,6.9
79191,1.89561352,0.43128768,6.7
79199,1.89673249,0.43432363,6.0
79221,1.90220119,0.48690352,5.9
79241,1.90701299,0.46581766,6.5
79286,1.91773935,0.46814782,6.9
79294,1.92039785,0.38366405,3.5
79328,1.92835815,0.35680711,5.2
79352,1.93502465,0.43721681,5.1
79354,1.93500145,0.400472,6.0
79366,1.939747,0.48237318,5.7
79374,1.94484918,0.48516779,3.9
79375,1.94424123,0.35770654,6.9
79386,1.94969604,0.37586979,6.5
79391,1.95013499,0.35355687,5.9
79401,1.95335352,0.38643694,6.9
79403,1.95363124,0.37428804,5.3
79414,1.95765525,0.48087976,6.6
79427,1.9606154,0.49075493,5.0
79434,1.96267634,0.48722883,5.1
79483,1.97472646,0.37365075,6.8
79489,1.97590237,0.39946538,6.4
79512,1.98324526,0.50066568,6.7
79533,1.98933661,0.46941842,4.2
79553,1.99443457,0.35180335,6.8
79558,1.99695315,0.38991203,6.9
79562,1.99945421,0.42516579,6.3
79580,2.00363347,0.42276262,6.0
79607,2.0113807,0.40175443,6.2
79638,2.0215812,0.50411179,4.3
79641,2.02182962,0.39094299,6.3
79649,2.02443227,0.42313418,6.8
79650,2.02508066,0.45002069,5.4
79653,2.02653488,0.42582495,3.7
79665,2.02962092,0.35458565,6.3
79666,2.03032283,0.48914927,1.2
79703,2.04412795,0.5020332,6.9
79704,2.04448138,0.40389013,6.2
79726,2.04986557,0.45838736,6.8
79730,2.05054145,0.49216404,6.6
79747,2.05705553,0.50907269,6.9
79772,2.06537457,0.48960703,6.7
79774,2.06601881,0.46715066,5.0
79799,2.07547835,0.34704083,5.4
79805,2.07741399,0.41230786,6.7
79806,2.07806689,0.52102175,6.9
79847,2.09313876,0.40461755,6.9
79856,2.09673915,0.50985222,6.9
79861,2.09845699,0.4431869,5.9
79864,2.09881231,0.41160134,6.4
79869,2.10194212,0.43789715,6.2
79896,2.10974498,0.48510224,5.0
79903,2.1111555,0.38520629,6.9
79928,2.11890069,0.48048391,6.2
79940,2.12191065,0.39506633,6.2
79959,2.12827093,0.37667167,5.4
79974,2.13290361,0.47962336,6.8
79982,2.13624126,0.50775909,6.6
79991,2.13898099,0.45107186,6.7
79995,2.14000608,0.44518661,5.8
80016,2.15176495,0.51760376,5.6
80024,2.15415089,0.40382934,6.4
80030,2.15745472,0.3614189,6.8
80104,2.18194154,0.47503756,5.2
80112,2.18318676,0.36211291,5.9
80113,2.18399674,0.41926658,5.9
80181,2.20985569,0.48683172,5.8
80187,2.21124366,0.47009314,6.3
80188,2.2112598,0.47011074,6.3
80204,2.21924192,0.4214048,6.1
80210,2.22452678,0.45715235,6.7
80229,2.23187491,0.42029361,5.7
80243,2.23711177,0.35676518,5.5
80245,2.23839007,0.42035746,6.4
80275,2.2516561,0.41976604,6.8
80292,2.25744682,0.49383379,6.7
80310,2.26351133,0.41339364,6.8
80333,2.26939512,0.34919966,6.5
80336,2.26976055,0.34856232,6.5
80354,2.2744072,0.35739427,6.6
80378,2.28326533,0.37469587,4.7
80412,2.29658481,0.35982799,6.9
80415,2.29801845,0.50204721,6.6
80416,2.29814898,0.50195553,4.2
80423,2.29999932,0.49151759,6.6
80476,2.32336681,0.49321671,6.3
80478,2.32389295,0.49446555,6.1
80491,2.32967152,0.34849266,6.8
80503,2.3340896,0.45723952,6.7
80511,2.33726283,0.48742542,5.3
80519,2.33972025,0.42668845,6.7
80562,2.35603792,0.46137076,6.6
80585,2.36411247,0.48699437,6.0
80595,2.36813981,0.42678497,5.5
80609,2.3743654,0.48691671,6.3
80643,2.38869376,0.40109426,6.8
80649,2.39060489,0.44726244,6.8
80650,2.39110515,0.51756251,5.4
80659,2.39454745,0.46476557,6.0
80666,2.39703047,0.38476496,5.2
80674,2.4013455,0.38390985,6.1
80702,2.41562681,0.37146269,6.1
80741,2.43297138,0.47859929,6.5
80757,2.4402081,0.45817865,6.6
80797,2.45886152,0.43952534,6.5
80801,2.46149719,0.45236084,6.8
80807,2.46376909,0.45696797,4.6
80809,2.46421248,0.34534035,6.7
80864,2.48880453,0.38070828,6.8
80877,2.49271938,0.47799754,6.6
80885,2.49459895,0.40086567,4.5
80900,2.50150908,0.49511219,6.4
80909,2.50448101,0.40934521,6.4
80935,2.52126475,0.4305766,6.6
80950,2.52597401,0.35426218,6.8
80970,2.53789076,0.45226392,6.4
81002,2.5536169,0.40971308,6.8
81004,2.55625816,0.4149385,3.1
81015,2.56288722,0.41272872,6.7
81035,2.57363968,0.36965118,6.0
81054,2.58257962,0.42577782,5.3
81064,2.58641934,0.45390662,4.1
81120,2.61116179,0.48448333,6.4
81128,2.61567834,0.37213173,6.6
81129,2.61626673,0.51740766,5.9
81154,2.63027758,0.38308479,5.6
81208,2.65869008,0.35486248,6.6
81220,2.66661359,0.36122037,6.6
81243,2.67833522,0.4736107,6.1
81250,2.68124374,0.36944781,6.1
81258,2.68885505,0.51156439,5.4
81259,2.68985294,0.500603,6.5
81260,2.69015263,0.41020614,5.9
81264,2.69085265,0.44281287,6.0
81265,2.69081818,0.40870855,3.6
81270,2.69323008,0.40327898,5.9
81278,2.69728055,0.47848759,6.5
81285,2.70095076,0.43130067,6.6
81298,2.70514006,0.34630207,2.6
81299,2.70516187,0.34628132,3.8
81328,2.72138762,0.51689555,6.5
81329,2.72194823,0.44624554,6.9
81371,2.74464893,0.51884324,6.7
81381,2.7484363,0.49883672,6.9
81423,2.76999169,0.48802625,6.9
81463,2.79406531,0.48040561,6.9
81485,2.80575051,0.45946694,5.5
81490,2.8074309,0.40471383,5.0
81496,2.81103747,0.34485403,6.1
81533,2.83159134,0.51340499,6.3
81542,2.83570632,0.48823821,6.1
81547,2.83882319,0.40852301,6.6
81574,2.85619074,0.51714464,6.6
81576,2.85668009,0.44489795,6.2
81583,2.86065348,0.43196429,4.5
81584,2.86068627,0.4319478,6.3
81589,2.86356992,0.39011139,6.2
81591,2.8648435,0.44505896,6.4
81637,2.88995705,0.3522023,4.4
81648,2.89615035,0.4498558,6.9
81674,2.91068494,0.44570604,6.7
81681,2.91322417,0.4070755,6.4
81692,2.91826869,0.43037177,5.6
81725,2.93949778,0.35131088,6.9
81727,2.94135234,0.35820585,2.6
81736,2.94613316,0.40309257,4.9
81756,2.95719404,0.47756019,6.8
81886,3.03278316,0.35677012,6.4
81893,3.03817746,0.48487021,5.8
81930,3.05500585,0.41378668,6.8
81941,3.05774929,0.37267783,5.4
81949,3.06343397,0.3876529,6.6
81960,3.07273411,0.44014702,6.2
81988,3.08493308,0.41399719,6.9
81998,3.08916864,0.35288701,4.5
82062,3.12563176,0.46563741,6.9
82106,3.14917596,0.38561843,6.6
82123,3.16025335,0.37453374,5.8
82166,3.18857997,0.47614943,5.8
82177,3.19293689,0.40705252,6.8
82178,3.19330727,0.4515224,5.8
82181,3.19404002,0.49804972,6.4
82182,3.19462688,0.35852408,5.7
82211,3.21289837,0.41792534,5.1
82219,3.21798797,0.50504976,5.7
82237,3.22464895,0.45392354,6.4
82239,3.22588653,0.40202956,6.1
82244,3.22664735,0.49142959,6.3
82246,3.22817822,0.4967976,6.5
82249,3.23014819,0.45381891,6.1
82250,3.23029087,0.46459923,5.7
82271,3.23837058,0.4323838,6.0
82273,3.23979026,0.45109983,4.8
82288,3.2465633,0.45118933,6.6
82291,3.247659,0.45550602,5.1
82293,3.24825765,0.4465023,6.3
82297,3.25177565,0.41759165,6.1
82310,3.25678911,0.47592002,5.1
82313,3.25913112,0.49337617,4.6
82314,3.25935416,0.46819572,5.0
82321,3.26219534,0.45224482,6.6
82326,3.26653837,0.45774367,6.5
82328,3.2670078,0.45202723,6.7
82330,3.26774323,0.45226276,5.4
82333,3.27008816,0.42077886,5.5
82336,3.27127287,0.36470512,5.7
82346,3.27689669,0.42877829,5.4
82378,3.28806694,0.42382005,6.1
82390,3.29365832,0.39495395,4.8
82394,3.29489888,0.38190194,6.1
82420,3.31191788,0.39548337,6.5
82421,3.31229145,0.3676107,5.5
82456,3.33055494,0.45599151,6.7
82490,3.34468033,0.42141329,6.7
82511,3.35445221,0.43354129,6.4
82515,3.35666412,0.48087884,5.8
82519,3.35894076,0.46131946,6.9
82523,3.36102061,0.39903875,6.5
82537,3.36717057,0.48067541,5.1
82550,3.37414141,0.37079287,5.1
82589,3.39714129,0.49426968,6.6
82622,3.41644143,0.3950976,6.9
82648,3.43031411,0.50666069,6.4
82650,3.4311142,0.36919793,6.0
82651,3.43121288,0.39472434,5.9
82652,3.43122175,0.38886265,6.6
82659,3.43471437,0.48214149,4.9
82665,3.43783422,0.4809407,6.4
82666,3.43846225,0.43339371,6.9
82692,3.45083184,0.37061136,6.7
82699,3.45373803,0.3825465,6.8
82706,3.45519909,0.48656565,4.3
82708,3.45636286,0.42338784,6.5
82751,3.47554657,0.34531727,6.3
82806,3.50126698,0.36122716,6.7
82825,3.51296214,0.41633753,5.8
82875,3.54651697,0.42492324,6.2
82905,3.56476802,0.42958288,5.9
82942,3.58086686,0.34829233,5.6
82944,3.58076876,0.48983165,6.4
82946,3.58245679,0.39262481,5.8
82969,3.59430008,0.39619692,6.4
82993,3.60725472,0.44858734,5.9
83015,3.62030651,0.3711287,5.1
83022,3.62326469,0.37134852,6.9
83055,3.63539793,0.50000333,5.8
83080,3.64842092,0.45236694,6.7
83084,3.6502237,0.47982698,5.2
83089,3.65256128,0.36571329,6.9
83103,3.65929418,0.37866959,5.4
83130,3.67031666,0.47798547,6.1
83145,3.67987903,0.39262612,6.8
83152,3.68598346,0.45060562,6.8
83190,3.70125575,0.42437686,6.7
83203,3.71056555,0.43793181,4.8
83235,3.72589376,0.50797832,6.8
83242,3.72925665,0.38176392,6.4
83249,3.73091064,0.34733138,6.6
83251,3.73075392,0.41339912,6.7
83259,3.73738792,0.35118633,6.4
83283,3.74528401,0.37182766,6.7
83298,3.75574471,0.45510299,6.9
83312,3.7622081,0.51260083,6.6
83321,3.76603939,0.4422354,6.1
83329,3.77005699,0.47844822,6.6
83336,3.773439,0.37276616,6.7
83394,3.80628937,0.46560444,5.9
83395,3.80718451,0.38850971,6.0
83416,3.81651337,0.51915076,4.5
83427,3.82276964,0.40579303,6.5
83440,3.82748712,0.46664,5.9
83458,3.84131457,0.38354803,6.2
83474,3.8480327,0.36867618,6.4
83488,3.85465914,0.4629976,4.9
83500,3.8614849,0.47253403,2.7
83535,3.87632435,0.42527628,6.3
83546,3.88008458,0.43896155,6.8
83550,3.88309891,0.43144282,6.6
83551,3.88324436,0.49944095,5.7
83553,3.88451052,0.41733964,5.8
83560,3.89262172,0.35413162,6.9
83586,3.90957003,0.42561454,6.9
83596,3.91416374,0.37621377,6.2
83616,3.93080087,0.38476855,6.5
83624,3.9361911,0.4364748,4.9
83632,3.9405513,0.49335464,6.9
83638,3.94366504,0.47265509,6.9
83645,3.94638892,0.47032435,4.7
83671,3.95884846,0.43404758,5.0
83682,3.96362681,0.45904171,5.7
83685,3.96448034,0.43822803,5.9
83708,3.97747934,0.34982298,6.6
83714,3.97963504,0.38944618,6.8
83723,3.98603414,0.40113499,6.3
83729,3.99019842,0.50901311,5.3
83733,3.99545783,0.44754838,6.7
83755,4.00731334,0.35906256,5.7
83756,4.00699896,0.46845481,6.5
83768,4.01487804,0.51689797,5.6
83778,4.01912078,0.43559675,6.4
83830,4.04762296,0.43810213,6.3
83831,4.04841854,0.50799015,3.7
83893,4.07834577,0.46625976,2.3
83958,4.1134919,0.45894368,3.9
84015,4.13893327,0.49142693,5.8
84019,4.14338699,0.45497679,4.7
84037,4.15067774,0.36613275,4.9
84070,4.16512885,0.3544945,5.8
84098,4.17826449,0.46910741,4.2
84152,4.19509164,0.52099877,4.9
84155,4.19880752,0.39801099,4.8
84162,4.20087945,0.38814663,6.9
84202,4.22094695,0.3808754,6.3
84223,4.23270676,0.46675287,6.7
84240,4.23954802,0.41006089,6.0
84247,4.24444752,0.46549323,6.4
84250,4.2461042,0.37640217,6.6
84269,4.25768497,0.47860928,6.3
84274,4.25981943,0.40356783,6.6
84281,4.26185863,0.50876687,5.7
84295,4.2690467,0.4519837,6.6
84306,4.27637148,0.36883359,6.1
84393,4.31057717,0.45350611,6.7
84411,4.32064983,0.37506394,2.8
84416,4.32213503,0.35743102,5.3
84423,4.32502799,0.38738189,6.0
84484,4.34979145,0.39911966,6.9
84517,4.36055155,0.38407231,6.9
84536,4.36773198,0.43386859,6.2
84543,4.37035499,0.46978746,5.9
84572,4.38155353,0.41044578,6.8
84641,4.40979005,0.52022282,5.9
84648,4.41330798,0.49082169,6.9
84651,4.41461261,0.43033614,5.2
84654,4.4147017,0.44332066,6.9
84655,4.41495688,0.50031996,6.5
84687,4.42842158,0.36579498,5.5
84692,4.42892707,0.44908417,6.3
84695,4.43041599,0.37511232,6.8
84720,4.43975553,0.44248857,6.7
84726,4.440577,0.4255296,6.4
84758,4.45481663,0.395005,5.7
84765,4.45564836,0.47466697,6.4
84776,4.46067454,0.44515427,6.0
84835,4.47808158,0.38543837,5.7
84873,4.48792909,0.42737073,6.8
84877,4.49182932,0.38556985,6.9
84896,4.49881595,0.42302864,6.2
84934,4.51017084,0.37404466,6.9
84951,4.51617848,0.43352631,3.2
84955,4.51906322,0.41438926,6.1
84958,4.52031244,0.47357764,6.8
84982,4.52737455,0.40300884,6.5
84996,4.53129209,0.45042822,6.8
85001,4.53265665,0.50305703,5.8
85016,4.53857229,0.44571389,5.3
85021,4.54179643,0.42759738,5.1
85028,4.54448809,0.50192499,6.3
85045,4.54860001,0.43422381,6.8
85062,4.55578924,0.4007307,5.7
85080,4.56409803,0.4691222,6.4
85095,4.56760759,0.35047976,5.4
85163,4.58471182,0.45571759,4.5
85182,4.58945671,0.49580494,5.6
85188,4.59203711,0.46145041,6.9
85226,4.60408854,0.42496881,6.8
85232,4.60764145,0.36645321,5.8
85236,4.60824089,0.49191635,6.5
85239,4.60924264,0.48112871,6.6
85264,4.6142942,0.42428784,5.7
85310,4.62988494,0.42784003,6.5
85324,4.63295919,0.37526896,6.7
85334,4.63397156,0.4825002,6.5
85344,4.63591171,0.42872311,5.6
85347,4.63650119,0.51344057,6.5
85360,4.63978045,0.42459924,5.7
85397,4.65330769,0.48381787,3.5
85402,4.65424414,0.44942141,6.9
85429,4.66182977,0.35893506,5.8
85437,4.66360317,0.44720256,5.3
85459,4.6698404,0.44141078,6.6
85464,4.67041825,0.51176903,5.6
85468,4.67227353,0.38949432,5.9
85545,4.69240416,0.45465866,5.5
85552,4.69426832,0.39207454,5.7
85575,4.70033581,0.41880858,6.4
85590,4.70263775,0.51047259,3.8
85647,4.71892858,0.3769072,5.2
85648,4.71896516,0.37691452,5.1
85672,4.72279492,0.36361438,5.1
85676,4.72330652,0.40008449,6.1
85706,4.73276643,0.41787303,6.3
85718,4.7363994,0.37780997,6.4
85723,4.73782141,0.37429488,6.9
85725,4.73870804,0.38779126,5.3
85732,4.73981305,0.42608898,6.9
85750,4.74529964,0.50200052,3.8
85752,4.74653431,0.45548507,6.0
85753,4.74653504,0.45555503,5.9
85769,4.75060646,0.36328107,4.3
85770,4.75113958,0.34985556,5.2
85773,4.75113871,0.43574579,6.8
85811,4.76268879,0.44612875,6.8
85836,4.77031479,0.38188236,6.3
85848,4.7740351,0.49246966,6.9
85856,4.77667607,0.50976021,6.5
85906,4.79148854,0.40660407,6.7
85921,4.79607046,0.42666178,5.5
85933,4.79907992,0.51777345,6.1
85941,4.8009576,0.38329801,5.0
85947,4.80149546,0.50586124,6.5
85950,4.8024708,0.39788237,6.7
85956,4.80380511,0.5211383,5.5
85957,4.80409323,0.50387636,5.0
85964,4.80604226,0.43731498,6.9
85969,4.80753968,0.37538343,6.6
85975,4.80901441,0.40640239,5.7
86003,4.81579167,0.37995343,3.9
86007,4.81751169,0.35695207,6.6
86019,4.82135985,0.47813852,6.2
86026,4.8234893,0.3963074,6.7
86043,4.82574782,0.52061339,5.7
86048,4.82725732,0.45776035,6.8
86055,4.82795014,0.46183477,6.9
86060,4.82880804,0.46162795,6.4
86109,4.83976573,0.51580864,6.8
86115,4.84152218,0.41654202,5.7
86142,4.84631449,0.36329305,6.6
86175,4.85536984,0.41219242,6.0
86203,4.86216368,0.35720801,6.4
86204,4.86216972,0.51909107,6.8
86224,4.86731626,0.41199636,5.8
86239,4.87216384,0.3858491,6.7
86256,4.87592997,0.51635202,6.8
86264,4.87819264,0.49969193,6.6
86307,4.88851074,0.45607635,6.7
86354,4.90045308,0.3762447,6.8
86393,4.90730204,0.4117206,6.2
86405,4.9113331,0.3837087,6.4
86406,4.91162726,0.35860107,4.3
86418,4.91342786,0.46534075,4.9
86451,4.9230199,0.4103973,6.0
86459,4.92586696,0.41985825,6.5
86462,4.92723639,0.43714113,6.6
86481,4.93025065,0.46120868,6.9
86512,4.93753144,0.50237106,6.4
86521,4.94047733,0.37393946,5.3
86558,4.94896647,0.48711155,5.8
86567,4.9512735,0.39523335,4.6
86651,4.96848427,0.3599393,6.7
86673,4.97313295,0.45780854,5.3
86675,4.97404736,0.39818989,6.4
86678,4.97411514,0.4706307,6.7
86702,4.97984025,0.37548907,6.9
86704,4.9801955,0.36361293,6.5
86707,4.97981073,0.45887125,5.5
86708,4.97985422,0.49589536,6.8
86709,4.97996184,0.51519477,6.6
86714,4.98108947,0.43678406,6.9
86716,4.98214976,0.38857603,6.4
86743,4.98856697,0.45073841,6.9
86753,4.99037142,0.37119144,6.5
86774,4.99443841,0.40717741,6.9
86796,4.99943085,0.52223301,6.6
86817,5.00315945,0.42325577,5.7
86819,5.00311298,0.49966362,5.5
86843,5.00935435,0.37871696,6.2
86847,5.00923967,0.43155127,6.7
86904,5.02294887,0.40980282,6.8
86912,5.02443218,0.46662706,6.3
86930,5.0292138,0.37619423,5.9
86941,5.03063043,0.51019164,6.9
86960,5.03478751,0.44957257,6.8
86981,5.0398262,0.35261255,6.1
86982,5.03954128,0.48801694,6.7
86987,5.04090271,0.37057175,5.6
87005,5.04378352,0.47918819,6.3
87008,5.04395987,0.48741665,6.1
87010,5.04494838,0.37333456,4.6
87031,5.05067859,0.38073209,6.7
87035,5.05127949,0.39167874,6.9
87036,5.05153591,0.40187161,5.4
87047,5.05358667,0.42612446,6.9
87102,5.06541142,0.3874391,6.6
87136,5.07388027,0.45836511,4.9
87148,5.07795234,0.35368152,6.5
87159,5.0794611,0.51698946,4.9
87165,5.08053368,0.4902242,6.4
87186,5.08489715,0.3538017,6.4
87190,5.08514411,0.43481077,6.2
87209,5.08986072,0.35358625,6.7
87222,5.09191519,0.36837244,6.9
87251,5.09736243,0.51400562,6.8
87261,5.09944018,0.43048401,4.6
87267,5.10050774,0.432296,6.0
87269,5.10224347,0.35394603,6.4
87296,5.10780009,0.43843713,6.8
87301,5.10823758,0.48798722,3.2
87302,5.10838513,0.48808705,5.4
87314,5.11103462,0.46455826,6.0
87320,5.11394844,0.36529155,6.8
87323,5.11420952,0.4467497,6.9
87351,5.12004081,0.38118834,6.9
87364,5.12257982,0.45487687,6.9
87385,5.1262456,0.51422742,5.4
87388,5.1268305,0.47517035,6.7
87426,5.13187712,0.39418756,6.1
87447,5.13400824,0.35487174,6.5
87459,5.136115,0.38407415,6.8
87462,5.13631847,0.5119696,6.3
87464,5.13648974,0.49742092,6.7
87489,5.14126699,0.36272979,6.5
87541,5.15045899,0.4097955,6.9
87542,5.15077976,0.35738414,6.4
87551,5.1516109,0.41394987,6.4
87569,5.15416541,0.3918747,6.4
87584,5.15689947,0.4779095,6.7
87607,5.16096914,0.39884123,6.6
87612,5.16101997,0.51193649,6.4
87619,5.16231886,0.42931512,6.8
87627,5.16362182,0.39260193,6.5
87633,5.16493315,0.44980533,5.5
87640,5.16587577,0.47360702,6.6
87659,5.16971731,0.51076372,6.4
87706,5.1777723,0.43866747,6.6
87729,5.18280023,0.44303346,6.0
87733,5.18368984,0.48641391,6.8
87740,5.18519649,0.43650006,6.9
87785,5.19205404,0.47272286,6.5
87786,5.19195877,0.49637906,6.3
87803,5.19537373,0.38594136,6.5
87804,5.19562789,0.35275034,6.7
87813,5.19701572,0.39461778,4.9
87840,5.20119331,0.43620277,5.7
87883,5.20745984,0.42026898,4.5
87897,5.20927026,0.4641453,6.8
87908,5.21206933,0.42445321,5.5
87913,5.21304708,0.39146281,6.9
87959,5.22215479,0.41497627,6.7
87963,5.22291429,0.36648336,6.5
87979,5.22461614,0.5007945,6.8
88016,5.23238998,0.40319316,5.7
88017,5.23228453,0.48018458,6.9
88046,5.23709968,0.45707177,6.6
88071,5.24079177,0.48439262,4.7
88088,5.24360074,0.43284815,5.8
88098,5.24481869,0.43524972,5.3
88105,5.24632752,0.38662121,6.5
88115,5.24814776,0.49768539,6.8
88129,5.25189949,0.40040272,6.7
88131,5.25215569,0.37518587,6.9
88133,5.25179724,0.52179692,5.7
88137,5.25223423,0.52341983,6.8
88163,5.25770162,0.40509397,6.4
88178,5.26102981,0.39789013,6.9
88212,5.26605098,0.41214986,5.1
88276,5.27937417,0.36503818,6.3
88295,5.28205747,0.469566,5.5
88296,5.28194177,0.49627487,6.9
88309,5.28423775,0.3688685,6.3
88315,5.28551562,0.38179979,6.1
88330,5.28747548,0.46790469,5.8
88339,5.28839963,0.46214171,5.9
88377,5.29566064,0.42304793,6.5
88391,5.29813129,0.50081757,5.2
88410,5.30259388,0.44666277,4.8
88416,5.30363461,0.41030359,5.4
88428,5.30479147,0.48545068,4.7
88433,5.3072366,0.3769677,6.2
88434,5.30729885,0.38899244,6.9
88444,5.30778027,0.4847765,6.7
88451,5.30922606,0.43059173,5.5
88473,5.31245645,0.50872765,6.4
88490,5.31575868,0.44765528,6.8
88502,5.31820447,0.47108356,6.7
88528,5.32250802,0.51883228,6.6
88566,5.32994101,0.39879077,6.8
88580,5.33222877,0.42666367,5.4
88664,5.34801979,0.37366893,5.8
88693,5.35483479,0.35737808,6.6
88696,5.35531359,0.4152181,6.8
88774,5.36870928,0.48577293,6.9
88783,5.371115,0.35963847,6.0
88798,5.37356726,0.38214338,6.9
88808,5.37547978,0.45037446,6.3
88813,5.37627419,0.39837135,6.6
88846,5.38506985,0.36626064,6.3
88884,5.39366982,0.45173654,6.3
88903,5.39776938,0.46184917,5.5
88944,5.40407249,0.37003113,4.8
88945,5.40411467,0.42090472,5.0
88946,5.40434418,0.4133024,6.1
88959,5.40692472,0.38078464,5.9
88997,5.41315031,0.5202012,6.1
89000,5.41359188,0.4551698,6.8
89016,5.41791979,0.42206265,6.8
89058,5.42708117,0.41523138,6.8
89084,5.43179254,0.44105643,5.1
89216,5.4605696,0.49306477,5.4
89228,5.46343892,0.47293066,4.8
89236,5.46677912,0.43483681,6.9
89241,5.46778123,0.51748067,6.4
89265,5.47323727,0.49780106,6.4
89272,5.47405292,0.48969799,5.2
89297,5.4804926,0.48128569,6.8
89320,5.48757871,0.46085157,6.9
89332,5.49024928,0.38966114,5.6
89334,5.49042818,0.40223765,6.6
89451,5.5236274,0.36558345,6.7
89459,5.52567111,0.46991865,6.2
89505,5.54374995,0.39190985,6.9
89520,5.54931021,0.5185748,6.8
89549,5.55962096,0.52187512,6.3
89604,5.57919599,0.43038312,6.8
89628,5.58607528,0.38443277,6.1
89640,5.58973531,0.41636196,5.8
89678,5.60242196,0.42366515,5.7
89680,5.60304846,0.44177973,6.2
89682,5.6041878,0.42810774,6.4
89685,5.60497879,0.45683038,5.7
89692,5.60685262,0.47853743,6.9
89720,5.61851062,0.48185991,5.4
89735,5.62303975,0.4524081,6.8
89737,5.62431319,0.38710438,6.2
89742,5.62545209,0.49887488,6.8
89752,5.62846089,0.41257513,4.8
89782,5.63670212,0.41617691,6.5
89786,5.639382,0.40831188,6.4
89807,5.64861173,0.39714652,6.4
89815,5.65188735,0.49213674,6.4
89819,5.65246797,0.42677038,6.1
89834,5.65587718,0.52456743,6.5
89870,5.66686693,0.44504078,6.3
89871,5.66803907,0.35369766,5.8
89907,5.67833709,0.38299272,6.9
89921,5.68500963,0.40703905,6.9
89935,5.68964406,0.39820254,6.6
89939,5.69037783,0.50166227,6.1
89940,5.69039921,0.50165761,4.7
89944,5.69116512,0.50233485,6.9
89949,5.69258872,0.44759012,4.3
89971,5.69824141,0.44651374,6.6
89972,5.6988162,0.40053348,5.5
89976,5.70024279,0.44616317,6.5
89978,5.70059797,0.38701479,6.9
90027,5.71353682,0.35713708,6.2
90040,5.71527619,0.52663885,5.0
90065,5.72685484,0.50253997,5.6
90075,5.7293167,0.4524785,5.0
90085,5.73302008,0.49466136,6.7
90096,5.73929024,0.36388074,6.9
90112,5.74387682,0.37070561,6.6
90147,5.75382324,0.52033094,6.8
90214,5.78222949,0.465545,5.9
90217,5.78392129,0.50551649,5.6
90238,5.79017895,0.44235481,4.0
90252,5.79378691,0.37878624,5.7
90259,5.79574175,0.44581784,6.0
90260,5.79586262,0.4216204,6.6
90287,5.80540688,0.36613372,6.4
90317,5.81252659,0.43545941,6.1
90327,5.8171416,0.45274747,6.8
90337,5.81912022,0.49930767,6.0
90349,5.82420437,0.39311016,6.7
90379,5.83155853,0.48527639,6.4
90381,5.83232262,0.39961471,6.8
90382,5.83238691,0.50917009,6.8
90396,5.83719281,0.4701342,6.8
90437,5.85122097,0.47010851,6.5
90440,5.85262189,0.49446007,4.9
90462,5.86282254,0.3638724,6.1
90527,5.88256628,0.47156891,6.6
90529,5.88276634,0.4327092,6.7
90544,5.88686663,0.46710552,6.0
90568,5.89733875,0.51562097,6.3
90628,5.91591553,0.35384975,6.7
90655,5.9234528,0.41890409,6.9
90717,5.94178516,0.51151382,4.9
90734,5.94721953,0.52746027,3.1
90775,5.96261792,0.41129775,4.1
90816,5.9777676,0.42937907,3.7
90833,5.98405216,0.46061086,6.7
90896,6.0103278,0.36248326,5.6
90964,6.03164329,0.40736508,6.7
90973,6.0348395,0.365095,6.7
90981,6.03785456,0.49013727,2.6
91019,6.05241613,0.44450511,5.0
91021,6.05378818,0.35921727,6.7
91022,6.05402154,0.36886011,5.9
91049,6.06302548,0.51783361,6.8
91069,6.07016707,0.52434995,6.9
91080,6.07295844,0.46857087,6.4
91095,6.07839863,0.51385373,6.3
91111,6.08404898,0.51961346,6.4
91113,6.08512629,0.42067569,6.5
91126,6.08851186,0.44806553,6.7
91130,6.09020127,0.49301876,6.5
91133,6.09104434,0.43233561,6.5
91179,6.10949814,0.40302474,6.8
91186,6.11143364,0.41434737,4.6
91208,6.11724827,0.46441325,6.6
91211,6.11773915,0.50081816,6.6
91217,6.11946099,0.4523572,6.5
91220,6.12032471,0.36352736,6.2
91222,6.1209179,0.3588204,6.6
91253,6.13212604,0.40847952,4.6
91256,6.13333759,0.43552592,6.8
91278,6.14213071,0.43924949,5.9
91295,6.14833164,0.40226058,6.5
91318,6.15883809,0.50031715,6.7
91321,6.15978042,0.49573779,6.2
91333,6.16312709,0.41615209,6.6
91340,6.16741907,0.39267654,5.5
91341,6.16742874,0.42486259,6.9
91349,6.16941406,0.36373912,6.3
91358,6.17406798,0.42631984,6.7
91367,6.17818063,0.42867177,6.6
91410,6.1959904,0.48022948,6.8
91457,6.21333323,0.51245533,5.0
91467,6.21986796,0.35631551,6.7
91522,6.2380548,0.50339455,5.9
91524,6.23887045,0.48312619,6.9
91548,6.24998085,0.37822696,6.3
91552,6.25120208,0.37947875,6.8
91574,6.26110107,0.51444685,6.6
91582,6.26303904,0.45300093,6.7
91585,6.26561726,0.36940674,6.6
91595,6.26875071,0.3952844,6.3
91611,6.2734071,0.43880035,4.8
91648,0.00173718,0.46981146,6.4
91660,0.00748812,0.42329727,6.8
91669,0.00947001,0.47267133,5.9
91678,0.01406299,0.30634688,6.7
91701,0.02487,0.23381294,5.7
91734,0.03944357,0.3178599,5.7
91750,0.04379831,0.19452863,5.5
91779,0.05741006,0.29533482,6.6
91781,0.05775265,0.26500304,2.9
91792,0.06371724,0.3526733,4.9
91828,0.07826784,0.22290652,6.6
91832,0.07979216,0.19557971,6.2
91850,0.08699535,0.28363457,6.8
91858,0.09123345,0.19158465,6.5
91866,0.09784599,0.23531756,6.4
91881,0.10749476,0.24985271,6.8
91892,0.11372253,0.35163022,6.6
91903,0.120066,0.27969677,6.6
91909,0.1220628,0.34058583,6.6
91910,0.12238627,0.31229496,5.3
91912,0.12309698,0.28701978,6.5
91934,0.13433007,0.27990694,6.9
91956,0.14367289,0.28216161,6.9
91971,0.14914115,0.17975747,6.8
91980,0.15237103,0.23336957,6.5
91990,0.15669726,0.23050161,6.4
91995,0.16052135,0.26584152,5.9
92047,0.18709311,0.29080526,6.6
92072,0.20311131,0.27010037,5.6
92080,0.20518236,0.20898471,5.7
92082,0.20606332,0.34171191,6.1
92099,0.21370924,0.295669,5.2
92123,0.22507068,0.22313705,6.8
92145,0.23818232,0.33489906,5.8
92159,0.24501267,0.24350601,6.8
92183,0.25267146,0.2390352,6.4
92230,0.28400565,0.26085909,5.6
92250,0.29042511,0.2261298,6.2
92283,0.30464766,0.34310511,5.6
92288,0.30626812,0.27356383,6.4
92304,0.31190212,0.17963404,6.6
92316,0.3188414,0.28875716,6.4
92326,0.32344376,0.28158284,5.9
92388,0.35482813,0.20135907,6.9
92407,0.36170567,0.19838178,6.9
92413,0.36585926,0.31098926,6.8
92436,0.37635589,0.33462044,5.3
92439,0.37696108,0.35030154,6.6
92444,0.37827575,0.33580862,5.6
92453,0.38574213,0.29808968,6.8
92463,0.39218152,0.32036706,6.0
92484,0.39917236,0.26783401,3.7
92492,0.40165248,0.29577896,6.8
92520,0.41372172,0.32219573,6.0
92530,0.41789291,0.25588888,6.2
92531,0.41849803,0.30427241,5.9
92536,0.42367373,0.21191065,5.6
92543,0.42621915,0.21080353,6.9
92555,0.4330716,0.29017054,6.9
92556,0.43309095,0.24933187,6.9
92558,0.43493336,0.28633532,6.1
92611,0.45784684,0.35051593,6.2
92622,0.46508101,0.30391297,6.5
92637,0.4720328,0.29593037,5.7
92659,0.48374455,0.19274398,5.9
92666,0.48776106,0.31921762,6.7
92680,0.49536837,0.33677611,4.8
92681,0.49536989,0.33673806,4.8
92721,0.51203881,0.31097443,5.2
92739,0.52111546,0.21458755,6.1
92756,0.531623,0.26297123,6.8
92763,0.5348848,0.23521012,6.3
92768,0.53651727,0.19231545,6.8
92774,0.53978729,0.31858014,6.4
92801,0.55748922,0.31467099,6.5
92810,0.56455031,0.30062094,6.4
92822,0.56996563,0.34034507,5.9
92841,0.5805616,0.2666833,6.0
92877,0.60268706,0.34734103,5.7
92884,0.60713634,0.34361892,6.8
92905,0.62201142,0.29444548,6.8
92932,0.63188591,0.18519088,5.5
92952,0.64036625,0.18439777,6.8
92979,0.65729318,0.34653949,6.1
92983,0.65845339,0.30899018,6.4
92998,0.66716432,0.26240419,6.1
93002,0.67024323,0.32951588,6.8
93022,0.68343385,0.21725286,5.7
93034,0.69401621,0.18565353,6.9
93052,0.70298139,0.32811007,6.9
93059,0.70686795,0.18404032,6.7
93062,0.70845605,0.34926719,5.7
93067,0.70896154,0.18747876,6.3
93081,0.71697588,0.31004039,6.5
93082,0.71798075,0.26724055,5.8
93083,0.71977204,0.2172198,5.2
93113,0.73299371,0.27066595,6.8
93118,0.73537288,0.3191111,6.0
93127,0.73867563,0.30480915,5.3
93140,0.74486689,0.33441764,6.6
93144,0.74828083,0.2632309,5.5
93178,0.76323146,0.30952944,6.9
93189,0.76710806,0.31994726,5.9
93195,0.76984568,0.3145635,5.6
93205,0.77438412,0.28437978,6.9
93229,0.78768847,0.31424687,6.9
93232,0.78860841,0.18972451,6.2
93260,0.80581343,0.27673941,6.6
93276,0.81330103,0.2301621,5.8
93284,0.81780718,0.31206565,6.1
93293,0.82184398,0.32803526,6.5
93320,0.83185781,0.20721499,5.9
93327,0.83498966,0.22772702,6.4
93328,0.83614019,0.34429591,4.5
93345,0.84611133,0.33114592,6.7
93416,0.89085008,0.22042704,6.2
93436,0.90344394,0.32736554,6.5
93439,0.90456786,0.22226768,6.2
93448,0.91021284,0.19880716,6.8
93463,0.91807926,0.19785818,5.1
93469,0.92010769,0.22578796,4.3
93479,0.92590364,0.20145443,6.7
93494,0.93435802,0.3112388,6.4
93524,0.95031731,0.26931764,6.5
93532,0.95680753,0.24245552,6.9
93536,0.95743905,0.28861938,6.3
93557,0.97003444,0.3438351,5.5
93568,0.97645427,0.34322045,6.3
93590,0.98802173,0.23576882,6.8
93611,0.99602217,0.19448917,5.0
93637,1.00907905,0.22769362,6.2
93650,1.01738515,0.3024149,6.0
93662,1.02305354,0.28999324,6.9
93710,1.04579351,0.18030618,6.4
93716,1.04987932,0.30188286,6.3
93719,1.05016621,0.21799807,4.0
93721,1.05074435,0.31754297,5.8
93749,1.06753093,0.30574237,6.8
93775,1.08079659,0.26463923,5.9
93777,1.08206094,0.30263534,6.1
93784,1.0865804,0.23384479,6.0
93785,1.08719301,0.34224549,5.7
93801,1.09390511,0.32154021,6.6
93810,1.10183879,0.30154926,6.3
93821,1.10644784,0.17823903,6.3
93823,1.10754762,0.22258746,6.5
93827,1.10961467,0.21551718,6.9
93836,1.11601399,0.26878948,6.4
93838,1.12054189,0.28299379,6.8
93866,1.13283119,0.17665108,6.6
93868,1.13356284,0.27275303,3.9
93870,1.13409044,0.28837077,6.9
93872,1.13429588,0.24496016,5.6
93874,1.13628701,0.32711751,6.0
93876,1.13710477,0.26346453,5.3
93878,1.13830112,0.24197715,6.1
93883,1.14116906,0.32145188,6.7
93885,1.14136039,0.25149254,6.7
93892,1.1434457,0.24569194,5.8
93897,1.14726986,0.30617429,3.9
93899,1.14877993,0.19857731,6.9
93900,1.14937538,0.29281782,5.7
93907,1.15233677,0.3044547,4.8
93912,1.15296843,0.21220261,6.7
93918,1.1560717,0.3323408,6.0
93923,1.15841749,0.31290486,4.2
93925,1.15899556,0.27822105,6.4
93932,1.16215381,0.27259086,4.6
93935,1.16329191,0.25680329,4.9
93942,1.16535576,0.31778267,6.7
93943,1.16710014,0.19569562,5.8
93948,1.17107499,0.25727739,6.0
93950,1.17128886,0.28553339,5.3
93954,1.17206124,0.33476137,3.6
93955,1.17187798,0.27859251,4.0
93957,1.17225876,0.27699941,3.6
93960,1.17302219,0.22772426,5.1
93961,1.17371349,0.28202087,6.6
93968,1.1768521,0.18363923,6.6
93970,1.17872215,0.27293629,5.7
93971,1.17827294,0.17911495,6.5
93975,1.18054507,0.28263818,4.8
93978,1.18092548,0.27387532,5.5
93979,1.18081334,0.23953553,5.5
93981,1.18149664,0.28184037,6.7
93983,1.18298475,0.2636347,6.6
93993,1.18622408,0.27666319,6.0
94002,1.19358159,0.31444952,6.2
94004,1.19395727,0.28489242,6.5
94006,1.1945845,0.23129079,6.7
94007,1.19488869,0.25908361,4.8
94022,1.20301895,0.3470018,6.6
94026,1.20276958,0.17734058,4.4
94027,1.20393125,0.28814106,1.1
94030,1.20571323,0.19917799,6.8
94033,1.20723915,0.27696921,6.7
94043,1.2136904,0.27983596,5.8
94044,1.21369033,0.21835659,4.3
94051,1.21803831,0.27575887,5.1
94054,1.21856656,0.27782243,4.9
94063,1.22197759,0.21289041,5.4
94082,1.23478692,0.25856141,6.8
94095,1.24106203,0.19453614,5.4
94111,1.24803797,0.20430257,5.4
94112,1.24913404,0.32698516,6.1
94136,1.25970121,0.32653971,6.8
94151,1.26420641,0.27757973,6.3
94164,1.2713611,0.32881698,5.1
94171,1.2733755,0.23832204,6.7
94176,1.27641419,0.24871979,5.2
94197,1.28622708,0.19942108,5.1
94199,1.28705997,0.34008017,6.2
94201,1.28672617,0.17716352,4.7
94212,1.29083555,0.26249878,5.7
94218,1.29316397,0.23587107,4.3
94227,1.29753071,0.29938777,5.7
94240,1.30459027,0.25382105,6.0
94248,1.30785869,0.27780367,6.7
94253,1.31145844,0.25104389,6.7
94256,1.31210043,0.1904849,6.6
94274,1.31681696,0.19852684,6.9
94290,1.32893325,0.2688512,4.6
94293,1.32949147,0.25933392,6.7
94306,1.33314684,0.34568849,6.5
94332,1.34150471,0.32541635,5.0
94345,1.34756995,0.3466204,6.5
94359,1.35131892,0.27222332,4.9
94363,1.35339142,0.23646075,6.7
94377,1.36001895,0.28004957,5.4
94426,1.379113,0.19794317,5.5
94467,1.39759312,0.34170332,6.8
94478,1.40037998,0.34582293,6.4
94512,1.41165393,0.27996196,6.9
94514,1.41209463,0.29145859,6.1
94526,1.41556718,0.30339853,5.1
94543,1.42285597,0.29147367,6.2
94554,1.42753992,0.31349851,5.3
94556,1.42781343,0.26630001,6.1
94566,1.43012504,0.2770555,5.5
94573,1.43128918,0.30087707,6.0
94580,1.4337013,0.23874024,6.3
94583,1.43493197,0.21905511,6.8
94586,1.43692405,0.32053573,6.6
94596,1.44179439,0.26808723,5.8
94618,1.44686428,0.26056074,6.6
94628,1.44955252,0.3245319,4.7
94630,1.44965361,0.29772088,6.0
94631,1.44968015,0.29769116,6.5
94649,1.45528615,0.32358802,5.5
94652,1.45693076,0.24968103,5.6
94671,1.46268554,0.17872351,5.6
94700,1.4707134,0.29741026,5.4
94702,1.47075565,0.19259859,6.1
94746,1.48490206,0.26791066,6.7
94759,1.48918291,0.28857274,4.9
94793,1.49616074,0.33127401,6.7
94795,1.49648333,0.24746156,6.9
94823,1.50485721,0.28075691,6.8
94827,1.50543709,0.22495006,6.6
94830,1.50618417,0.32645463,6.9
94848,1.51301837,0.27615385,5.9
94855,1.51503175,0.25286999,5.7
94858,1.51597764,0.30943112,5.5
94864,1.51719857,0.24259301,5.2
94868,1.51858589,0.21674696,6.6
94875,1.52187228,0.20938802,6.9
94888,1.52519567,0.22080495,4.9
94904,1.52926338,0.24968118,5.7
94914,1.53069979,0.25208062,6.6
94916,1.53089715,0.24518497,6.8
94924,1.53175826,0.2006927,6.9
94942,1.53759391,0.34676231,6.0
94945,1.53751021,0.2473435,5.6
94977,1.54559006,0.18477471,6.5
94979,1.54695709,0.20529455,6.5
94986,1.54873864,0.34469424,5.9
94990,1.54862345,0.24817598,6.8
95004,1.55359843,0.24304306,6.5
95025,1.55702742,0.28545243,6.9
95027,1.55693579,0.20108171,6.1
95075,1.56593849,0.22355467,5.8
95105,1.572047,0.22011753,6.5
95106,1.57255656,0.28445032,6.8
95166,1.58587284,0.34366638,5.2
95170,1.58568486,0.20386789,6.0
95203,1.59249404,0.25113315,6.7
95244,1.60104136,0.28565387,6.5
95259,1.60383534,0.25775817,4.4
95260,1.60395911,0.18250869,6.9
95335,1.61788749,0.23840635,6.7
95337,1.61892131,0.31641709,6.4
95352,1.6208227,0.23803818,5.9
95354,1.62163057,0.30328887,6.9
95359,1.62325394,0.34541099,5.7
95362,1.62289535,0.24798966,4.4
95365,1.62339655,0.28153038,4.9
95389,1.62747146,0.17956253,6.6
95394,1.62843713,0.18548322,6.5
95397,1.62994663,0.32603405,6.2
95419,1.63395994,0.3125237,5.7
95429,1.63503462,0.27990214,6.7
95432,1.635582,0.33434046,5.2
95444,1.63686577,0.24174837,5.8
95447,1.63807426,0.28175185,5.3
95456,1.63923658,0.31934721,6.9
95457,1.63951699,0.21905821,5.4
95460,1.64034864,0.17944932,6.8
95473,1.64233897,0.29987292,6.5
95476,1.6425455,0.21418918,5.1
95494,1.6473941,0.2453659,6.5
95502,1.64973706,0.25102702,6.0
95519,1.65383298,0.30238062,6.2
95538,1.65662195,0.27948554,6.5
95543,1.65837135,0.25571134,6.0
95563,1.66186521,0.2051876,6.4
95572,1.66431296,0.31003583,6.5
95599,1.66944706,0.21939026,6.0
95602,1.6703995,0.30672649,6.8
95641,1.67936162,0.28024873,6.4
95648,1.68029719,0.29662055,6.8
95659,1.68192246,0.25694694,4.7
95677,1.68498602,0.32736447,6.9
95684,1.68698333,0.2709341,6.7
95686,1.68709838,0.22865971,6.6
95718,1.69433786,0.17983737,6.2
95719,1.69500385,0.28341204,6.3
95732,1.69733626,0.19232704,6.4
95765,1.70679245,0.29563366,6.2
95766,1.70675049,0.19636622,5.8
95778,1.70877726,0.27756718,6.4
95783,1.70891281,0.20581349,6.5
95788,1.70956935,0.20149021,5.1
95803,1.71211956,0.20374217,6.1
95830,1.71741373,0.24705475,5.6
95852,1.72200642,0.33910104,6.9
95860,1.72305289,0.28284311,6.7
95862,1.72332858,0.267571,6.7
95870,1.7247868,0.17433464,6.1
95889,1.72803195,0.29316431,6.7
95912,1.73534648,0.28622139,1.9
95914,1.73492258,0.18942165,6.6
95963,1.74442684,0.22659847,5.9
95996,1.75127959,0.2861892,6.2
95997,1.75094238,0.19204241,6.4
96007,1.75338402,0.24813162,6.8
96015,1.7558245,0.30796795,5.1
96051,1.76273113,0.23086997,4.6
96074,1.76840832,0.22506981,3.4
96084,1.77108828,0.22154579,6.4
96089,1.77305119,0.32877422,6.8
96097,1.77509344,0.2927434,6.7
96111,1.77757785,0.31753376,6.2
96161,1.78822225,0.28279395,5.7
96179,1.7908153,0.23410572,5.9
96241,1.80368797,0.19192363,6.3
96262,1.80932255,0.27643814,6.6
96265,1.80922881,0.22999522,4.7
96288,1.81635041,0.30956953,6.9
96294,1.81701523,0.17377186,5.9
96314,1.82137477,0.20782712,6.2
96363,1.83374385,0.28063067,5.9
96365,1.83391322,0.2711272,6.7
96368,1.83433857,0.26682254,6.8
96385,1.83767651,0.20550181,6.8
96403,1.84259071,0.2676667,5.9
96407,1.84317765,0.30989969,6.2
96409,1.8437568,0.29102066,6.0
96429,1.84845123,0.19114172,5.3
96432,1.84944163,0.2198151,6.2
96473,1.85693339,0.25259966,6.8
96535,1.86910364,0.27804394,5.6
96611,1.88400497,0.29630067,6.7
96638,1.8909388,0.28202722,5.3
96639,1.89104148,0.24020273,6.7
96672,1.89605181,0.21146201,5.8
96712,1.90564822,0.28181953,6.8
96746,1.91153994,0.2886841,3.6
96783,1.92036352,0.26429332,6.5
96837,1.93328383,0.31893473,6.8
96838,1.9330493,0.26806047,6.7
96866,1.93933234,0.27082725,6.4
96868,1.9391069,0.17882042,6.9
96871,1.941546,0.2036727,5.3
96888,1.94561495,0.31672078,6.9
96899,1.94807273,0.18514797,6.2
96901,1.94904495,0.19214485,6.3
96908,1.95105732,0.20866255,6.7
96930,1.95820852,0.26370994,6.1
96937,1.95995079,0.22270343,6.6
96945,1.96137083,0.34266772,6.8
96952,1.96260718,0.20955427,4.9
96973,1.96849687,0.19552613,6.6
96985,1.97137819,0.29820608,5.6
96990,1.97216366,0.22098142,6.6
97012,1.97838009,0.27295548,6.7
97016,1.97923762,0.27622706,5.1
97021,1.9813206,0.18445056,6.2
97087,1.99625386,0.33018236,6.8
97093,1.99768779,0.2502917,6.7
97095,1.99773513,0.24507884,6.7
97120,2.00484568,0.30848069,5.2
97136,2.01056519,0.24034827,6.5
97154,2.01526006,0.23527926,6.1
97157,2.01608872,0.24798627,5.8
97199,2.02559793,0.22443805,6.5
97221,2.03385116,0.32306078,5.0
97224,2.03448791,0.18794263,5.3
97273,2.04654079,0.23336429,6.3
97280,2.04875111,0.22364499,6.5
97318,2.05925144,0.33728847,6.1
97399,2.0812647,0.27559219,6.0
97429,2.08795746,0.28830653,6.2
97445,2.09258105,0.23112091,6.2
97463,2.09675253,0.32887225,6.9
97469,2.09703557,0.22063885,6.7
97471,2.09788852,0.34585478,6.3
97472,2.09783544,0.30209279,5.8
97474,2.09797586,0.2212775,6.6
97485,2.1009611,0.28719883,5.9
97514,2.1095959,0.21259788,6.7
97537,2.11513776,0.32885668,6.1
97542,2.11653853,0.22895472,5.1
97566,2.12540175,0.1741872,6.8
97594,2.13238743,0.23807624,6.3
97628,2.14230795,0.25533294,6.1
97645,2.14767804,0.3080112,5.1
97646,2.14771949,0.30801003,6.0
97647,2.14836417,0.24441465,6.4
97653,2.15110034,0.28822765,6.1
97669,2.15629095,0.30850134,6.4
97671,2.15700813,0.22773536,6.5
97694,2.16667537,0.2046623,6.0
97718,2.17398692,0.27363631,6.6
97725,2.17793347,0.28138101,6.8
97773,2.19271263,0.28209073,6.7
97781,2.19633877,0.31995798,5.9
97788,2.19876841,0.1855635,6.3
97806,2.20710527,0.29751295,6.2
97819,2.21103349,0.22086613,5.8
97843,2.21928308,0.2480252,5.9
97881,2.23225691,0.315807,5.6
97884,2.23266256,0.33139439,6.7
97902,2.23691978,0.17568465,6.3
97913,2.24166126,0.23138412,6.4
97928,2.24852367,0.34191189,6.5
97950,2.25203629,0.26727221,6.3
97976,2.25924014,0.33627947,6.7
98006,2.26766681,0.34519966,6.7
98010,2.26825099,0.34105367,6.7
98013,2.26866965,0.34126515,6.9
98019,2.27038625,0.33769862,6.9
98021,2.27053446,0.34330389,6.4
98024,2.27089109,0.34112431,6.3
98028,2.27130226,0.19066345,6.9
98030,2.27207137,0.34416487,6.7
98032,2.27302199,0.34174153,6.8
98069,2.28291895,0.22132317,5.7
98087,2.28936969,0.31685187,4.2
98089,2.28965716,0.17595842,5.6
98098,2.29289271,0.32842593,6.8
98117,2.29917946,0.21135763,5.7
98143,2.30670706,0.21898738,6.8
98161,2.31549552,0.31421429,6.7
98162,2.31584255,0.32868433,6.1
98168,2.31702988,0.2679206,6.3
98196,2.32652062,0.30314076,6.8
98230,2.33604343,0.30074384,5.9
98235,2.33841977,0.20291319,5.7
98245,2.34370368,0.29921808,6.3
98247,2.34419026,0.2674305,5.2
98250,2.34566332,0.2719479,5.6
98265,2.34879669,0.31953716,6.6
98267,2.34959409,0.20695654,4.3
98276,2.35261482,0.31651226,6.6
98278,2.35379728,0.22818861,6.8
98378,2.38999723,0.18619541,5.1
98400,2.39884074,0.20183627,6.5
98425,2.40832937,0.31493017,6.8
98427,2.40983217,0.26173108,6.4
98456,2.42265205,0.26077929,5.6
98468,2.42798228,0.32830138,6.9
98476,2.43410693,0.20073197,6.3
98488,2.43901349,0.30901544,6.6
98517,2.44894187,0.26827572,6.5
98520,2.4491692,0.22883739,6.6
98521,2.44967476,0.28969843,6.8
98561,2.46763965,0.28947687,6.3
98594,2.48080947,0.21616577,6.9
98627,2.49558441,0.19721867,5.1
98652,2.50889487,0.220864,6.7
98662,2.51275947,0.25097112,6.2
98673,2.51782638,0.2868964,5.9
98683,2.5220932,0.25040699,6.6
98687,2.52317428,0.22228707,6.8
98696,2.52762269,0.23234293,6.9
98704,2.53329756,0.22782888,6.8
98709,2.53574815,0.17265325,3.8
98733,2.54700988,0.24472483,5.6
98742,2.55035961,0.32923033,6.6
98750,2.55632151,0.32608961,6.9
98755,2.55860294,0.2061228,5.9
98767,2.56315636,0.20190429,6.4
98769,2.56370716,0.19946951,5.0
98806,2.57794235,0.20668393,6.7
98809,2.57887225,0.22804792,6.7
98876,2.61023945,0.2172021,5.2
98944,2.64278795,0.2750205,6.3
98955,2.64998802,0.29256324,3.6
98964,2.65248369,0.17449094,4.6
98967,2.6545234,0.20886753,1.3
98991,2.6687706,0.23309071,6.4
99032,2.68897438,0.30962412,6.6
99034,2.69077004,0.23960433,5.7
99056,2.70071325,0.30902218,6.6
99065,2.70410646,0.33983151,5.0
99080,2.71327969,0.26137416,6.1
99098,2.72414473,0.18479352,6.8
99128,2.73583953,0.33797404,6.3
99132,2.73669576,0.19752657,6.6
99136,2.73863809,0.17038937,5.9
99172,2.75847696,0.24674074,5.7
99229,2.78776605,0.28147783,6.6
99266,2.80918437,0.31961376,6.7
99280,2.82011362,0.22249409,6.8
99281,2.82049083,0.32971926,5.6
99282,2.82054436,0.24774338,5.6
99305,2.83291852,0.18404861,5.3
99321,2.84113611,0.20209289,6.8
99384,2.87379355,0.34247078,6.9
99392,2.87841664,0.20430422,6.4
99428,2.89966457,0.22108023,6.7
99444,2.90917305,0.3095737,6.6
99464,2.91766073,0.30021462,6.9
99492,2.93096806,0.25133192,6.3
99512,2.94192721,0.26929664,3.4
99525,2.94901608,0.23226134,5.5
99526,2.94933576,0.22014967,6.7
99527,2.94944608,0.22418415,6.5
99544,2.95985966,0.20917378,6.5
99564,2.96898541,0.30213055,6.9
99587,2.98418534,0.18376824,4.0
99598,2.98879657,0.19949496,6.0
99601,2.99151921,0.28722045,5.6
99616,3.0021207,0.20896919,6.7
99629,3.00937356,0.26901322,6.0
99637,3.01280379,0.3213092,5.7
99648,3.01832347,0.25070797,6.1
99668,3.02887456,0.19239676,6.5
99673,3.03123483,0.29316378,6.0
99681,3.03483123,0.19527796,6.7
99683,3.03566651,0.19043656,6.5
99774,3.07697104,0.24894072,6.8
99800,3.09204697,0.249307,5.9
99809,3.09385659,0.25433035,2.2
99812,3.09468009,0.28348884,6.0
99827,3.10199091,0.21430108,6.2
99840,3.11004765,0.26941504,6.7
99869,3.12272361,0.2730874,5.5
99876,3.12608773,0.24759459,6.9
99886,3.13157977,0.3048696,6.9
99910,3.14695532,0.21603196,6.9
99973,3.18752448,0.29337613,6.3
99997,3.20020088,0.17910816,5.8
100009,3.20802563,0.29509038,6.9
100012,3.21141826,0.26003951,5.1
100023,3.21899292,0.26431402,6.5
100039,3.22596892,0.25379526,6.7
100048,3.22921327,0.24182167,6.9
100053,3.23198696,0.31054372,4.9
100054,3.23240068,0.2712423,6.5
100062,3.23772626,0.29224423,6.6
100095,3.2552778,0.27688403,6.9
100146,3.28579052,0.17969275,6.5
100159,3.29476922,0.3207424,6.7
100160,3.29487263,0.32073993,5.2
100161,3.29487249,0.32074085,5.2
100176,3.30291402,0.29826882,5.8
100207,3.32298785,0.18197496,6.3
100211,3.32434862,0.17864478,5.0
100236,3.339847,0.25086272,6.8
100252,3.34512212,0.28933079,5.3
100259,3.34743569,0.27212432,6.7
100260,3.34766062,0.20870768,6.0
100268,3.35105943,0.32875739,6.9
100269,3.35207485,0.23654602,6.4
100283,3.35497661,0.24648344,5.6
100309,3.36937499,0.29799383,6.5
100311,3.37014505,0.29859781,6.9
100312,3.37049091,0.28138867,6.3
100321,3.3751777,0.34000318,6.6
100322,3.37646103,0.21674396,6.3
100332,3.38195213,0.34234192,6.7
100357,3.39870009,0.30384888,5.0
100366,3.40621278,0.32066929,6.1
100374,3.40845619,0.2988537,6.0
100384,3.41288947,0.19127344,3.0
100436,3.44356385,0.17492305,6.0
100439,3.44614141,0.29406413,6.2
100443,3.44697342,0.30594521,4.5
100460,3.45814586,0.20169548,5.8
100461,3.45836584,0.32727658,6.6
100467,3.46101685,0.32684771,6.5
100473,3.46675535,0.19777557,5.8
100476,3.46958947,0.33018963,6.6
100484,3.47424317,0.33251203,6.5
100489,3.47586604,0.32992332,6.8
100491,3.47692094,0.2970035,6.5
100497,3.47870438,0.23868527,5.5
100553,3.51032967,0.21698059,6.5
100582,3.52744161,0.24048446,5.2
100592,3.53087445,0.18881287,5.8
100627,3.55623256,0.21841307,6.6
100630,3.5585324,0.17810591,6.5
100644,3.56977006,0.24961243,6.4
100650,3.57372927,0.31879122,6.5
100651,3.57457153,0.18343309,6.7
100654,3.57607943,0.18755638,5.5
100676,3.5936074,0.2507245,6.9
100689,3.60071417,0.18021024,6.6
100706,3.60961258,0.30467704,4.5
100725,3.61927705,0.27572518,4.3
100726,3.61982552,0.22707189,6.7
100728,3.62100246,0.23024383,6.6
100734,3.62200827,0.32513564,6.7
100741,3.62968612,0.17690628,6.7
100742,3.62963282,0.2083447,6.8
100745,3.6316222,0.21232178,6.0
100747,3.63266009,0.29197506,6.8
100751,3.63558621,0.31298636,5.7
100766,3.64199862,0.32110044,2.8
100776,3.64701106,0.24532959,6.1
100780,3.65042863,0.27735677,6.9
100801,3.65936661,0.25567886,6.0
100819,3.67222751,0.30837103,6.5
100832,3.68063214,0.18826382,6.4
100834,3.68242496,0.19691818,6.8
100852,3.69352103,0.29618504,6.8
100882,3.70717598,0.27264709,6.7
100922,3.72551517,0.20939888,6.6
100925,3.72665342,0.22618609,5.5
100929,3.72886562,0.24391931,6.7
100934,3.72997776,0.17629222,5.4
100944,3.7335274,0.33479667,0.2
100949,3.73530712,0.33007517,5.8
100956,3.74143665,0.26639654,6.0
100973,3.74839477,0.33275425,6.9
100975,3.74927914,0.22696737,5.3
100980,3.75138277,0.28460842,5.0
101009,3.77032105,0.19629451,6.7
101011,3.77073469,0.28402703,6.8
101025,3.78062707,0.33557155,5.4
101105,3.82545011,0.22475734,6.9
101121,3.83201451,0.31936384,6.0
101137,3.84280653,0.23621422,6.0
101138,3.84289467,0.28655441,4.9
101139,3.84291918,0.28654384,5.8
101145,3.84473636,0.23960404,3.9
101152,3.84725392,0.20351615,5.6
101163,3.8515302,0.25670632,6.6
101184,3.86259348,0.29608396,4.7
101187,3.86304952,0.32960281,6.4
101197,3.86531306,0.22866601,6.7
101200,3.86633772,0.26409871,6.1
101232,3.8808998,0.17530548,6.8
101233,3.88108749,0.34052077,6.9
101250,3.88941519,0.33337709,4.6
101271,3.89619172,0.26410744,6.8
101273,3.89814532,0.27409426,6.4
101276,3.89817194,0.33427874,6.0
101286,3.90725972,0.21695708,6.8
101293,3.91049956,0.25213501,5.8
101299,3.9147546,0.28602994,5.8
101303,3.91717007,0.33138528,6.7
101306,3.91943849,0.24500331,6.8
101379,3.95901601,0.32186795,6.0
101403,3.96578309,0.23099539,6.1
101423,3.97845861,0.17831379,6.8
101429,3.97966282,0.33119421,6.0
101435,3.9827799,0.18679474,6.7
101437,3.98251549,0.33660144,6.8
101480,4.00858052,0.18199813,6.7
101508,4.0246753,0.21934202,6.2
101545,4.03952063,0.26926911,5.5
101548,4.03994729,0.34000303,6.3
101578,4.0544032,0.28615778,6.5
101600,4.06732212,0.28023365,6.1
101610,4.07132613,0.27945882,6.7
101618,4.07481693,0.29910919,6.5
101623,4.07884166,0.18391378,5.2
101624,4.07884508,0.18394292,4.2
101631,4.08212383,0.30814777,6.1
101634,4.08357776,0.19662254,6.1
101640,4.08622339,0.17470722,5.4
101641,4.08611998,0.26356925,6.8
101642,4.08619815,0.28132909,5.9
101648,4.08715016,0.26049369,6.9
101670,4.10007112,0.28473253,6.9
101673,4.10228078,0.21036352,6.3
101678,4.1058262,0.27968402,6.0
101682,4.10829227,0.34331174,4.5
101683,4.10933627,0.22422904,5.3
101686,4.10986474,0.32225696,5.8
101699,4.11538398,0.23854637,6.4
101712,4.12204154,0.30131553,5.9
101725,4.12852369,0.26916148,3.7
101729,4.12945265,0.27098724,6.8
101739,4.13332619,0.24635744,5.7
101744,4.13739877,0.24065754,6.1
101752,4.13965897,0.31662997,4.3
101753,4.14010752,0.22207458,6.8
101758,4.14326576,0.21919008,6.8
101771,4.14818977,0.26412916,5.6
101789,4.15797234,0.30374813,6.4
101792,4.15912746,0.23032737,6.2
101796,4.16078618,0.28056352,6.1
101821,4.16986865,0.32499078,6.2
101826,4.17331415,0.27334755,3.9
101829,4.17463508,0.21778228,6.9
101834,4.17676009,0.25157942,5.7
101879,4.19419265,0.31098839,5.3
101900,4.20550413,0.31071379,6.9
101922,4.21517377,0.23249701,6.7
101939,4.22206498,0.17264302,5.6
101947,4.22411283,0.17593825,6.7
101951,4.22402695,0.29752492,5.3
101952,4.224054,0.29765689,6.5
101962,4.2270868,0.30029738,6.1
101970,4.230106,0.20503973,6.9
101994,4.23887759,0.29087139,5.9
102018,4.24684967,0.23610552,6.8
102040,4.25632521,0.32826647,5.9
102107,4.28443548,0.33428548,3.8
102153,4.29968893,0.24492632,4.5
102160,4.3013446,0.32973657,6.7
102165,4.30307247,0.19909858,6.2
102174,4.30509327,0.27875672,6.8
102234,4.33105679,0.20050362,4.9
102242,4.33525431,0.18097649,6.7
102259,4.34342107,0.29770692,6.3
102271,4.34899521,0.270492,6.3
102273,4.35010088,0.25264106,6.6
102278,4.35372469,0.23888627,6.2
102314,4.36705952,0.21633196,6.0
102365,4.38677919,0.2748081,5.8
102393,4.39887621,0.23719752,6.3
102406,4.40328004,0.22530867,6.7
102410,4.40511148,0.23145277,6.0
102434,4.41523664,0.26077852,5.9
102435,4.41603585,0.2613489,6.4
102445,4.41866868,0.31523856,6.9
102450,4.42102982,0.18979612,6.9
102458,4.42444463,0.17741776,4.3
102474,4.42993529,0.23771132,6.2
102476,4.4303877,0.32172163,5.6
102482,4.43384069,0.26849704,6.6
102488,4.43601457,0.24679717,6.9
102496,4.43982687,0.24232379,6.5
102536,4.45735493,0.26091848,6.2
102553,4.46425028,0.24594933,5.1
102554,4.4644374,0.25326647,6.5
102564,4.46653572,0.23745757,5.9
102569,4.4678989,0.23679599,6.1
102571,4.46751027,0.34366721,6.6
102579,4.47104783,0.34206795,6.1
102584,4.47405664,0.22237007,4.9
102592,4.47772415,0.18246094,6.5
102611,4.48664002,0.2808834,6.7
102632,4.4975516,0.21759442,6.5
102646,4.50497507,0.18474717,5.6
102680,4.5145037,0.25115894,3.5
102681,4.5145282,0.25115332,5.4
102705,4.52266675,0.31449563,6.9
102711,4.52550843,0.22922951,6.8
102724,4.52949004,0.30225476,5.9
102725,4.53181802,0.18962343,5.3
102757,4.53922825,0.31515609,5.2
102770,4.54464626,0.29201031,6.6
102805,4.55760024,0.28450709,5.7
102806,4.55776735,0.27237986,6.3
102816,4.5626454,0.28595479,6.7
102819,4.56362831,0.2952638,6.3
102869,4.58311542,0.20813163,6.4
102873,4.58405034,0.30578838,6.9
102891,4.58978273,0.29363671,6.8
102897,4.59130975,0.20822384,6.2
102912,4.5962387,0.33609243,5.6
102917,4.59743774,0.28479434,5.7
102918,4.59769089,0.25903634,6.7
102925,4.60054355,0.22970128,6.7
102928,4.60092295,0.28804846,6.4
102932,4.60302047,0.21921437,2.1
102952,4.60677024,0.34633543,6.7
102958,4.61034358,0.24109348,6.8
102999,4.62060001,0.23263654,6.3
103020,4.63028462,0.26490758,6.3
103033,4.63375368,0.27841628,5.6
103052,4.63980808,0.24949957,6.2
103069,4.64383245,0.25150524,6.1
103070,4.64391506,0.2405853,6.8
103106,4.65624996,0.30887266,5.6
103110,4.65799252,0.32967582,6.7
103131,4.66351154,0.33606858,6.0
103145,4.6719217,0.20851036,6.4
103161,4.67737418,0.26748737,6.5
103168,4.67975678,0.29496932,6.6
103194,4.68723326,0.19426179,6.3
103234,4.69769258,0.32485004,6.7
103243,4.70125763,0.19275571,6.5
103285,4.71263798,0.29235826,4.7
103291,4.71440374,0.34043971,6.4
103299,4.7165489,0.26342705,6.3
103334,4.72655029,0.34231075,6.5
103398,4.74447322,0.27779562,6.8
103406,4.74645235,0.22813417,6.5
103414,4.74974615,0.24930705,6.3
103443,4.75665358,0.28757184,6.1
103495,4.77023959,0.28401728,6.7
103497,4.77093176,0.20742656,6.8
103578,4.79114093,0.24044785,6.2
103581,4.79148737,0.31645428,6.0
103584,4.79271085,0.22655295,6.6
103602,4.79572474,0.21282225,6.9
103648,4.81095172,0.20994536,5.9
103655,4.81194722,0.31113587,5.5
103660,4.81295485,0.29125972,6.4
103665,4.81415033,0.25656427,6.7
103709,4.82549766,0.26121625,6.5
103769,4.84043361,0.31388312,6.5
103770,4.84093415,0.24181377,6.9
103782,4.84309589,0.18296485,6.8
103800,4.84797416,0.29545811,5.7
103839,4.8574406,0.33013218,6.8
103867,4.86419423,0.19009743,6.4
103879,4.86602064,0.31770946,5.7
103886,4.86897294,0.29627909,6.2
103903,4.87254083,0.26961633,6.9
103912,4.87474569,0.19934336,6.4
103913,4.87448643,0.28271255,6.4
103918,4.87532281,0.19818689,6.9
103942,4.88069966,0.26327308,6.9
104008,4.8983453,0.26528777,6.8
104033,4.90374128,0.19025912,6.8
104071,4.91100367,0.34854211,6.7
104074,4.91176616,0.27445249,6.6
104078,4.91343033,0.32266983,6.8
104087,4.9161153,0.32647993,6.3
104093,4.91755767,0.31732655,4.4
104098,4.91892921,0.29511123,6.7
104118,4.92347914,0.26867885,6.9
104129,4.92571054,0.33734786,5.8
104154,4.9292857,0.27811802,6.5
104170,4.93387468,0.19157631,6.6
104196,4.93942112,0.24374148,6.1
104203,4.94062729,0.2536886,6.5
104239,4.94960511,0.18864886,6.8
104261,4.9544263,0.2307717,6.9
104263,4.95457581,0.25106212,6.5
104271,4.95701746,0.31407248,6.4
104272,4.95718363,0.31599753,5.7
104280,4.96200328,0.23339997,6.9
104296,4.96653321,0.3030055,5.4
104303,4.96887268,0.24271572,5.9
104306,4.96874163,0.34547522,6.2
104308,4.97024131,0.2377553,5.4
104313,4.97109644,0.17699025,6.5
104318,4.97254216,0.26299087,4.2
104328,4.97291697,0.28365338,6.9
104362,4.97895254,0.33701872,6.5
104379,4.98208227,0.21888329,6.6
104384,4.98273503,0.3337868,6.9
104394,4.98569365,0.25424618,6.8
104405,4.98673939,0.34314763,6.3
104437,4.99234779,0.30641505,6.6
104452,4.99551324,0.27465432,6.8
104454,4.99546495,0.3341252,6.6
104461,4.99779475,0.24196295,3.0
104488,5.00462967,0.19323044,5.1
104511,5.00889773,0.29414538,6.0
104522,5.01167746,0.25194279,6.7
104524,5.01202151,0.29411372,6.5
104526,5.01331458,0.19711336,6.7
104529,5.01342766,0.25798153,6.8
104602,5.02904959,0.29402321,6.4
104617,5.03202509,0.26241976,6.7
104619,5.03267988,0.19800799,6.9
104631,5.03660316,0.20442722,6.9
104655,5.04109884,0.26325882,5.7
104662,5.04206364,0.32316584,6.7
104668,5.04595063,0.25385436,5.5
104691,5.0519281,0.20237873,5.1
104707,5.05601057,0.28777197,6.9
104711,5.05625709,0.34226677,6.5
104722,5.05995276,0.21598052,5.4
104728,5.06094847,0.20132518,6.0
104753,5.06582172,0.33415143,6.8
104771,5.07047164,0.30985509,6.8
104779,5.07514192,0.26042063,6.6
104797,5.08051426,0.29562052,6.0
104804,5.08221145,0.29595781,6.8
104807,5.08314069,0.20846862,5.2
104818,5.08535239,0.34554984,5.3
104831,5.08859674,0.35077167,5.6
104832,5.08938715,0.22730872,5.8
104835,5.08996769,0.20682355,6.9
104839,5.08971935,0.34717227,6.0
104842,5.09176247,0.21051972,6.9
104860,5.09392472,0.31932466,6.9
104862,5.09445224,0.24927287,6.3
104871,5.09680124,0.31148275,6.9
104896,5.10233379,0.25474748,5.7
104914,5.10740571,0.22370258,6.9
104978,5.12390111,0.28387989,6.8
104990,5.12507761,0.34511001,4.9
105005,5.12743824,0.33169294,6.9
105014,5.12888301,0.27244871,6.6
105032,5.13184978,0.19460586,6.5
105034,5.13209921,0.2122523,6.8
105036,5.13241846,0.2511826,6.5
105045,5.13508496,0.19675732,6.2
105061,5.13689705,0.28733026,5.7
105065,5.13733462,0.33119838,6.8
105078,5.1397087,0.32449229,6.9
105081,5.14070201,0.30094305,6.7
105104,5.14620475,0.2892251,6.6
105120,5.14914155,0.31440017,4.4
105132,5.1534859,0.24112742,5.8
105133,5.15329878,0.30501345,4.5
105156,5.15837798,0.2128143,6.3
105163,5.15884558,0.32228474,6.8
105168,5.15991802,0.20641321,5.3
105199,5.16865666,0.23217931,6.1
105223,5.17603497,0.18523717,2.8
105259,5.18095731,0.32348422,3.8
105274,5.18425292,0.23482343,6.9
105278,5.18584125,0.1866489,6.4
105282,5.18668824,0.20622733,5.7
105290,5.18750498,0.20394618,6.6
105298,5.18789477,0.33409248,5.0
105329,5.19345008,0.30910004,6.8
105338,5.19683609,0.1817871,5.2
105340,5.19664207,0.29422208,6.9
105348,5.20133526,0.20296022,6.2
105355,5.20221622,0.1806663,6.5
105360,5.20266338,0.32588841,6.3
105431,5.21834793,0.17815216,6.9
105436,5.21862777,0.29033261,5.5
105438,5.21957003,0.19938195,5.3
105471,5.22620191,0.29302454,5.4
105485,5.22830234,0.28785764,6.8
105500,5.2305648,0.34020258,3.7
105505,5.23250328,0.19732091,6.5
105522,5.23622905,0.30572113,5.6
105572,5.24546868,0.18743042,6.8
105575,5.2461551,0.24277011,6.7
105583,5.24770982,0.21569235,6.9
105589,5.24806434,0.2545155,6.7
105591,5.24850584,0.19044184,6.8
105603,5.24926906,0.31932176,6.8
105608,5.25027088,0.32289643,6.1
105615,5.25125982,0.27979916,5.5
105624,5.25268656,0.26150297,6.9
105629,5.25339334,0.29885001,6.8
105635,5.25389083,0.29792862,5.9
105638,5.25447414,0.30953114,6.8
105659,5.25849392,0.34891052,5.3
105663,5.25973412,0.27053224,6.6
105733,5.27136645,0.29084453,6.7
105743,5.27367501,0.18719747,6.2
105843,5.29294687,0.20683281,6.6
105878,5.29828423,0.2652468,5.0
105887,5.30083997,0.1827831,6.9
105957,5.32043537,0.25081981,6.9
105961,5.32101242,0.23067925,6.5
105974,5.32327116,0.23645949,6.0
105980,5.32397111,0.20017375,6.8
105984,5.32438599,0.27127725,6.9
105988,5.32474473,0.25428298,6.3
105991,5.32481243,0.31054619,6.0
106007,5.32874328,0.26361773,6.6
106039,5.33525154,0.21717209,6.9
106042,5.33578648,0.25396819,6.2
106054,5.33830623,0.18087371,6.8
106059,5.34029765,0.28007197,6.7
106097,5.34955277,0.24280754,6.5
106100,5.34951815,0.34671111,6.4
106101,5.35112102,0.30220934,6.2
106138,5.35951118,0.32758633,6.9
106143,5.3596844,0.35104185,6.8
106152,5.36316524,0.22132806,6.9
106156,5.36405813,0.35059893,6.4
106164,5.36654049,0.17980445,6.8
106170,5.3672331,0.34326505,6.7
106172,5.3681939,0.19017049,5.9
106177,5.36793254,0.33896418,6.6
106194,5.37169103,0.27589181,6.8
106218,5.37880209,0.29264454,6.7
106230,5.38090673,0.19727966,4.0
106248,5.38412483,0.2273686,5.2
106274,5.39005197,0.25611364,4.7
106287,5.39422847,0.29346688,6.7
106316,5.39982734,0.25473386,3.7
106322,5.40100333,0.19857828,5.4
106329,5.4014009,0.31885493,6.3
106342,5.40498973,0.23239054,6.1
106347,5.4065185,0.27642801,5.9
106357,5.40894225,0.27771723,3.9
106360,5.40992778,0.19634256,6.4
106369,5.4130861,0.27302724,6.8
106373,5.41380532,0.34793696,6.4
106376,5.41445211,0.30667694,6.6
106384,5.41606363,0.25452146,6.2
106387,5.41762097,0.24100796,6.8
106396,5.41911519,0.30580714,6.3
106425,5.42561356,0.26310043,4.5
106443,5.43194983,0.21488751,6.7
106458,5.43438726,0.31573612,5.6
106475,5.43951765,0.28142266,5.2
106476,5.43957241,0.28142169,4.5
106477,5.4395735,0.28142145,4.5
106536,5.45253788,0.21895427,6.0
106562,5.45684688,0.31505462,6.5
106603,5.46505335,0.31463618,6.8
106665,5.47863703,0.23948569,5.4
106666,5.47877622,0.21936176,5.5
106689,5.48480051,0.29840408,6.9
106712,5.4909448,0.18918031,5.6
106738,5.49711628,0.29363715,6.5
106747,5.49979914,0.33736768,6.0
106796,5.51100445,0.25708685,6.4
106829,5.52314634,0.26750453,6.6
106853,5.53077547,0.27329495,6.5
106859,5.53249142,0.25609657,6.9
106930,5.55660583,0.27894555,6.2
106954,5.5622343,0.28761349,6.7
106973,5.56630383,0.29194879,6.9
107020,5.58011498,0.19553428,6.3
107024,5.58149764,0.31105689,6.6
107061,5.59098853,0.18033818,6.9
107073,5.59415797,0.34565393,4.3
107095,5.60070943,0.24522264,6.7
107136,5.61177671,0.31530449,6.8
107138,5.61317239,0.3381669,6.1
107142,5.61608236,0.28143148,6.8
107165,5.62380072,0.19346926,6.7
107168,5.62431421,0.31251657,6.4
107195,5.63374917,0.21183919,5.9
107250,5.64947313,0.31989902,6.6
107262,5.65523439,0.26323604,6.7
107288,5.66253452,0.33717206,5.3
107340,5.68344756,0.1889252,6.0
107364,5.69207065,0.25783114,6.1
107365,5.69200666,0.30281298,4.5
107392,5.70187337,0.23945966,6.6
107395,5.70320396,0.30009283,6.2
107425,5.71658569,0.3016917,5.3
107436,5.72046192,0.22035771,6.3
107445,5.72280401,0.3460425,5.7
107450,5.72323743,0.33696999,6.9
107452,5.72409846,0.19357932,6.9
107474,5.73176017,0.34327771,5.8
107488,5.73501462,0.22255018,6.7
107489,5.73467174,0.34414887,6.3
107528,5.74623156,0.21077512,5.6
107553,5.75284316,0.24474136,6.7
107561,5.7551955,0.33196817,6.6
107587,5.76433884,0.22898506,5.7
107599,5.7684163,0.19152904,6.4
107611,5.77110709,0.27901323,6.7
107625,5.77406047,0.19872978,5.8
107646,5.78166313,0.25858556,6.7
107675,5.79221139,0.33991203,5.8
107676,5.79230913,0.31416867,6.4
107706,5.80459915,0.34237906,6.1
107707,5.80483237,0.25533929,6.4
107712,5.805952,0.20288682,5.9
107729,5.811313,0.27995915,6.1
107740,5.81703339,0.31904182,6.6
107756,5.82200867,0.3000126,6.6
107794,5.83486302,0.22512149,6.9
107820,5.84193618,0.28375762,6.9
107846,5.84992899,0.24490475,6.6
107853,5.85331071,0.25080726,6.9
107854,5.85347739,0.21302131,4.9
107860,5.85596485,0.27317326,6.7
107884,5.86435348,0.26671419,6.7
107906,5.87162831,0.32191527,6.4
107986,5.90179014,0.3530802,6.3
107988,5.9020771,0.22768227,6.6
107989,5.90261925,0.27685979,6.4
108036,5.91931099,0.20415155,6.4
108043,5.92137317,0.21951355,6.5
108064,5.92921901,0.34072584,5.8
108078,5.93317472,0.34350024,6.1
108094,5.93794864,0.25393464,5.8
108103,5.94049951,0.18904238,3.6
108109,5.94265913,0.25335786,6.1
108131,5.95031539,0.19092375,6.4
108154,5.95798443,0.3380104,6.5
108165,5.96332427,0.21245486,4.3
108204,5.97573938,0.18288927,6.5
108211,5.98059503,0.33407022,6.5
108216,5.98547017,0.26329673,6.9
108222,5.98799333,0.18177716,6.7
108231,5.99100701,0.29393468,5.7
108242,5.99653083,0.3105796,6.7
108246,5.99779859,0.29569019,6.5
108275,6.00767861,0.20679185,6.5
108307,6.0178813,0.20470676,5.8
108356,6.03267144,0.28331949,6.7
108378,6.04215941,0.26538163,2.6
108383,6.04365872,0.28908131,6.5
108392,6.04561203,0.26108555,6.8
108400,6.04888954,0.3231927,6.1
108402,6.04988882,0.34750834,6.4
108403,6.05040798,0.18400415,6.9
108432,6.06229716,0.32700343,6.6
108443,6.06811726,0.30707861,5.9
108463,6.08003371,0.19312383,5.9
108472,6.08242517,0.3426778,6.6
108515,6.09827298,0.3194817,6.7
108560,6.11285157,0.30111206,6.5
108580,6.12207578,0.21491684,5.3
108627,6.14527303,0.34706105,6.7
108638,6.14859919,0.22271478,4.7
108677,6.16791126,0.31100187,6.7
108729,6.18572009,0.29366076,6.2
108732,6.18695891,0.32115353,5.4
108782,6.2078353,0.28511354,6.5
108789,6.21063568,0.18031942,5.4
108878,6.25040911,0.33371224,5.2
108879,6.25097882,0.19106861,5.4
108884,6.25271019,0.31240555,6.8
108911,6.26535742,0.26581238,6.6
108931,6.27345371,0.20026625,6.5
108948,6.28229112,0.1967692,6.6
109004,0.02343846,0.06294385,6.9
109078,0.06018521,0.02414639,6.9
109087,0.06536345,0.15395438,5.9
109100,0.07228877,0.14381993,6.2
109102,0.07313766,0.17880922,6.8
109119,0.07764308,0.02947105,6.4
109152,0.089875,0.14294654,5.6
109192,0.11084412,0.03385216,6.0
109206,0.11464559,0.06677062,6.9
109224,0.12362829,0.17784488,6.0
109238,0.1315283,0.08481956,6.6
109262,0.14135698,0.12139802,5.7
109315,0.16366105,0.05472121,6.6
109369,0.17975553,0.16327836,6.5
109461,0.20679374,0.11765153,6.2
109470,0.21070495,0.12740763,6.1
109471,0.21111066,0.09216124,5.8
109474,0.2124177,0.13238419,4.5
109507,0.22385957,0.05908095,6.5
109563,0.25449097,0.11945669,6.9
109581,0.26105021,0.11315202,6.3
109618,0.2726765,0.15396393,6.8
109623,0.27362894,0.1593969,6.7
109627,0.27464312,0.13770798,4.5
109642,0.27832038,0.11806944,6.9
109643,0.27845354,0.02385482,6.2
109656,0.28307888,0.09872149,6.2
109666,0.28719422,0.085666,6.8
109677,0.29070379,0.14591709,6.9
109694,0.29667921,0.03478499,6.7
109696,0.29829357,0.17293299,6.9
109697,0.29832098,0.09860752,5.7
109715,0.30787601,0.04268469,6.2
109727,0.31638958,0.04313518,6.8
109739,0.32171407,0.13221417,5.6
109740,0.3218177,0.13226682,6.5
109753,0.32596882,0.12208859,6.2
109764,0.32984498,0.01592094,6.7
109783,0.33668827,0.03517023,6.9
109793,0.33946218,0.06308357,5.3
109834,0.36047478,0.03012753,6.5
109895,0.37913904,0.06169996,6.4
109907,0.38563806,0.13895318,6.4
109916,0.38856018,0.12730718,6.7
109926,0.39350884,0.1072293,5.1
109964,0.4071203,0.14326836,6.6
110001,0.41908642,0.13343386,6.9
110011,0.42204447,0.13668464,6.7
110024,0.42904796,0.0451362,6.9
110046,0.43887359,0.15290374,6.7
110065,0.44257899,0.0957762,4.7
110110,0.45986728,0.15983148,4.5
110111,0.46125052,0.14939126,6.6
110112,0.46133263,0.06399928,6.9
110114,0.46214908,0.0596379,6.9
110138,0.47313345,0.06432227,6.0
110206,0.49548072,0.05563247,4.8
110235,0.50569242,0.03228253,6.2
110266,0.52426469,0.05405454,5.8
110291,0.53252977,0.04823469,4.3
110325,0.54477042,0.13501135,6.5
110332,0.54894219,0.12269083,6.9
110337,0.55067421,0.14394579,6.7
110378,0.56659758,0.0657816,6.9
110390,0.57312904,0.14957195,5.7
110395,0.57475219,0.0602667,6.7
110403,0.57710344,0.04791593,6.7
110408,0.58032183,0.15440472,4.5
110415,0.58248204,0.08749345,6.6
110428,0.58975017,0.01256501,6.8
110456,0.60224237,0.03067925,5.8
110495,0.61934637,0.00690666,5.6
110532,0.63823011,0.10982353,6.7
110537,0.64311289,0.17799449,6.5
110542,0.64576855,0.03422372,6.5
110543,0.6464653,0.14765573,4.3
110565,0.65270085,0.16695635,6.3
110583,0.65778427,0.00445558,6.0
110589,0.66105065,0.03957006,5.4
110591,0.66102687,0.01909652,6.8
110625,0.67661586,0.13039825,6.2
110635,0.68012979,0.0976198,5.0
110636,0.68103191,0.12019942,5.9
110640,0.6832319,0.1349077,6.0
110653,0.68946025,0.13430595,6.5
110655,0.69208712,0.0600927,6.4
110665,0.69587332,0.0057337,4.0
110673,0.69927453,0.10667321,6.3
110688,0.7040728,0.07727707,6.9
110689,0.70470316,0.00950526,6.8
110707,0.71253416,0.05647376,3.6
110723,0.71969597,0.17652464,4.4
110730,0.72146755,0.08223284,6.0
110816,0.75763427,0.0343651,6.7
110817,0.75821735,0.16293812,6.8
110833,0.764173,0.06085449,6.7
110843,0.76587869,0.03523059,6.5
110851,0.76894633,0.14628681,6.1
110865,0.77263617,0.07855669,6.3
110867,0.77306116,0.00780555,6.7
110889,0.78415513,0.15546278,4.7
110915,0.79356674,0.0931315,6.4
110920,0.79534487,0.07137878,2.8
110921,0.79576171,0.0759719,5.6
110934,0.8005314,0.10867186,6.6
110945,0.80562122,0.03252751,6.0
111002,0.82311946,0.14784534,6.4
111030,0.83306645,0.04041717,6.9
111044,0.83967645,0.11625372,5.8
111120,0.86987879,0.05882104,5.0
111131,0.87280527,0.02589584,6.8
111142,0.87752159,0.06415166,5.8
111161,0.88859665,0.08520673,6.5
111162,0.88839281,0.01587498,6.6
111172,0.89366675,0.15758306,3.8
111195,0.90394674,0.16986785,3.8
111215,0.91221219,0.05669775,6.5
111230,0.91959311,0.10801484,6.1
111246,0.92764068,0.16359883,5.6
111273,0.93732958,0.11201029,6.5
111291,0.94591813,0.01025783,6.1
111292,0.94628654,0.00700992,4.4
111334,0.95928633,0.05335171,5.8
111340,0.96196178,0.08946403,6.7
111393,0.98194922,0.04575022,6.7
111400,0.98468771,0.10559334,5.4
111407,0.98679992,0.11873426,6.1
111433,0.99766787,0.00397567,6.1
111441,1.00258054,0.16420189,6.8
111453,1.00661836,0.02730597,6.7
111469,1.01230769,0.11405412,5.6
111476,1.01761378,0.13561378,6.6
111480,1.01883951,0.03698299,6.7
111516,1.03423339,0.10541779,6.0
111566,1.05491678,0.17449618,5.7
111573,1.05804565,0.06714757,6.9
111577,1.06026192,0.16071438,6.9
111579,1.06096907,0.10453315,3.9
111585,1.06353158,0.09486892,5.3
111586,1.06440635,0.14306755,5.5
111590,1.06536876,0.04933808,5.4
111597,1.07203984,0.17518781,6.8
111631,1.08845881,0.11737116,6.7
111634,1.08959414,0.05798905,6.5
111648,1.09666978,0.09639594,5.7
111659,1.10023127,0.01282953,6.8
111671,1.10620008,0.15516699,6.5
111672,1.10632843,0.13467057,5.4
111674,1.10802177,0.16168221,5.0
111680,1.11092396,0.17472724,5.1
111696,1.11497945,0.15520025,4.3
111698,1.1147687,0.1079777,6.5
111729,1.12752022,0.16557425,6.5
111756,1.13746183,0.10700037,5.9
111759,1.13803067,0.16101787,6.5
111773,1.1421927,0.04170789,6.9
111791,1.15132528,0.16512453,5.1
111814,1.16073791,0.0763328,6.5
111817,1.16217912,0.14992427,6.0
111827,1.16505469,0.0362949,6.4
111840,1.16963385,0.0324382,6.1
111845,1.17170549,0.02409941,5.5
111876,1.18613027,0.10061033,6.7
111879,1.18717405,0.09442415,6.4
111890,1.19468573,0.16429061,6.2
111896,1.19614846,0.09718817,5.8
111928,1.20963345,0.01742343,5.3
111940,1.21259746,0.12771393,6.9
111954,1.21781141,0.13737545,5.5
111989,1.2315473,0.16814919,6.9
112077,1.25357728,0.10102392,6.6
112091,1.25863357,0.04738613,6.7
112098,1.25988097,0.06262964,6.2
112106,1.26466652,0.12149751,3.3
112124,1.26803413,0.15533702,4.4
112132,1.26866282,0.0200357,6.6
112142,1.27062624,0.09782672,3.8
112150,1.27288048,0.17409761,6.1
112155,1.27389313,0.17232043,6.8
112179,1.2801105,0.04377557,5.7
112191,1.28251469,0.02739343,6.5
112197,1.28391394,0.04259685,3.9
112203,1.28629159,0.13576873,5.5
112205,1.28690238,0.15010326,6.9
112206,1.28650343,0.00815903,5.9
112220,1.29142911,0.09423357,6.6
112223,1.29161819,0.02836567,6.9
112225,1.29218775,0.13796086,6.5
112281,1.30266139,0.02991722,4.7
112305,1.31146287,0.06311251,6.6
112316,1.31379478,0.06487481,6.9
112334,1.31702814,0.0125989,6.2
112340,1.31772046,0.02808259,6.7
112406,1.33253954,0.02055067,5.9
112436,1.34232698,0.16531589,6.3
112440,1.34338807,0.14832462,5.5
112450,1.34426277,0.13784169,6.8
112465,1.34798672,0.05617492,6.5
112467,1.3496954,0.17155869,5.4
112505,1.36000455,0.00898214,6.6
112509,1.36028555,0.01809683,6.3
112528,1.36698987,0.04993498,4.6
112535,1.36801728,0.03434726,6.3
112543,1.36915531,0.00977753,6.5
112556,1.37328614,0.08999267,5.8
112588,1.38179586,0.0339852,6.4
112624,1.39271769,0.04530589,5.5
112653,1.39943997,0.04441339,6.7
112654,1.40013287,0.16973821,6.5
112655,1.40006517,0.05112375,6.7
112660,1.40203273,0.07002242,6.4
112667,1.40379479,0.14710828,5.7
112697,1.40862317,0.06186135,5.0
112708,1.41161488,0.09289573,6.4
112729,1.41634741,0.04106532,6.3
112734,1.41697617,0.03222542,4.7
112740,1.41865125,0.11082191,1.7
112752,1.42149468,0.00908885,6.0
112767,1.42526459,0.11989093,6.4
112775,1.42609595,0.05402914,4.7
112781,1.42740633,0.06728889,6.6
112784,1.42791924,0.04086107,6.5
112794,1.43128591,0.02266014,6.4
112830,1.43951935,0.03122792,5.7
112837,1.44133762,0.07337582,6.4
112849,1.44332075,0.10381432,4.3
112861,1.4453161,0.05746114,5.5
112901,1.45717714,0.02457138,6.4
112904,1.45856744,0.06574316,5.3
112912,1.46049959,0.09879907,6.7
112914,1.46093076,0.1656237,4.5
112921,1.46231393,0.17338178,3.7
112958,1.47002654,0.16215253,4.4
112966,1.47184605,0.15623892,6.1
112979,1.4748835,0.13162153,5.7
113001,1.47997521,0.07193307,4.5
113033,1.4882997,0.00589475,6.0
113053,1.49351038,0.04131592,6.6
113056,1.49433927,0.02573716,5.2
113099,1.50548378,0.06995454,6.1
113119,1.51225202,0.02038515,6.1
113124,1.51350066,0.16619607,5.9
113150,1.51845427,0.11264476,5.3
113179,1.52735334,0.17228392,5.9
113186,1.52812026,0.07719921,6.1
113198,1.52934563,0.03533249,6.3
113220,1.53781324,0.03237872,5.0
113253,1.54575878,0.05629254,6.5
113265,1.54782023,0.01690167,6.2
113267,1.54865472,0.10227848,6.7
113271,1.54973028,0.12927765,0.6
113284,1.55538107,0.16597509,6.0
113296,1.55953881,0.00048874,6.8
113306,1.5616476,0.02137146,6.5
113315,1.5638457,0.03206262,6.1
113321,1.56567539,0.00965046,5.3
113327,1.5684309,0.14688415,6.9
113389,1.58119682,0.16837982,4.2
113392,1.5807687,0.02957131,6.5
113429,1.59248386,0.09459704,5.8
113430,1.59249302,0.07258107,5.7
113503,1.60913714,0.15131898,6.5
113507,1.60991461,0.04362494,5.6
113512,1.61059362,0.13114477,6.7
113530,1.61364692,0.05007529,6.7
113542,1.61616383,0.05065159,6.9
113578,1.62308101,0.12901081,6.9
113592,1.62748564,0.10500308,6.8
113650,1.63916393,0.10587128,6.0
113653,1.63965698,0.07476448,6.4
113656,1.6401712,0.02040581,6.3
113668,1.64214953,0.01885319,6.4
113673,1.64485676,0.12309788,6.4
113675,1.64545148,0.17352669,5.3
113683,1.64614226,0.08901499,5.8
113710,1.6522827,0.15790304,6.4
113733,1.65930437,0.13472463,6.7
113758,1.66430125,0.03959284,6.3
113790,1.67007029,0.07348059,6.9
113801,1.67249783,0.06570122,6.3
113810,1.67450474,0.08016016,4.5
113811,1.67453193,0.08020811,6.5
113817,1.67568422,0.15506882,6.1
113845,1.68083221,0.12367233,5.8
113855,1.68121553,0.02620151,6.5
113868,1.68326716,0.03965679,6.3
113872,1.68362685,0.01418187,6.8
113896,1.68851202,0.01467759,6.5
113905,1.68960816,0.00522285,5.3
113906,1.69009191,0.05075655,5.8
113911,1.6906382,0.09031686,6.7
113929,1.69419118,0.03337559,6.3
113938,1.69678328,0.00223213,6.7
113940,1.69841582,0.04618384,6.4
113957,1.70209643,0.15758641,6.5
113974,1.70409759,0.10238955,6.7
114010,1.71010109,0.08627192,6.8
114013,1.71094772,0.10533435,6.7
114019,1.7116969,0.15391118,6.9
114023,1.71181958,0.08474887,6.0
114034,1.71436667,0.1279833,4.5
114065,1.71976345,0.05058245,6.8
114085,1.72252049,0.13216491,6.4
114097,1.72466404,0.01553421,5.7
114115,1.72787363,0.07849735,6.5
114146,1.73399094,0.10708094,6.1
114154,1.735175,0.0471969,6.4
114162,1.73607152,0.08652019,6.2
114191,1.73937652,0.02816055,6.1
114194,1.74020337,0.08203862,6.5
114244,1.74764276,0.11120424,6.4
114258,1.74959716,0.17271201,4.7
114269,1.75008418,0.00864573,5.6
114277,1.75186907,0.10665145,6.8
114293,1.75400405,0.11074313,6.2
114312,1.75889461,0.0529435,6.4
114324,1.76123349,0.06863187,5.8
114363,1.76797446,-0.00075229,6.9
114366,1.76907038,0.17043863,6.7
114388,1.7738672,0.14987327,5.8
114410,1.77731365,0.14027555,5.0
114426,1.77931968,0.0059317,6.9
114428,1.77962803,0.04209957,4.7
114465,1.7848694,0.01748825,6.1
114487,1.78985718,0.09902315,6.7
114525,1.79618356,0.05308783,6.2
114528,1.79665219,0.08874621,6.8
114556,1.80127985,0.14626397,5.8
114626,1.81329695,0.1452942,6.1
114713,1.82670617,0.13302987,6.1
114722,1.82801219,0.06287132,6.0
114731,1.8296965,0.12770385,6.3
114762,1.83441711,0.03371559,6.6
114798,1.83996857,0.08409234,6.5
114801,1.84096115,0.09699677,6.5
114835,1.8469869,0.15949502,5.9
114867,1.8515201,0.0259753,6.5
114899,1.85725351,0.16032071,6.0
114935,1.86360149,0.08569858,6.0
114947,1.86673705,0.13039651,5.9
115009,1.87557496,0.16246965,6.9
115012,1.87608307,0.13482145,6.8
115050,1.88143061,0.0557048,6.8
115062,1.88432655,0.09869226,6.0
115065,1.88549344,0.0955511,6.2
115119,1.89513922,0.05430466,5.6
115159,1.90091437,0.13923965,6.0
115204,1.90806804,0.11659847,6.4
115247,1.91518004,0.00138322,6.7
115263,1.91712419,0.04783143,6.1
115269,1.91897395,0.12467158,6.0
115279,1.91982407,0.04293646,6.7
115294,1.922121,0.00704027,6.8
115301,1.92303846,0.06251323,6.8
115335,1.92884153,0.00309326,6.0
115351,1.93064518,0.01222812,6.6
115425,1.94450557,0.16189781,5.1
115456,1.9510627,0.14467567,3.1
115477,1.95491988,0.12115979,5.3
115478,1.9554802,0.15578261,4.6
115513,1.96050646,0.11488722,6.7
115577,1.97241404,0.04756958,6.7
115581,1.97264901,0.0334138,5.3
115610,1.97743215,0.05742516,5.7
115644,1.98209924,0.05884368,5.8
115653,1.98429712,0.04755828,6.5
115666,1.98713764,0.13230512,6.6
115693,1.99219844,0.10230592,5.9
115719,1.99705482,0.03364612,6.8
115733,2.00062067,0.00881202,6.9
115756,2.00408326,0.09119321,0.5
115773,2.00763631,0.0912973,5.8
115813,2.01405534,0.06326135,5.9
115839,2.02061444,0.00330439,6.4
115846,2.02175624,0.08630231,6.7
115864,2.02512168,0.04197483,6.3
115966,2.04631514,0.07562313,6.5
116014,2.05420548,0.05719846,6.3
116016,2.05447259,0.07783015,6.6
116019,2.05464043,0.00138196,6.6
116043,2.0581777,0.03083764,5.1
116054,2.06000993,0.0571974,6.6
116120,2.07486101,0.15468693,5.8
116145,2.0786795,0.07829096,6.3
116162,2.08246505,0.15082045,6.1
116165,2.0824833,0.01966768,6.4
116179,2.08609279,0.12590112,6.3
116182,2.08716915,0.03882965,5.4
116186,2.08787972,0.05123719,6.5
116192,2.08895455,0.09814161,6.8
116244,2.0997649,0.08516712,5.7
116251,2.10244572,0.15558044,6.1
116260,2.10427956,0.04074428,4.5
116336,2.11968041,0.03778497,6.8
116428,2.13932482,0.16001014,6.9
116444,2.14359768,0.17140946,6.1
116569,2.16645778,0.16031765,3.8
116582,2.16991441,0.07363922,6.7
116585,2.17087332,0.15474239,6.3
116630,2.18092838,0.06890332,6.3
116680,2.19122451,0.03755042,6.9
116737,2.20356494,0.16451866,6.9
116747,2.20606432,0.03668537,5.9
116751,2.20699378,0.02746731,6.7
116752,2.20746095,0.13202742,5.2
116762,2.21100906,0.13353761,6.8
116818,2.22357965,0.14690926,6.8
116863,2.23362743,0.17129335,6.6
116890,2.24155181,0.08302105,6.1
116894,2.24371704,0.14751523,6.0
116903,2.24517213,0.09604852,6.9
116920,2.24892452,0.04788369,6.5
116929,2.25081915,0.11553925,6.0
116953,2.25625621,0.16851954,6.0
116965,2.25870178,0.0995483,4.2
116975,2.26057692,0.1671098,6.5
116988,2.26350689,0.05831795,4.5
116997,2.26635316,0.13992872,6.5
117006,2.26989887,0.1145861,6.6
117010,2.27024153,0.03350964,6.9
117050,2.28299844,0.05931666,4.3
117069,2.28635645,0.07565372,6.3
117088,2.29083787,0.09914449,6.0
117093,2.29243318,0.00345216,6.9
117095,2.29328395,0.0814009,6.5
117102,2.29656859,0.01128772,6.9
117112,2.29849587,0.11202847,3.5
117146,2.30572357,0.10188679,4.4
117170,2.310888,0.02587058,6.9
117172,2.31174459,0.12242423,6.8
117175,2.31237822,0.11426903,6.8
117212,2.32248935,0.14072168,6.6
117214,2.32304465,0.09320204,6.2
117264,2.33609622,0.10376855,3.3
117287,2.3414261,0.07394572,6.4
117292,2.34410743,0.04406278,6.8
117301,2.34615528,0.1638501,6.3
117311,2.34806591,0.02690328,6.5
117351,2.36284114,0.0984517,6.3
117369,2.36817778,0.12737583,6.1
117374,2.37034911,0.118963,6.9
117420,2.38225669,0.08887823,5.4
117432,2.38673542,0.02552384,6.4
117434,2.38794952,0.04505097,6.6
117487,2.40823585,0.09543887,6.2
117492,2.4094959,0.06749368,6.1
117527,2.41887217,0.04039094,3.8
117553,2.42891167,0.01272558,6.5
117564,2.43126285,0.03367259,6.8
117569,2.43276143,0.00968396,6.9
117590,2.44282303,0.09103545,6.5
117605,2.44612782,0.00316782,6.8
117641,2.45769462,0.06110936,6.9
117648,2.45948344,0.09109911,6.8
117661,2.46298646,0.11082807,6.8
117704,2.47521126,0.10878555,6.7
117717,2.48036412,0.15807083,5.5
117718,2.4804868,0.142911,5.9
117751,2.49564659,0.16957183,5.3
117757,2.49883356,0.03253517,6.1
117807,2.51856,0.11930644,5.1
117821,2.52398659,0.08114409,4.8
117851,2.53615044,0.15699193,6.8
117898,2.55763807,0.11708338,6.0
117901,2.55862469,0.03116242,5.7
117908,2.56247306,0.14957375,6.7
117937,2.57654769,0.07580789,6.2
117959,2.58397247,0.04283101,5.9
117960,2.5839529,0.00131879,6.3
117975,2.59056966,0.10399215,6.3
117997,2.6001849,0.13399436,6.7
118001,2.60242816,0.15591031,5.9
118006,2.60407248,0.07404055,6.8
118023,2.60981905,0.14510764,6.3
118041,2.61676298,0.05907435,6.6
118044,2.6189253,0.14039782,4.9
118086,2.63605978,0.05586872,6.4
118111,2.64762295,0.09793828,6.3
118131,2.65589945,0.02025411,6.6
118135,2.65834582,0.10769976,6.8
118164,2.67386965,0.08054059,5.9
118248,2.70976991,0.03996203,6.5
118269,2.71838173,0.11418948,6.3
118271,2.71941242,0.099382,6.5
118278,2.72366775,0.04132867,6.4
118281,2.72454579,0.04176394,6.7
118286,2.72818168,0.15332475,5.9
118296,2.7313456,0.05111934,6.8
118299,2.73210998,0.06862717,6.6
118333,2.74760232,0.02602383,6.9
118347,2.75589423,0.0496552,6.6
118355,2.76115931,0.16243062,3.9
118376,2.76983723,0.12136724,5.2
118380,2.77086705,0.15097631,5.7
118381,2.77115139,0.03847738,6.7
118443,2.80397987,0.062535,6.6
118449,2.80713826,0.08286382,6.3
118473,2.81502904,0.04342239,6.6
118483,2.81911871,0.11123269,6.3
118550,2.84588115,0.01789341,6.3
118555,2.84750969,-0.00351645,6.6
118574,2.86106305,0.01286119,6.0
118576,2.86244738,0.10795375,6.0
118577,2.86310399,0.00755534,6.9
118610,2.88224036,0.06313646,5.0
118615,2.88305245,0.1064886,5.1
118634,2.89554646,-1.537e-05,6.1
118648,2.90168529,0.12803764,4.7
118668,2.90991619,0.03413035,5.7
118731,2.93983077,-0.00121654,5.4
118734,2.94037459,0.03959619,6.8
118735,2.94101185,0.14068639,5.9
118764,2.95523505,0.03508887,5.4
118778,2.96232996,0.0288053,6.0
118804,2.97201857,0.10523191,4.1
118806,2.97336829,0.11579872,6.6
118813,2.97507799,0.16001993,6.7
118825,2.98145593,0.00229942,6.3
118831,2.98467999,0.02457167,5.5
118847,2.99174785,0.05761225,6.7
118851,2.99251499,0.06736927,6.4
118859,2.99454939,0.151138,6.8
118864,2.99653739,0.05258852,6.5
118875,3.00169375,0.04984966,5.2
118892,3.00923619,0.1326346,6.7
118923,3.02642187,0.04361141,6.7
118929,3.02974294,0.0534096,5.8
118961,3.04631338,0.15505762,6.5
118965,3.0476058,0.14197007,5.5
118981,3.05607632,0.01661839,6.8
119029,3.07738337,0.14413433,5.1
119035,3.07989214,0.11395851,4.2
119058,3.08886124,0.14391869,5.2
119061,3.09411141,0.09046662,6.7
119076,3.10099382,0.03079973,3.8
119100,3.11470651,0.00963082,6.4
119111,3.12000569,0.14737507,5.6
119139,3.13388004,0.0607728,6.9
119147,3.13747382,0.00926018,6.5
119156,3.14136838,0.06379338,5.2
119164,3.14540242,0.11544107,4.6
119189,3.15791635,0.09700036,6.5
119213,3.16432142,0.15241883,4.2
119245,3.1838678,0.03312446,6.1
119249,3.18547452,0.10135195,5.7
119262,3.19251562,0.0707859,6.9
119341,3.23038577,0.05781408,5.1
119360,3.23991563,0.09259713,6.5
119413,3.26246209,0.1502791,6.4
119420,3.26509971,0.07672928,6.8
119453,3.27840872,0.13271935,6.2
119466,3.28795669,0.1340282,6.9
119479,3.29218533,0.13499773,6.9
119497,3.30358837,0.15353438,6.6
119502,3.30680261,0.074853,6.9
119503,3.30772095,0.05728922,6.3
119508,3.30903031,0.03236791,6.0
119509,3.30957994,0.12196841,6.2
119538,3.32464395,0.11879836,5.5
119574,3.34063713,0.13392425,5.2
119580,3.34394264,0.16650257,5.9
119585,3.34683741,0.1038597,6.4
119596,3.35040806,0.06235499,6.7
119633,3.36680536,0.05335079,6.1
119673,3.38437304,0.0009656,6.9
119674,3.38420927,0.05929616,3.7
119683,3.39129546,0.14476483,6.8
119702,3.4023783,0.16625318,6.8
119789,3.44201014,0.09087706,6.9
119822,3.46430301,0.02541694,6.8
119837,3.47225961,0.13880337,6.9
119847,3.47658868,0.16448235,5.2
119855,3.48020762,0.09546757,5.0
119867,3.48565123,0.06436251,6.6
119886,3.49311876,0.0842483,6.9
119889,3.49368178,0.05134196,6.2
119899,3.49804961,0.03642851,5.7
119905,3.50009295,0.0899661,5.9
119959,3.5333534,0.01911722,6.7
119961,3.53411866,0.10495067,6.4
119962,3.53429981,0.12529326,6.3
119993,3.54805933,0.10216033,6.8
120004,3.55232193,0.06385976,4.9
120042,3.5680368,0.04157151,6.7
120075,3.58757795,0.14640234,6.1
120082,3.59128633,0.06174859,5.6
120108,3.60825828,0.11083563,6.3
120121,3.61535203,0.13892981,6.7
120127,3.61933894,0.11071894,6.8
120130,3.62040853,0.14675717,6.5
120132,3.62336032,0.09594017,6.3
120185,3.64976606,0.01833599,5.9
120189,3.65069007,0.05212203,6.9
120228,3.67104105,0.15525184,5.9
120232,3.67146334,0.1622923,6.9
120238,3.67237644,0.0269568,4.3
120251,3.67623202,0.16905749,6.1
120261,3.68095524,0.13170749,6.4
120265,3.68233318,0.08553888,6.3
120269,3.685371,0.0400969,6.4
120316,3.70651217,0.04882559,6.9
120326,3.7122975,0.01395221,6.7
120334,3.7154588,0.02377628,6.3
120339,3.71869762,0.04205153,4.9
120364,3.73013455,0.05822661,6.6
120400,3.75107152,0.00670696,6.2
120424,3.76666022,0.02166991,6.3
120426,3.76719916,0.14742185,5.1
120433,3.76997838,0.14387927,5.7
120434,3.770736,0.10157952,5.1
120436,3.77124331,0.14110861,6.2
120499,3.79539641,0.01446699,5.8
120504,3.79938987,0.08328954,6.1
120522,3.80940057,0.09291183,6.9
120569,3.82870835,0.0397443,6.6
120601,3.84690857,0.1424496,5.0
120642,3.86373856,0.01251944,5.5
120648,3.86699134,0.03303516,3.8
120657,3.87066301,0.01693973,6.6
120673,3.87849968,0.10392258,6.7
120719,3.8993424,0.10894025,6.7
120739,3.90683561,0.11841152,6.9
120758,3.91632002,-0.00292464,5.7
120774,3.9243097,0.07972165,6.2
120794,3.93145639,0.05057843,6.8
120798,3.93491228,-0.00245427,5.9
120809,3.93964838,0.03649784,4.6
120845,3.9580339,0.04123049,6.8
120852,3.9604647,0.09595869,6.2
120916,3.99326766,0.08620748,5.4
120920,3.99601001,0.00649636,5.6
120923,3.99634075,0.11284271,6.6
120927,3.9994022,0.16952039,6.6
120938,4.00717626,0.01639441,6.7
120946,4.01126164,0.0308119,5.2
120955,4.01876459,0.01248405,5.5
121020,4.0519441,0.03214703,5.1
121038,4.06192266,0.14973393,6.5
121071,4.08004463,0.02912828,6.6
121081,4.08326243,0.0214246,6.7
121152,4.11909717,0.04389721,5.8
121157,4.12014728,0.11214875,2.8
121170,4.12505005,0.09506896,5.6
121173,4.12622742,0.01555685,6.5
121186,4.12963852,0.12833711,4.4
121191,4.13402221,0.02698657,6.7
121215,4.1464331,0.0383347,5.3
121218,4.14871781,0.07815167,3.8
121254,4.16553849,0.14975381,6.2
121315,4.19250754,0.0772728,5.9
121339,4.20520015,0.08703424,6.2
121361,4.21335877,0.14130355,6.1
121383,4.2257357,0.14894999,5.9
121385,4.22635354,0.15032904,6.7
121390,4.2279831,0.06029308,6.1
121392,4.22887409,0.11133441,6.0
121396,4.23107306,0.01430496,6.8
121403,4.23331239,0.02794335,6.6
121414,4.23894413,0.1695136,6.5
121431,4.24663878,0.08763313,5.6
121443,4.25085819,0.10301064,6.4
121451,4.25295011,0.1371519,6.8
121478,4.26612327,0.02612482,6.6
121540,4.28510002,0.01796002,4.8
121568,4.29429718,0.12126911,5.7
121588,4.3008362,0.1635535,6.9
121596,4.30378544,0.04377184,6.6
121602,4.30522716,0.16185907,6.8
121604,4.3058778,0.04097291,6.2
121614,4.308945,0.05010394,6.6
121623,4.31342998,0.01160741,5.5
121627,4.31404529,0.00096134,6.6
121646,4.31904209,0.1042122,6.9
121658,4.32367747,0.03462753,3.9
121671,4.32815489,0.16431572,6.7
121676,4.33101338,0.09636346,5.6
121703,4.33916545,0.15138181,6.9
121728,4.3496231,0.12404579,6.9
121738,4.35268898,0.09210582,6.7
121774,4.36587786,0.07342862,6.9
121776,4.36613573,0.073648,5.7
121783,4.36890302,0.0217358,6.6
121788,4.36988768,0.08503094,6.8
121790,4.37077329,0.02061631,5.9
121831,4.38514018,0.10625526,6.7
121834,4.38729952,0.01780764,6.0
121843,4.38876843,0.14979497,5.4
121857,4.39335174,0.03913426,6.7
121859,4.39457405,0.03603358,6.0
121865,4.3972415,0.09157301,5.3
121895,4.40836601,0.12649521,5.5
121908,4.41185914,0.16412829,6.8
121911,4.4131317,0.02122684,5.5
121921,4.41995834,-0.00047235,6.8
121959,4.43898199,0.10840473,6.9
121962,4.44041549,0.1636252,3.4
121995,4.45272471,0.1149087,6.4
122008,4.45625609,0.12966822,6.8
122023,4.45924955,0.14749104,6.2
122030,4.46173381,0.17138183,6.9
122056,4.4736355,0.01226002,5.9
122075,4.4774777,0.16987949,6.6
122146,4.49535118,0.00839877,6.9
122157,4.50023294,0.08186239,6.8
122164,4.50187638,0.13778943,6.4
122182,4.50690293,0.00614041,6.5
122186,4.50726487,0.13526045,6.8
122224,4.52143367,0.0381543,6.0
122226,4.52270965,0.02112867,6.0
122244,4.52745433,0.03041251,6.7
122251,4.52949396,0.05492866,6.8
122270,4.53297153,0.10620983,6.4
122279,4.53687278,0.03733836,6.9
122316,4.54688239,0.08727815,6.7
122346,4.55513751,0.15450779,5.9
122366,4.56103439,0.15575638,6.9
122381,4.56541975,0.13256905,6.0
122387,4.56628194,0.07226211,4.4
122405,4.5715996,0.14733706,6.6
122418,4.57637562,0.00576691,5.2
122465,4.58740457,0.04755145,5.6
122526,4.60161271,0.16731909,5.8
122607,4.62137442,0.03539663,6.4
122610,4.621989,0.06204946,6.6
122615,4.62302645,0.05921223,6.8
122646,4.63183382,0.11018021,6.0
122652,4.63354097,0.07621358,6.9
122671,4.64027467,0.07971404,2.9
122690,4.645052,0.04501854,6.3
122691,4.64515293,0.0450118,6.6
122723,4.65184351,0.09651249,6.7
122729,4.65310684,0.01822017,6.9
122735,4.65428086,0.10077793,6.9
122754,4.65956135,0.04725086,3.7
122766,4.66149642,0.06639557,6.2
122787,4.66576964,0.03422746,6.5
122806,4.66942894,0.17188327,6.8
122829,4.67342552,0.14888051,6.8
122847,4.67786622,0.01938993,6.8
122861,4.68005465,0.02277587,6.1
122880,4.68287757,0.10649049,5.8
122909,4.68826468,0.06513743,6.6
122922,4.6932969,0.03621558,6.7
122935,4.69627312,0.01170064,5.7
122949,4.69900863,0.113234,6.2
122950,4.69961521,0.00116006,6.1
122964,4.70300253,0.03932716,6.7
123001,4.71292727,0.11439368,6.7
123004,4.71351777,0.01098738,6.3
123005,4.71353704,0.07624519,4.8
123013,4.71520427,0.05116462,4.0
123017,4.71623518,0.10940325,6.2
123035,4.72004014,0.02278038,4.4
123090,4.73255771,0.03349364,6.1
123107,4.73619433,0.04362489,4.1
123112,4.73693442,0.08128711,6.8
123138,4.7444565,0.04331161,6.6
123140,4.74426691,0.1524356,4.7
123142,4.74445839,0.16692101,3.7
123150,4.74641447,0.171892,6.5
123156,4.74782309,0.03872037,6.5
123172,4.75111304,0.03483318,6.9
123187,4.75412053,0.06969652,5.7
123198,4.75558893,0.05445088,5.7
123212,4.75895509,0.05802177,5.7
123250,4.76767876,0.04909437,6.5
123257,4.76939282,0.05201959,6.6
123271,4.77290544,0.04177586,6.6
123308,4.78260729,0.04150136,6.3
123320,4.7869173,0.01755467,6.6
123353,4.79598472,0.12670678,5.6
123377,4.80344223,0.05894185,4.9
123385,4.80609178,0.09487435,6.0
123453,4.82211405,0.088745,6.6
123462,4.82429375,0.14018446,5.7
123471,4.82608176,0.0136221,6.9
123497,4.83110453,0.00342506,5.4
123513,4.83385633,0.0654274,6.1
123516,4.83447229,0.10810686,5.6
123571,4.84365694,0.07094749,6.5
123585,4.84627624,0.07873403,6.8
123610,4.85252597,0.06387648,6.3
123634,4.85807598,0.14431139,6.3
123652,4.8630194,0.11279467,6.1
123673,4.86775645,0.08614562,6.7
123688,4.8715857,0.08647869,6.8
123690,4.87149138,0.15921761,5.4
123693,4.87231139,0.11644628,5.4
123697,4.87340484,0.06614502,6.6
123726,4.87736805,0.10268892,6.6
123744,4.87972431,0.15417943,6.4
123756,4.881092,0.08473283,6.6
123778,4.88524464,0.09187074,6.3
123782,4.88631344,0.12842637,6.4
123879,4.90800628,0.03595243,5.0
123886,4.91080528,0.09598618,5.7
123928,4.9220268,0.07401898,6.3
123947,4.92888907,0.0145896,6.3
124050,4.95436826,0.11545872,5.7
124058,4.95590263,0.06020169,6.9
124060,4.95565181,0.12524235,6.8
124068,4.95769442,0.07336647,4.5
124070,4.95779958,0.07333888,5.4
124073,4.95859523,0.04312679,6.3
124077,4.95943466,0.0744364,6.7
124089,4.96230471,0.04425001,5.6
124109,4.96733497,0.02090972,6.9
124112,4.96718887,0.10891107,6.4
124184,4.98448923,0.14615484,6.6
124203,4.98961919,0.03174536,5.7
124219,4.99241681,0.05812742,6.5
124246,4.99662072,0.16828988,6.9
124254,4.99913872,0.07467192,6.9
124257,4.99946939,0.11426656,6.9
124266,5.00198572,0.14363997,5.5
124282,5.00539049,0.01119794,6.4
124318,5.01345122,0.10599753,5.4
124358,5.02264976,0.09206117,6.9
124376,5.02678917,0.04577281,6.8
124408,5.03401724,0.04003412,5.1
124410,5.03411556,0.09626829,6.3
124455,5.04625738,0.08438061,5.4
124457,5.04651394,0.115132,6.5
124478,5.05186832,0.03545777,6.1
124486,5.05500744,0.00739225,6.7
124487,5.05508925,0.01893963,5.3
124492,5.0564301,0.00591754,6.5
124497,5.05656347,0.16786712,6.4
124520,5.06286804,0.08338752,6.9
124564,5.07370086,0.17301124,6.3
124603,5.08544562,0.05436318,3.4
124628,5.08989512,0.00591056,4.9
124646,5.0949965,0.08220433,6.6
124661,5.09787396,0.05114358,5.9
124675,5.10079557,0.034041,5.8
124681,5.10203345,0.00429622,6.5
124698,5.10584844,0.05068708,6.4
124704,5.10749429,0.06011728,6.3
124718,5.10982278,0.0351169,6.8
124749,5.1147478,0.16290249,6.9
124777,5.11874825,0.08777828,6.8
124788,5.12087318,0.06564804,6.8
124789,5.12152012,0.09539339,6.7
124799,5.12293194,0.12878615,4.6
124801,5.12334552,0.13589691,6.9
124823,5.12873698,0.05084634,6.5
124835,5.13218459,0.10485565,6.7
124892,5.14355468,0.05902136,6.4
124903,5.145203,0.09421035,5.2
124969,5.16078246,0.14630688,6.8
125000,5.16629443,0.16612073,6.6
125011,5.16918288,0.15230572,6.5
125032,5.17344126,0.13287599,5.7
125069,5.18168911,0.01900101,6.8
125074,5.1826129,0.10091789,6.8
125116,5.19362796,0.13792469,6.4
125122,5.19577253,0.15478196,0.9
125139,5.19800219,0.16808127,6.3
125141,5.19866796,0.07135837,6.6
125154,5.20175341,0.13020452,6.6
125159,5.20314451,0.01755147,4.0
125182,5.20708983,0.07680413,6.3
125210,5.21088898,0.14767924,4.9
125219,5.21306598,0.0047775,5.6
125221,5.21273488,0.12462034,6.0
125235,5.2155381,0.11181893,3.9
125272,5.22386063,0.00613978,6.9
125298,5.2304507,0.02908897,6.8
125310,5.23327079,0.02403968,6.4
125339,5.23753194,0.05815839,6.8
125355,5.24027348,0.14936416,6.1
125384,5.24999795,0.08254792,6.8
125403,5.25404588,0.12702361,5.6
125423,5.25853894,0.03697785,6.7
125429,5.25927808,0.00793567,6.9
125438,5.26186255,0.0833401,6.7
125456,5.26498058,0.1322293,6.9
125478,5.27019214,0.16405518,6.5
125517,5.28018647,0.14737221,6.6
125567,5.29090527,0.01513865,6.8
125628,5.30623566,0.07994839,6.6
125647,5.31018876,0.15644651,6.6
125665,5.31725661,0.01119634,6.9
125747,5.33712166,0.09325226,5.4
125769,5.34343182,0.01864836,6.1
125772,5.34374126,0.02388706,6.8
125773,5.34350047,0.15005541,6.6
125791,5.34692197,0.11591847,6.6
125797,5.3482677,0.17551627,6.5
125805,5.3505511,0.05161234,6.6
125841,5.35870855,0.14726051,6.3
125843,5.35938617,0.05125925,6.4
125911,5.37709261,0.03721818,6.6
125960,5.38387496,0.17557416,6.4
125961,5.38433725,0.08549767,6.7
125969,5.38665767,0.12005073,6.9
125996,5.39086006,0.12125059,6.5
126059,5.40672284,0.17603619,5.2
126062,5.40796763,0.00848972,5.4
126088,5.41180721,0.06006255,6.9
126116,5.41968031,0.11358026,6.9
126141,5.42652957,0.09407708,6.7
126187,5.43649365,0.12879662,6.9
126221,5.44454122,0.05771435,6.4
126222,5.44457867,0.10486588,5.6
126224,5.44612889,0.04739141,6.9
126227,5.44722372,0.06368774,6.6
126265,5.45329783,0.1372556,6.2
126267,5.45408832,0.09677177,6.3
126364,5.47659041,0.03165252,6.7
126373,5.4789333,0.07911117,6.3
126396,5.48546766,0.00809377,6.3
126414,5.48824994,0.07322349,6.9
126428,5.49374503,0.0749378,5.3
126447,5.49806872,0.13118554,6.0
126482,5.50741583,0.12530761,6.6
126488,5.5096292,0.05847464,6.7
126491,5.51109622,0.02673636,6.5
126518,5.5177612,0.09604091,5.9
126519,5.51827026,0.05134865,6.5
126522,5.51853889,0.03961655,6.4
126535,5.52154726,0.10399045,6.0
126546,5.52687073,0.06637972,6.6
126556,5.53190804,0.02013858,6.9
126562,5.53274318,0.08991413,6.7
126566,5.53473889,0.1219847,6.4
126587,5.54129689,0.05137309,6.5
126593,5.54291452,0.17682769,4.8
126597,5.54369178,0.17538634,6.0
126643,5.56097192,0.17465495,4.6
126662,5.56683244,0.09159207,4.1
126707,5.58355284,0.16624765,6.9
126719,5.58976592,0.12835859,6.0
126733,5.59306401,0.02376445,6.8
126735,5.59390992,0.07584377,6.9
126744,5.59638727,0.05093651,6.6
126749,5.59768026,0.11887627,5.1
126774,5.6042939,0.17757334,6.4
126789,5.61061628,0.00932544,6.5
126794,5.61327056,0.0192601,6.4
126805,5.61682762,0.09410544,6.7
126818,5.62176697,0.14304088,6.7
126834,5.62682973,0.11485958,6.7
126901,5.64925307,0.03192488,6.8
126933,5.66135191,0.08172553,6.9
126940,5.66240442,0.11550982,6.3
126956,5.66591587,0.10073255,5.8
126965,5.67037788,0.03915656,5.3
126971,5.67247082,0.16029962,6.8
126997,5.68178361,0.02243204,5.8
127002,5.6821718,0.09913659,5.6
127021,5.68830343,0.13139842,6.7
127029,5.69058538,0.17235126,2.5
127060,5.70388028,0.04688236,5.5
127114,5.72276517,0.01344854,6.9
127141,5.73324602,0.11980754,6.6
127219,5.76016154,0.11723745,6.0
127235,5.76431521,0.01055803,5.8
127239,5.76462166,0.14411421,5.9
127285,5.78437013,0.08828758,4.9
127303,5.78859259,0.04257629,6.5
127327,5.79952257,0.04771308,6.6
127340,5.80409155,0.10817313,3.7
127402,5.82279785,0.13921192,6.6
127420,5.82937621,0.1492258,6.0
127453,5.84886107,0.10104487,5.4
127460,5.85091438,0.14288632,6.2
127494,5.86195482,0.01061878,6.9
127520,5.8698789,0.02403929,4.6
127529,5.87575608,0.0766841,5.9
127540,5.88114522,0.08195281,4.9
127544,5.88670541,0.15933067,5.8
127551,5.89034013,0.07734805,5.5
127658,5.92904309,0.07906909,6.9
127707,5.94707256,0.02124875,6.9
127747,5.96237794,0.13234841,6.8
127810,5.98823048,0.17166506,5.3
127811,5.98886578,0.06199516,6.9
127836,5.99953338,0.01858393,6.0
127839,6.00056451,0.15386745,5.0
127860,6.01068123,0.06650427,6.4
127870,6.01521342,0.16331138,6.5
127874,6.01575425,0.12810174,6.3
127881,6.01901787,0.01680471,5.6
127894,6.02450817,0.05256418,6.0
127908,6.02892,0.06162326,6.5
127934,6.03830194,0.06667269,4.6
127937,6.03891026,0.11548281,6.3
127960,6.04448492,0.02281102,6.4
127976,6.0519486,0.16422559,4.7
127993,6.05926793,0.0371377,5.6
128001,6.06294337,0.15144639,5.4
128007,6.06512685,0.17142629,5.3
128019,6.07040975,0.08733778,6.9
128022,6.07259657,0.15219455,5.1
128037,6.07847091,0.15644322,6.9
128051,6.08252008,0.08721255,6.9
128069,6.08975927,0.02283346,6.8
128085,6.0962852,0.05728651,3.9
128126,6.11014987,0.09392019,5.2
128150,6.12124639,0.04919181,6.9
128156,6.12406546,0.00508332,6.5
128160,6.12731228,0.06484368,6.8
128184,6.13800438,0.04325275,6.8
128186,6.13890141,0.02191377,4.9
128188,6.14026989,0.01959219,6.4
128196,6.14342152,0.11133295,4.5
128231,6.16193503,0.12365604,6.8
128260,6.17157034,0.09547572,6.8
128269,6.17605845,0.14869449,6.9
128270,6.17618063,0.02291768,6.6
128281,6.18015896,0.03668876,5.6
128309,6.19556469,0.16890031,6.1
128310,6.19570315,0.09819702,4.3
128335,6.20440653,0.12654515,5.9
128336,6.2048502,0.0310688,4.6
128358,6.21692883,0.12551671,6.9
128365,6.21931353,0.17767418,6.5
128374,6.2238079,0.06085779,5.3
128388,6.23170777,0.14391815,6.6
128393,6.23441295,0.03864581,6.4
128401,6.23718657,0.0187812,5.8
128421,6.24545762,0.16255012,6.1
128425,6.24781214,0.08282271,6.7
128427,6.24812033,0.05114401,5.9
128436,6.25298922,0.03648877,6.2
128466,6.26193454,0.12341223,6.1
128472,6.26410457,0.14352361,6.7
128487,6.2691714,0.08246584,6.9
128513,6.28018232,0.11978699,4.0
128544,0.01048768,0.15632681,6.3
128547,0.01088562,0.14809865,5.8
128569,0.02209492,-0.00878216,6.3
128572,0.02328167,-0.09961627,4.7
128595,0.03375045,-0.04448422,6.3
128602,0.03578732,-0.0427228,6.3
128604,0.03617086,-0.15400708,6.1
128621,0.0450039,-0.09160637,6.0
128628,0.04869447,-0.05796602,6.8
128655,0.06309358,-0.13579699,5.4
128660,0.06505257,-0.16702108,5.8
128690,0.08158163,-0.14054889,6.5
128694,0.08476955,-0.15400582,3.8
128743,0.1068756,-0.03872706,6.3
128760,0.11616722,-0.00086583,6.4
128791,0.13107139,-0.06906825,6.0
128806,0.13822302,-0.03130684,6.8
128830,0.15032106,-0.11351985,6.8
128839,0.15379783,-0.06270721,5.2
128843,0.15509999,-0.00882487,5.9
128852,0.15721555,-0.09722667,6.6
128868,0.16613491,-0.00878817,6.9
128891,0.17761474,-0.07595678,6.1
128935,0.19810018,-0.08079536,6.4
128974,0.21780313,-0.00390537,6.8
128986,0.22331073,-0.08795747,6.8
129009,0.23129292,-0.01997238,4.9
129015,0.23425853,-0.07898521,6.6
129019,0.23689805,-0.15255521,6.4
129032,0.24306779,-0.12823458,6.0
129050,0.25236603,-0.03083032,6.6
129056,0.2564013,-0.10267457,6.7
129094,0.27507582,-0.08441649,5.7
129154,0.30630332,-0.15543922,6.6
129169,0.31295775,-0.03929051,6.2
129177,0.31762709,-0.11839242,6.9
129193,0.32463459,-0.13828132,5.2
129196,0.32646165,-0.01699577,5.8
129204,0.33424895,-0.04363939,5.5
129210,0.33590483,-0.03977552,6.8
129217,0.33905457,-0.13368534,6.9
129235,0.34821726,-0.00888145,6.0
129239,0.35157403,-0.05666847,6.4
129262,0.36032439,-0.0078487,6.5
129274,0.36662161,-0.14282883,3.8
129275,0.36670102,-0.139757,6.5
129277,0.36801605,-0.12068254,6.0
129280,0.37005911,-0.04971861,6.4
129283,0.37092835,-0.10378116,6.8
129292,0.37470059,-0.06854446,6.8
129293,0.37488661,-0.14842687,6.9
129300,0.37723103,-0.00695877,6.5
129315,0.38405156,-0.03551333,6.9
129331,0.39223577,-0.09767333,6.7
129363,0.40604583,-0.15733741,6.6
129371,0.40890563,-0.12261486,5.9
129387,0.41387153,-0.06150288,6.8
129412,0.42598149,-0.16413261,6.4
129415,0.42702702,-0.06005086,6.8
129465,0.44822448,-0.0644074,5.3
129477,0.4534084,-0.08317449,6.4
129482,0.45695672,-0.11808917,6.5
129490,0.46245596,-0.100067,5.5
129539,0.48708365,-0.1199846,6.6
129588,0.51482922,-0.03594132,6.6
129622,0.52466772,-0.05879127,6.9
129624,0.52555282,-0.1487659,5.7
129655,0.53753567,0.00224139,5.6
129665,0.53963959,-0.07162007,5.9
129667,0.54019206,-0.00593877,6.0
129695,0.55191238,0.00061028,6.3
129701,0.55431497,-0.1502075,6.8
129706,0.55664171,-0.01078041,6.9
129717,0.56082032,-0.11655837,6.6
129739,0.57420278,-0.03186099,6.0
129752,0.57941273,-0.04177673,5.7
129765,0.58420788,-0.15820333,6.7
129781,0.59110927,-0.16520424,6.7
129798,0.59770575,-0.11208786,5.7
129825,0.60800937,-0.05196921,2.0
129830,0.60947203,-0.0758428,6.5
129858,0.62049066,-0.01544636,5.6
129888,0.63256223,-0.04852107,6.3
129959,0.66390958,-0.01806542,5.5
129984,0.6750535,-0.13717183,5.8
129992,0.67776684,-0.06214099,6.8
130004,0.6806819,-0.13668764,5.7
130026,0.68808173,-0.05927347,5.8
130047,0.69902865,-0.16498728,5.9
130055,0.7035087,-0.01214599,5.7
130061,0.7060043,-0.05608514,6.1
130079,0.7133213,-0.0441864,6.6
130083,0.7152688,-0.13808512,6.6
130117,0.73399545,-0.06316385,6.7
130160,0.75416084,-0.164776,6.3
130181,0.76264503,-0.00084333,6.7
130197,0.76981026,-0.15530226,4.0
130199,0.77066788,-0.06479195,5.3
130215,0.77972933,-0.04856558,5.2
130216,0.78011912,-0.17063003,6.2
130227,0.78369029,-0.12531493,6.6
130228,0.78402415,-0.04302212,5.5
130242,0.78910422,-0.05024294,6.3
130243,0.79048929,-0.13374303,5.9
130251,0.79480156,-0.11335589,6.3
130254,0.79720132,-0.13413486,5.5
130269,0.8040457,-0.13265996,5.4
130277,0.80803167,-0.14441198,6.6
130284,0.81401182,-0.10626646,5.6
130328,0.83475869,-0.06653544,6.3
130355,0.84113605,-0.02087554,5.1
130386,0.85315766,-0.15306698,6.8
130387,0.85448549,-0.15393305,4.9
130388,0.85527351,-0.10330085,6.0
130391,0.85678635,-0.10000998,6.5
130392,0.85721279,-0.07481936,6.8
130395,0.85780955,-0.15977718,6.2
130408,0.86556754,-0.01623462,5.6
130457,0.88704643,-0.13603387,6.3
130520,0.91477571,-0.11876786,6.2
130528,0.91899235,-0.08857764,4.8
130537,0.92095083,-0.00838907,6.6
130564,0.92908632,-0.16507736,3.8
130598,0.94227781,-0.08944725,6.6
130628,0.95332778,-0.12900795,5.9
130634,0.95564914,-0.09819426,6.0
130639,0.95835026,-0.05922086,6.4
130645,0.95989436,-0.01955724,6.1
130649,0.96153832,-0.05615039,6.7
130652,0.96271823,-0.09094523,5.5
130686,0.97410578,-0.17040328,3.7
130698,0.97960226,-0.02029978,5.1
130704,0.98149114,-0.00517713,5.8
130730,0.9947515,-0.0499442,6.9
130746,1.00058635,-0.0253718,6.8
130762,1.00474489,-0.02657928,6.5
130780,1.01292132,-0.02005131,6.7
130784,1.01353444,-0.0114514,6.9
130789,1.01531526,-0.09357331,5.5
130796,1.01726268,-0.11578078,6.5
130805,1.02228189,-0.05153342,6.3
130806,1.02229148,-0.05156929,5.0
130833,1.03250304,-0.17017915,6.2
130860,1.04227703,-0.09546956,6.0
130878,1.05389045,-0.02704693,5.3
130893,1.05859557,-0.004693,5.4
130894,1.05871069,-0.01397863,6.8
130948,1.07312827,-0.15456088,6.3
130963,1.07987986,-0.10484687,6.9
130995,1.09004029,-0.06237375,6.8
131001,1.09246659,-0.12084534,5.6
131005,1.09430093,-0.15393135,5.9
131012,1.09749438,-0.00737998,6.8
131019,1.098971,-0.11933829,4.1
131020,1.09927905,-0.15424018,6.6
131025,1.1010403,-0.07697906,6.9
131041,1.10669713,-0.02006469,6.3
131063,1.11383429,-0.13356564,4.5
131092,1.12276965,-0.11295601,6.1
131115,1.13235457,-0.1417042,6.9
131126,1.13656314,-0.02296519,6.7
131129,1.13727988,-0.10900769,6.3
131132,1.13757935,-0.13251543,5.7
131140,1.14079738,-0.00171159,6.1
131143,1.14155281,-0.10968696,6.6
131176,1.15052446,-0.06537043,5.2
131270,1.18629287,-0.00076833,5.0
131279,1.18954224,-0.05601125,5.9
131298,1.19349483,-0.12196031,6.8
131301,1.19399741,-0.14408338,6.7
131303,1.19440313,-0.09268721,6.8
131309,1.19516904,-0.11761672,5.7
131315,1.1963939,-0.14366401,5.5
131316,1.19640473,-0.15656079,5.5
131317,1.19658595,-0.11934178,6.4
131335,1.20093546,-0.16993466,6.7
131344,1.20439543,-0.06303887,6.3
131346,1.20566959,-0.05851139,4.1
131351,1.20791074,-0.14766087,6.9
131358,1.21126628,-0.04316989,5.3
131392,1.22080247,-0.01837308,6.2
131419,1.23209388,-0.01624136,6.8
131442,1.23733917,-0.15347984,6.8
131443,1.23737641,-0.15352013,6.7
131451,1.23956949,-0.1484164,5.9
131468,1.2457393,-0.05680392,4.2
131481,1.24966462,-0.05156406,6.3
131504,1.25927956,-0.09902795,6.0
131568,1.27799349,-0.09516844,4.5
131587,1.28484704,-0.05631072,6.6
131614,1.29330054,-0.09025902,5.5
131622,1.29580349,-0.14763755,6.8
131625,1.29715597,-0.01863352,6.2
131640,1.30105649,-0.03861333,6.4
131684,1.31188895,-0.03605254,6.3
131688,1.31256148,-0.1004134,6.5
131697,1.3152242,-0.01216936,6.6
131700,1.31527627,-0.12520837,4.8
131711,1.31780067,-0.09600824,6.7
131715,1.32103135,-0.07347327,6.1
131731,1.32519585,-0.04433277,6.9
131738,1.32776017,-0.10526905,6.7
131742,1.33041606,-0.05305166,6.0
131777,1.33849969,-0.08124275,5.2
131791,1.3414557,-0.15103226,6.9
131794,1.34324677,-0.08877506,2.9
131806,1.34537185,-0.1512338,5.7
131809,1.34622096,-0.04929649,6.9
131813,1.34707653,-0.07777444,5.2
131824,1.34890549,-0.15278782,4.3
131829,1.35042357,-0.03726108,6.7
131834,1.35286572,-0.00986732,6.4
131847,1.35684609,-0.03933827,6.3
131852,1.35838459,-0.04346922,5.9
131873,1.36486122,-0.10571871,6.0
131887,1.36814149,-0.14220482,6.2
131905,1.37276807,-0.00982393,6.9
131907,1.372431,-0.14314609,0.3
131910,1.37308419,-0.12342115,6.9
131917,1.37578822,-0.02459455,6.1
131952,1.38581979,-0.11945727,3.7
131983,1.39446157,-0.02464575,6.4
132004,1.39818174,-0.09366474,6.3
132024,1.40294176,-0.00726876,5.6
132028,1.40395347,-0.00667661,4.6
132053,1.41070157,-0.14688507,5.8
132057,1.4124261,-0.00278739,5.6
132060,1.41308874,-0.01513443,6.1
132067,1.41348573,-0.13627608,4.2
132070,1.41582047,-0.01555917,5.1
132071,1.41579931,-0.04183641,3.4
132086,1.42034756,-0.00949571,6.3
132100,1.42261933,-0.09631231,6.1
132116,1.42674674,-0.04120111,6.6
132144,1.43303814,0.00035168,6.6
132154,1.43425886,-0.14620478,6.9
132157,1.43529231,-0.0577287,6.2
132170,1.43724657,-0.06014977,6.1
132172,1.437375,-0.1267397,6.5
132174,1.43827209,-0.00037292,6.9
132176,1.43873293,-0.01906147,5.0
132192,1.44139951,-0.12976218,6.2
132210,1.44578261,-0.11708333,6.0
132217,1.44743653,-0.05613027,6.8
132220,1.44865215,-0.00522052,2.5
132221,1.44865695,-0.00496633,6.9
132222,1.44832032,-0.12743512,4.6
132233,1.45136788,0.0002028,6.6
132234,1.45162881,-0.02778671,5.3
132247,1.45350715,-0.02999271,6.7
132255,1.45527153,-0.02017732,5.3
132269,1.45763296,-0.01807453,6.2
132270,1.45764365,-0.02566613,6.2
132271,1.45752569,-0.12259275,6.6
132277,1.45947857,-0.0002139,6.6
132278,1.45910551,-0.08385696,6.8
132290,1.46084015,-0.12566477,6.9
132292,1.46125881,-0.07173744,6.7
132298,1.46177957,-0.10488197,5.6
132301,1.46190923,-0.10475456,4.7
132314,1.46291098,-0.09406743,5.4
132317,1.46329692,-0.07842559,6.5
132319,1.46334717,-0.07723358,6.3
132320,1.46339844,-0.08444427,4.6
132321,1.46337735,-0.09452713,5.2
132322,1.4636254,-0.09452946,6.5
132323,1.46360271,-0.10314702,2.9
132325,1.46397265,-0.07617892,6.3
132332,1.46431968,-0.05677246,6.3
132336,1.46458795,-0.08475212,5.3
132346,1.46700829,-0.02097813,1.8
132351,1.46716813,-0.09857615,6.5
132359,1.46867049,-0.10585577,5.6
132375,1.47243364,-0.10364231,5.8
132387,1.47432514,-0.08401113,6.3
132390,1.47580409,-0.0204092,6.7
132392,1.47591165,-0.07171059,6.8
132405,1.47755567,-0.11473416,5.9
132406,1.47805826,-0.04537929,3.8
132407,1.47769225,-0.14785499,6.8
132408,1.47822494,-0.04527602,6.5
132411,1.47866534,-0.12588934,4.9
132424,1.48143351,-0.06221774,6.0
132425,1.48140958,-0.16941421,6.4
132441,1.48624436,-0.0493056,6.1
132444,1.48684046,-0.03390559,2.0
132445,1.48721193,-0.01970365,5.0
132465,1.49082141,-0.05054672,6.3
132477,1.4961723,-0.11861292,6.0
132480,1.49729644,-0.02815463,6.5
132505,1.50339055,-0.11980662,6.7
132515,1.50991212,-0.07449855,6.4
132542,1.51737427,-0.16876781,2.2
132554,1.52097627,-0.07146057,6.0
132591,1.53312558,-0.13121463,5.3
132603,1.53643945,-0.15780225,6.0
132622,1.54328521,-0.09956953,6.8
132634,1.54677471,-0.1468297,6.7
132635,1.54713861,-0.07093037,6.4
132652,1.55118101,-0.08057283,6.0
132653,1.55155196,-0.08357116,6.2
132683,1.55732268,-0.14632782,6.9
132700,1.5629198,-0.01735066,6.3
132703,1.56364055,-0.08117012,6.9
132714,1.56650929,-0.1637513,6.3
132715,1.56674934,-0.16682584,5.1
132723,1.56917288,-0.02521186,6.4
132732,1.57103958,-0.05365457,4.7
132761,1.58016271,-0.08966008,6.9
132764,1.5803155,-0.12722456,6.9
132793,1.58922984,-0.11709521,5.1
132803,1.5913638,-0.02757955,6.8
132841,1.59979235,-0.07319586,5.4
132845,1.60106514,-0.05831678,6.8
132848,1.60123356,-0.10824799,6.6
132883,1.60902718,-0.13850211,6.6
132884,1.60916565,-0.11903451,6.6
132888,1.61056431,-0.1449014,6.8
132900,1.61269936,-0.09967692,6.2
132924,1.61888582,-0.11788007,6.0
132941,1.62196974,-0.08143052,6.0
132944,1.62255937,-0.11432619,5.1
132965,1.62638812,-0.04371143,6.5
132972,1.62720093,-0.15236094,6.7
132973,1.62772562,-0.08613946,6.9
132994,1.63146884,-0.065298,5.9
132997,1.6316609,-0.12649225,6.7
133003,1.63454957,-0.07973294,5.8
133012,1.63561684,-0.10951524,4.1
133027,1.63840464,-0.08578574,6.0
133028,1.63873516,-0.0089404,5.7
133029,1.63813767,-0.15769641,6.0
133071,1.64884883,-0.07649594,6.8
133076,1.64994824,-0.1173858,6.9
133078,1.6506042,-0.09869212,6.6
133091,1.65301486,-0.16389054,5.7
133098,1.65427499,-0.14986105,6.1
133114,1.65681168,-0.13653614,5.1
133118,1.65803028,-0.05138894,5.2
133124,1.65855192,-0.13738655,6.9
133136,1.66172849,-0.0802101,6.6
133156,1.66545855,-0.14374682,6.8
133182,1.66997023,-0.03833446,6.0
133189,1.67126148,-0.05719192,6.6
133199,1.67280275,-0.08180945,6.4
133203,1.67376872,-0.17234026,6.4
133215,1.67798645,-0.0247604,6.6
133229,1.68107416,-0.0165112,5.9
133234,1.68240737,-0.05220018,6.7
133238,1.68330156,-0.06787818,6.4
133246,1.68415328,-0.13778099,6.4
133248,1.68493708,-0.06135661,6.5
133257,1.68675186,-0.08023904,6.1
133260,1.68712318,-0.02631181,5.7
133263,1.68750468,-0.13109886,6.3
133265,1.68847573,-0.07782874,6.8
133267,1.68867099,-0.07602111,6.9
133269,1.68973906,-0.00481808,5.8
133290,1.69279237,-0.08311418,5.0
133307,1.69574336,-0.01259454,6.9
133312,1.69639524,-0.00999201,6.7
133316,1.69653116,-0.12274726,4.7
133317,1.69656628,-0.12277184,4.6
133369,1.7096993,-0.14238255,5.6
133382,1.71210407,-0.10243095,5.6
133404,1.71754201,-0.02129675,5.0
133469,1.73044479,-0.09095085,5.5
133511,1.73808984,-0.04439439,6.3
133574,1.75131529,-0.12512071,6.8
133585,1.75379708,-0.16000054,5.3
133587,1.75459862,-0.10671724,6.9
133603,1.75750423,-0.07227413,6.6
133645,1.77077921,-0.01251149,6.7
133651,1.77132949,-0.12808913,6.9
133660,1.77382975,-0.15565792,6.8
133679,1.77857363,-0.15705176,5.3
133687,1.78161996,-0.02302201,5.7
133696,1.78180416,-0.13534485,6.7
133718,1.78579224,-0.03965238,5.6
133758,1.79209804,-0.07446854,6.6
133760,1.79259197,-0.0094401,5.8
133761,1.79204153,-0.14034411,6.2
133781,1.79575218,-0.12159176,6.6
133785,1.7963125,-0.04193362,6.9
133789,1.7970995,-0.03797531,6.9
133805,1.79900438,-0.09029679,6.8
133807,1.79935206,-0.09278262,6.5
133840,1.80533971,-0.16608257,6.9
133855,1.80703631,-0.1021453,6.4
133870,1.8082099,-0.01967161,5.3
133881,1.80947621,-0.03065419,6.3
133890,1.8106946,-0.04893001,6.0
133924,1.81767431,-0.14545938,6.9
133937,1.8195104,-0.14274917,6.4
134031,1.83390529,-0.09367075,6.4
134036,1.83432097,-0.14672813,5.8
134041,1.83545282,-0.16062503,6.4
134073,1.84080567,-0.02348452,6.2
134076,1.84105911,-0.09987283,5.4
134082,1.84181134,-0.06553828,6.8
134106,1.84530157,-0.07398882,4.9
134133,1.85042956,-0.09291648,5.9
134220,1.86472795,-0.17427767,6.9
134282,1.87722386,-0.07395198,5.0
134306,1.88081894,-0.06803642,6.6
134316,1.882308,-0.00526997,5.4
134330,1.88436356,-0.00860016,4.1
134365,1.89064907,-0.00453039,6.7
134391,1.89448291,-0.06809131,6.1
134395,1.89481168,-0.17361731,6.1
134414,1.89945092,-0.00281803,6.5
134474,1.90907997,-0.11658964,6.4
134527,1.92036025,-0.06831636,6.8
134563,1.92545319,-0.15495722,6.5
134570,1.92674634,-0.10292464,6.6
134580,1.92873572,-0.15671675,6.2
134585,1.92993389,-0.05199326,6.3
134587,1.93084037,-0.00451905,6.7
134588,1.93043611,-0.10441772,5.8
134654,1.94539016,-0.10079393,6.1
134658,1.94629526,-0.07919252,6.5
134665,1.94852637,-0.00819437,6.9
134666,1.9478758,-0.17607972,6.9
134707,1.95474171,-0.05030092,6.9
134724,1.95726211,-0.17530606,6.6
134740,1.96048573,-0.03325546,5.8
134742,1.96099821,-0.13179233,6.0
134774,1.96721209,-0.09122172,6.4
134775,1.96693967,-0.17064137,5.6
134781,1.96911457,-0.01964572,6.6
134806,1.97264217,-0.15500192,6.0
134820,1.97581263,-0.03550809,6.8
134883,1.9908845,-0.14506042,6.4
134899,1.99525189,-0.07175087,5.2
134918,1.99779018,-0.1214388,6.7
134924,1.9985206,-0.14182313,6.9
134969,2.00971144,-0.14286965,6.0
134986,2.01257159,-0.16669969,4.1
135034,2.02293114,-0.08217728,6.8
135062,2.02983697,-0.07774346,6.9
135079,2.03347039,-0.11820286,5.7
135118,2.04319136,-0.11821789,6.9
135158,2.05153149,-0.16027969,5.8
135180,2.05661091,-0.16414031,6.7
135190,2.06010731,-0.05330924,6.9
135205,2.06296659,-0.09474079,5.8
135329,2.09032259,-0.07561314,6.8
135345,2.09324224,-0.0642223,5.1
135368,2.09760076,-0.05029399,6.4
135379,2.09900568,-0.11203676,6.5
135380,2.09972447,-0.0243057,4.9
135400,2.10314466,-0.16331075,6.9
135406,2.10501049,-0.11060573,6.3
135416,2.10649489,-0.11034898,6.8
135465,2.11611078,-0.06101283,6.7
135483,2.11832677,-0.17667992,6.9
135488,2.11981684,-0.01001329,6.6
135505,2.12257141,-0.16135399,5.9
135530,2.1279436,-0.05945542,6.8
135551,2.13189416,-0.05207757,4.4
135592,2.14227399,-0.11777007,6.6
135611,2.14479178,-0.1356547,5.4
135643,2.15270139,-0.02034821,6.5
135724,2.16926078,-0.05871074,6.6
135783,2.18261626,-0.01587396,6.3
135787,2.18290446,-0.09301247,6.2
135804,2.18749409,-0.02796643,6.4
135832,2.19258624,-0.10784525,6.1
135840,2.19431462,-0.13165499,6.1
135861,2.1988383,-0.02614363,6.8
135874,2.20153745,-0.0200565,6.8
135877,2.2016618,-0.0654704,5.7
135882,2.20176332,-0.08232597,6.0
135896,2.2063603,-0.06818032,4.0
135908,2.2082854,-0.14861682,6.9
135916,2.20981802,-0.06959442,5.4
135931,2.21345892,-0.11186896,6.5
135938,2.21517872,-0.07705575,6.7
135956,2.2179999,-0.15387191,6.5
135958,2.21868989,-0.04393445,6.3
135965,2.22027283,-0.17014143,6.0
135971,2.22314819,-0.01674978,6.9
136017,2.23659777,-0.10296439,6.8
136026,2.23918784,-0.09114943,6.6
136044,2.24286335,-0.03755008,5.6
136076,2.24915985,-0.13931528,5.6
136103,2.25781188,-0.08610703,6.2
136111,2.25950485,-0.11880994,6.7
136117,2.26168055,-0.11628208,6.5
136176,2.27341272,-0.15798783,6.5
136210,2.28157003,-0.17112052,6.8
136221,2.28495829,-0.12625159,4.7
136243,2.29225748,-0.04539529,6.2
136254,2.29528781,-0.03575772,5.8
136276,2.30056197,-0.03311263,5.2
136287,2.30418841,-0.11446902,6.2
136294,2.30655369,-0.01824078,6.6
136308,2.30977775,-0.06009256,5.2
136316,2.31114638,-0.15076474,6.8
136345,2.31943029,-0.12526446,5.6
136389,2.33131766,-0.09484919,6.0
136401,2.33425825,-0.0620546,6.8
136408,2.33652463,-0.13910778,6.9
136409,2.33652747,-0.13912194,6.7
136450,2.34736538,-0.08481185,6.6
136502,2.36284136,-0.07777279,6.8
136511,2.36477409,-0.00842388,5.8
136542,2.37244176,-0.09025776,6.7
136604,2.39416653,-0.14991806,5.5
136622,2.39804923,-0.15337556,5.7
136662,2.41044863,-0.12408908,6.0
136698,2.42326662,-0.1480509,6.9
136725,2.42904162,-0.11088276,5.4
136728,2.4290137,-0.15262405,5.5
136767,2.44498557,-0.16772924,6.9
136768,2.44557106,-0.16677959,5.0
136799,2.45588602,-0.17172261,6.5
136821,2.46478204,-0.07475594,6.9
136832,2.46702493,-0.08931761,5.8
136840,2.46992756,-0.02155491,6.8
136844,2.47126245,-0.02555157,6.1
136861,2.47506305,-0.1609835,6.5
136871,2.47656796,-0.1511221,2.2
136872,2.47740804,-0.10596117,5.4
136883,2.47985841,-0.17431064,6.9
136894,2.48289383,-0.02193782,6.3
136895,2.48337692,-0.04832729,4.8
136897,2.48406393,-0.05524205,6.9
136899,2.48451037,-0.03849013,6.0
136900,2.48508938,-0.07412825,6.4
136913,2.49110342,-0.098809,6.9
136932,2.49574331,-0.02068007,4.5
136945,2.50033985,-0.14844622,6.3
136951,2.50164623,-0.12548733,6.4
136964,2.50692025,-0.10323346,5.7
137007,2.52097299,-0.05534289,6.6
137011,2.5213806,-0.16448938,6.4
137035,2.53009975,-0.01994751,4.1
137065,2.54114921,-0.00487577,6.8
137183,2.5797439,-0.07406082,6.0
137185,2.58029549,-0.10789247,6.5
137199,2.58530161,-0.141457,5.2
137234,2.59944743,-0.15423077,6.5
137256,2.60809175,-0.03389226,6.7
137326,2.63406829,-0.16709598,6.4
137364,2.65187108,-0.13319364,6.9
137366,2.65262994,-0.0064869,4.5
137385,2.66217572,-0.14675107,6.1
137395,2.66568602,-0.14692928,5.8
137400,2.66728205,-0.12769638,6.1
137469,2.69491934,-0.14082926,5.4
137490,2.70324063,-0.08911423,6.4
137495,2.70521976,-0.15810676,6.3
137532,2.72040987,-0.01574961,6.6
137533,2.72027621,-0.07110597,6.1
137534,2.72072919,-0.06358036,6.7
137557,2.73029265,-0.12322214,5.9
137563,2.73277822,-0.11217677,6.9
137565,2.73412481,-0.01724739,6.8
137567,2.73484716,-0.07659014,6.6
137591,2.7433643,-0.0653174,6.1
137600,2.74661759,-0.0478067,5.2
137608,2.75016548,-0.01111794,5.0
137614,2.75316388,-0.13329797,6.4
137628,2.75969803,-0.10603011,6.9
137653,2.77000806,-0.06806042,6.6
137728,2.79864927,-0.03039564,6.4
137800,2.8303859,-0.0341895,6.2
137808,2.83305422,-0.07023462,6.9
137815,2.83496099,-0.17196535,6.0
137823,2.83747318,-0.15529465,5.8
137834,2.84091955,-0.05397353,6.2
137863,2.85106195,-0.03936008,6.2
137871,2.85242803,-0.03716247,5.7
137904,2.86728515,-0.00544373,6.9
137947,2.88777131,-0.04336343,5.0
137963,2.89394323,-0.01313186,6.1
137974,2.89865009,-0.0223134,6.8
138001,2.9159338,-0.03322021,6.9
138015,2.92005532,-0.02326994,6.8
138023,2.92439843,-0.12897324,6.8
138079,2.94362454,-0.02218052,6.8
138101,2.95225483,-0.06923168,6.8
138102,2.95249365,-0.06373322,4.6
138106,2.95383595,-0.12453157,6.0
138166,2.97786928,-0.15433408,6.7
138190,2.98874734,-0.03861473,6.7
138216,3.00150853,-0.02967263,6.3
138238,3.01206682,-0.05242101,5.1
138251,3.01917657,-0.11293342,6.9
138265,3.02287594,-0.13661448,6.2
138275,3.02970578,-0.09646474,6.7
138284,3.03243205,-0.07611909,6.6
138296,3.03984774,-0.17108159,4.8
138298,3.04101376,-0.01437802,4.5
138314,3.04735251,-0.04251797,6.3
138375,3.07142562,-0.11653796,6.2
138376,3.0714262,-0.15939302,6.8
138420,3.09368373,-0.00555912,6.2
138445,3.10248666,-0.09308544,5.8
138447,3.10312872,-0.13947372,6.9
138496,3.12852414,-0.08346974,6.9
138501,3.13180332,-0.14921077,6.6
138533,3.14608411,-0.03085834,6.5
138551,3.15407328,-0.13410329,6.5
138579,3.16596632,-0.10203369,6.8
138585,3.1677571,-0.05465639,6.5
138625,3.18720385,-0.13568175,6.5
138638,3.19116742,-0.06595313,6.9
138664,3.20380455,-0.09977155,6.5
138704,3.22082726,-0.06891801,6.6
138710,3.22306135,-0.01373913,5.9
138721,3.2284494,-0.0116379,4.0
138750,3.24306093,-0.08682407,6.7
138798,3.26315222,-0.08055451,6.0
138799,3.26343729,-0.15146326,6.7
138832,3.27966812,-0.08818392,6.3
138845,3.28898287,-0.16496711,5.4
138873,3.3021156,-0.10178527,5.9
138878,3.30457528,-0.14486039,6.9
138885,3.31055005,-0.07633435,6.9
138892,3.31283709,-0.13955032,4.8
138897,3.31400304,-0.10647793,6.9
138917,3.32336855,-0.02529617,2.9
138933,3.33198379,-0.02752442,6.1
138942,3.33439161,-0.04961113,6.6
138952,3.33920465,-0.06786131,6.8
138967,3.34909718,-0.10998745,6.3
138986,3.3601334,-0.13320833,6.9
139022,3.37366239,-0.06201232,6.1
139027,3.37561716,-0.0737229,6.5
139033,3.37875141,-0.16648594,4.9
139049,3.38703147,-0.08489892,6.9
139053,3.38787512,-0.01666673,6.6
139060,3.39168008,-0.15551548,6.8
139072,3.39757042,-0.05068077,6.8
139086,3.40190306,-0.06653098,5.9
139096,3.4060032,-0.05879185,6.1
139131,3.42043874,-0.06393539,6.5
139175,3.44066108,-0.1568061,5.7
139183,3.4437074,-0.16647459,6.4
139189,3.44680747,-0.09667359,4.5
139254,3.47504792,-0.02426231,6.5
139264,3.47974445,-0.01180866,6.3
139304,3.50163219,-0.10824421,6.7
139308,3.50512299,-0.0859468,5.9
139324,3.51052973,-0.09012783,5.8
139337,3.51766886,-0.02081295,6.0
139359,3.53101292,-0.02381521,6.4
139370,3.53616127,-0.11292561,6.1
139390,3.54286712,-0.10918353,4.8
139401,3.54724251,-0.17741228,5.4
139403,3.54743036,-0.12557722,6.0
139420,3.55476976,-0.0104025,3.4
139428,3.55838448,-0.09418184,5.8
139449,3.56825097,-0.0564807,6.7
139490,3.58496199,-0.15189664,5.2
139516,3.59496011,-0.09597604,6.5
139544,3.60944656,-0.16945906,6.2
139548,3.6103097,-0.11702869,6.9
139559,3.61414062,-0.11933514,6.6
139564,3.61566051,-0.04957467,6.8
139613,3.64207992,-0.02623661,5.3
139618,3.64324573,-0.14065206,6.5
139626,3.64686096,-0.16684989,6.9
139627,3.64724086,-0.17026341,6.8
139666,3.66441149,-0.06195672,6.3
139669,3.66553162,-0.14244893,6.6
139711,3.68370654,-0.09392218,6.7
139713,3.68420883,-0.16157521,6.5
139732,3.6926648,-0.15518765,6.6
139736,3.69448656,-0.16254882,5.5
139798,3.72488024,-0.01475778,5.8
139806,3.72782751,-0.10380574,6.3
139824,3.73507121,-0.10472771,4.2
139828,3.73656485,-0.11557231,6.2
139830,3.73719702,-0.05578955,6.0
139834,3.73854944,-0.15506683,6.6
139835,3.73859423,-0.09851225,6.9
139847,3.74100511,-0.15747631,6.7
139854,3.74362878,-0.13905179,6.9
139856,3.74377815,-0.13164272,6.5
139866,3.75045731,-0.03953951,5.2
139868,3.75196644,-0.11774238,6.5
139890,3.76107764,-0.03469996,6.8
139902,3.76456146,-0.01112095,6.6
139942,3.78477368,-0.10681914,6.2
139951,3.78824805,-0.03888511,5.0
139953,3.78968736,-0.17460991,6.7
139957,3.79039866,-0.12043751,5.7
139959,3.79086219,-0.0910785,6.7
140090,3.8530783,-0.09875475,4.0
140094,3.85468561,-0.16928816,6.6
140100,3.85817299,-0.14402491,6.6
140109,3.86044883,-0.16936622,6.8
140116,3.8623932,-0.02474285,6.2
140152,3.878566,-0.01479351,6.1
140176,3.88779596,-0.04012662,5.0
140177,3.88773014,-0.00448971,6.2
140240,3.91469875,-0.07586098,4.6
140248,3.92080959,-0.15215082,6.7
140256,3.92210346,-0.08707632,6.0
140270,3.93123437,-0.14868397,5.4
140276,3.93279695,-0.04808198,5.7
140278,3.93392596,-0.05522784,6.8
140280,3.93602711,-0.14563885,6.9
140281,3.93634651,-0.13221659,6.6
140283,3.93789832,-0.13683551,6.7
140286,3.93898501,-0.05290602,6.5
140392,3.98740888,-0.0235811,6.7
140408,3.99176159,-0.09604101,6.5
140430,4.00119858,-0.16376293,2.7
140444,4.00743791,-0.00805518,6.0
140471,4.01691723,-0.08935567,6.7
140473,4.01768067,-0.04212294,6.5
140474,4.01917525,-0.10166553,5.6
140502,4.03052637,-0.01784434,6.1
140550,4.04985945,-0.16315246,6.8
140596,4.07083351,-0.02070392,5.8
140609,4.07612171,-0.17566021,4.8
140613,4.07685729,-0.09939388,6.5
140614,4.07727719,-0.16027834,5.1
140643,4.08651987,-0.00980158,6.5
140671,4.09570489,-0.15349094,6.6
140672,4.0957134,-0.15343427,6.5
140740,4.12811114,-0.03149214,5.4
140751,4.13101312,-0.10680872,6.4
140764,4.13483764,-0.1654639,6.9
140775,4.14055854,-0.06664501,5.6
140787,4.14350037,-0.05986935,3.6
140789,4.14498753,-0.06843766,6.9
140801,4.15065396,-0.05394032,5.2
140882,4.18742834,-0.12744428,6.6
140897,4.19225439,-0.14680682,5.5
140903,4.19614989,-0.06568678,6.8
140938,4.21123114,-0.061563,6.9
140945,4.21383982,-0.10980807,6.4
140947,4.21495567,-0.1071542,6.5
140981,4.22567512,-0.17631883,6.6
141001,4.23173112,-0.06050737,5.4
141022,4.24114994,-0.17565367,4.9
141024,4.24167943,-0.14918299,5.5
141031,4.24526215,-0.07366802,6.1
141036,4.24738273,-0.07071303,6.8
141039,4.24881499,-0.14167817,6.9
141040,4.24831946,-0.02575282,6.6
141052,4.25138498,-0.06447794,3.0
141066,4.25695011,-0.14607664,5.6
141069,4.26002815,-0.02877539,6.9
141075,4.26262447,-0.06899781,6.1
141086,4.26873232,-0.08189919,3.3
141096,4.27239075,-0.12001645,6.9
141129,4.28761147,-0.03629601,6.1
141186,4.30976647,-0.13261002,5.5
141187,4.31010659,-0.14611412,4.7
141195,4.31451958,-0.14187636,6.4
141206,4.32186232,-0.13115951,6.4
141269,4.34743002,-0.0405726,5.9
141270,4.34816073,-0.1545412,6.8
141284,4.35471189,-0.1141074,6.0
141290,4.35701936,-0.02150187,6.7
141291,4.3580742,-0.15042081,6.8
141298,4.36180186,-0.16675879,6.4
141302,4.36345294,-0.10613614,6.8
141307,4.36742378,-0.14501912,6.6
141310,4.36852101,-0.01746197,6.3
141393,4.40857704,-0.04631939,6.3
141427,4.42518269,-0.02813665,6.2
141431,4.42700445,-0.10740543,5.4
141437,4.42934188,-0.11608098,6.9
141483,4.45521341,-0.07369852,5.0
141503,4.46668996,-0.002554,6.8
141513,4.47475091,-0.01557066,5.6
141522,4.48061944,-0.02891104,6.3
141528,4.48648651,-0.01883831,6.0
141535,4.48945742,-0.06776949,6.5
141585,4.52351018,-0.1090043,6.2
141586,4.52307217,-0.00776996,4.8
141602,4.53279293,-0.04904947,6.6
141611,4.53782064,-0.1032739,6.3
141642,4.55031051,-0.04168399,6.3
141660,4.56398938,-0.11486904,6.9
141661,4.56388262,-0.02882974,6.3
141665,4.56679063,-0.08877821,4.6
141679,4.57293354,-0.14326186,6.3
141691,4.58057248,-0.10331661,6.4
141701,4.58294009,-0.07625402,6.6
141702,4.58322349,-0.01854572,5.3
141730,4.59674812,-0.10026834,5.7
141748,4.60639833,-0.10682627,6.8
141772,4.61572108,-0.14170062,4.6
141795,4.62495766,-0.01115581,6.7
141798,4.62598413,-0.03756938,6.4
141821,4.63641007,-0.0846379,6.8
141832,4.64163348,-0.12356005,6.2
141913,4.67743731,-0.02158749,6.5
141925,4.6801846,-0.09183152,6.9
141926,4.68030176,-0.10722847,6.2
141942,4.6829532,-0.10347495,6.9
141952,4.68647433,-0.0282564,6.5
141956,4.69040583,-0.13498226,6.9
141979,4.69840526,-0.07124264,5.6
142004,4.70814259,-0.17058266,3.5
142012,4.71069339,-0.08414761,6.0
142025,4.71449508,-0.06440726,4.6
142043,4.72319184,-0.05510354,6.7
142045,4.72448229,-0.09352638,6.6
142050,4.7258398,-0.14277472,4.9
142083,4.73911215,-0.14528043,5.8
142084,4.73910939,-0.00779634,6.5
142085,4.73967189,-0.0829253,5.9
142092,4.74262165,-0.05643197,6.9
142105,4.74792607,-0.12426449,6.9
142115,4.75014736,-0.05074467,6.9
142140,4.76233761,-0.09084172,6.6
142159,4.76983446,-0.07000811,6.6
142185,4.78205787,-0.06313593,6.3
142189,4.78606064,-0.05248651,6.1
142192,4.7883228,-0.17032135,6.3
142229,4.80003105,-0.13929715,6.5
142241,4.80537103,-0.0505936,3.4
142250,4.80916254,-0.13089228,6.9
142267,4.81562084,-0.15593261,4.8
142274,4.81736537,-0.06254227,6.4
142288,4.82017157,-0.12348815,6.5
142294,4.8212568,-0.02756869,6.1
142326,4.83084266,-0.14033218,6.5
142348,4.84190616,-0.03465022,5.4
142353,4.84433391,-0.09990851,6.3
142372,4.85179694,-0.01750633,5.8
142386,4.85804223,-0.10317368,6.4
142408,4.86601002,-0.14388548,4.1
142439,4.87599294,-0.05096439,6.7
142444,4.87644513,-0.00540145,5.8
142446,4.8771285,-0.08389444,6.7
142460,4.87958214,-0.01943041,6.5
142461,4.87991783,-0.05574126,6.5
142480,4.88696038,-0.13597303,6.1
142508,4.89379109,-0.0544294,6.9
142515,4.89684367,-0.15799685,4.7
142525,4.89827564,-0.12345237,6.1
142546,4.90228597,-0.14442983,5.1
142557,4.90374652,-0.11900523,6.3
142582,4.90843978,-0.00651565,6.8
142606,4.91517777,-0.01678376,5.7
142618,4.91822737,-0.08286629,4.5
142620,4.91957149,-0.09957259,4.5
142640,4.92469548,-0.10479926,6.5
142661,4.92917058,-0.10319642,6.2
142692,4.93480698,-0.17059086,5.9
142696,4.93531247,-0.0569164,6.9
142706,4.93652911,-0.05790998,6.0
142741,4.94378379,-0.16713336,6.3
142764,4.94770343,-0.16355039,6.9
142825,4.95837481,-0.03141214,6.2
142838,4.96136674,-0.10203515,5.0
142931,4.98152144,-0.10016454,4.1
142959,4.98688062,-0.06455973,5.5
142985,4.9934051,-0.09922236,6.7
142996,4.99583336,-0.07036251,5.5
143001,4.99714497,-0.01633197,6.9
143003,4.99736052,-0.02640232,6.5
143015,5.00115676,-0.16811162,6.6
143021,5.00145463,-0.08521575,3.5
143029,5.00292514,-0.02349451,6.7
143070,5.01289417,-0.03992237,6.8
143087,5.01721088,-0.00747185,6.4
143104,5.0220565,-0.1155615,6.7
143106,5.02227837,-0.12962779,6.8
143134,5.02950934,-0.13857105,5.4
143163,5.03644019,-0.15216842,6.5
143183,5.04125468,-0.10559305,6.6
143285,5.06342145,-0.02287026,6.6
143286,5.06384768,-0.09452262,5.1
143292,5.06404934,-0.01557032,5.5
143321,5.07168653,-0.14313726,6.5
143324,5.07174471,-0.00440565,6.0
143340,5.07488019,-0.12915732,6.4
143373,5.083391,-0.08524595,6.5
143454,5.10228892,-0.12293774,6.3
143482,5.10798451,-0.04867408,5.2
143494,5.1105969,-0.03682843,6.7
143564,5.12907456,-0.13020714,6.4
143575,5.13059874,-0.04286073,6.9
143597,5.13441672,-0.02245361,4.3
143600,5.13515587,-0.1226534,5.0
143621,5.13907166,-0.08111563,5.5
143669,5.15027049,-0.09507822,6.8
143674,5.15201858,-0.13112281,6.9
143678,5.1518727,-0.01084291,5.5
143705,5.15766581,-0.16045015,6.6
143776,5.17433851,-0.05032633,6.5
143839,5.1958966,-0.08191853,6.8
143853,5.19752477,-0.04294993,6.4
143883,5.2068076,-0.05435736,5.6
143894,5.21040734,-0.14964899,6.0
143898,5.21254558,-0.14359246,5.8
143899,5.21258042,-0.14376427,6.5
143911,5.21559373,-0.11753561,6.5
143942,5.22469584,-0.11690443,6.7
143974,5.23464567,-0.03439016,6.6
144009,5.24548787,-0.08709077,6.7
144038,5.25353006,-0.13037222,6.5
144045,5.2551274,-0.01237977,5.8
144062,5.26305279,-0.07118093,6.6
144095,5.27102611,-0.0118376,6.0
144096,5.27144725,-0.11800491,6.9
144142,5.28441373,-0.10625114,6.8
144144,5.28471997,-0.15432793,6.5
144150,5.28531425,-0.01433725,3.4
144170,5.29115936,-0.11110858,6.9
144173,5.29179211,-0.05228895,6.9
144177,5.29302403,-0.00577374,6.7
144181,5.29371925,-0.01761634,5.6
144212,5.30220969,-0.0611495,6.6
144221,5.30349767,-0.13144361,6.7
144237,5.30945354,-0.06094171,6.9
144296,5.32203685,-0.0188243,6.2
144313,5.32515815,-0.11103145,6.7
144361,5.33641138,-0.16850897,6.3
144372,5.33913017,-0.09190526,6.8
144412,5.34816138,-0.04887198,6.1
144450,5.35579326,-0.03670326,6.6
144468,5.35996853,-0.05860374,6.0
144480,5.36180461,-0.030274,6.9
144495,5.36536029,-0.05036109,5.1
144537,5.37599218,-0.09149971,6.7
144624,5.3962388,-0.04449887,5.2
144632,5.39876407,0.00169074,6.2
144649,5.40326724,-0.01928962,4.5
144663,5.40658344,-0.08603125,6.6
144666,5.40711853,-0.04211111,6.3
144681,5.41143007,-0.0463366,6.7
144785,5.43678141,-0.00593625,6.9
144802,5.44132487,-0.0434029,6.3
144810,5.44401399,-0.16573191,3.8
144814,5.44428109,-0.08775002,4.6
144841,5.45104359,-0.00982974,6.5
144854,5.4538871,-0.08983176,6.8
144877,5.46038925,-0.09820085,6.0
144889,5.46351171,-0.09611344,5.5
144895,5.46573403,-0.15678816,4.8
144915,5.47149281,-0.12024746,6.5
144918,5.47197125,-0.07926757,6.7
144941,5.47656198,-0.02396715,6.6
144957,5.48166147,-0.06215699,6.5
144968,5.48426346,-0.16925345,5.7
144993,5.49233757,-0.06703824,6.8
145021,5.50016094,-0.09559774,6.6
145022,5.50024719,-0.0825581,6.3
145050,5.51084817,-0.0161409,6.3
145058,5.51302961,-0.02757339,6.8
145065,5.5155855,-0.10163149,5.9
145118,5.530243,-0.14373097,6.9
145120,5.52992222,-0.01335652,6.5
145121,5.53071911,-0.00286035,6.8
145126,5.53142364,-0.03582235,6.8
145132,5.53337412,-0.01727508,6.8
145145,5.53687227,-0.09742326,6.8
145152,5.53822817,-0.00410303,6.5
145171,5.54483329,-0.16325693,6.5
145229,5.56156438,0.00161167,6.6
145251,5.56889178,-0.16082652,6.8
145259,5.57047756,-0.02806281,6.4
145278,5.57713316,-0.07887846,5.7
145317,5.58973014,-0.07958866,6.0
145333,5.59368855,-0.16280257,6.9
145341,5.59572419,-0.05462871,6.6
145351,5.5978713,-0.16265339,6.2
145376,5.60626467,-0.059314,6.4
145382,5.60782157,-0.17014536,5.8
145384,5.60810221,-0.06207971,5.7
145421,5.62154066,-0.05035934,6.9
145457,5.63548962,-0.09723554,3.1
145493,5.64669464,-0.07624122,6.9
145510,5.65178671,-0.06951913,5.9
145533,5.66168629,-0.00681396,6.3
145537,5.66251074,-0.13708223,4.8
145566,5.67024916,-0.00089162,6.8
145625,5.69151935,-0.0825612,6.7
145637,5.6941577,-0.15851992,5.3
145648,5.69968421,-0.161895,6.2
145668,5.70466953,-0.08043355,6.9
145671,5.70563571,-0.10327695,6.2
145685,5.71172946,-0.09431342,6.8
145698,5.7185289,-0.15677163,6.8
145716,5.72622056,-0.0554143,6.5
145721,5.72794858,-0.0696749,6.7
145731,5.73416123,-0.07463178,5.9
145735,5.73601448,-0.05761545,6.2
145768,5.74935432,-0.14947931,6.6
145778,5.75182636,-0.0946812,6.2
145784,5.75485822,-0.07632659,6.4
145836,5.77387242,-0.11383871,5.6
145837,5.77404404,-0.03761902,4.7
145853,5.78048969,-0.01582223,5.2
145862,5.78482348,-0.00558205,3.2
145906,5.8010293,-0.1317472,6.6
145914,5.80475507,-0.06796748,6.1
145916,5.80567537,-0.0744747,6.1
145940,5.81513258,-0.08239185,6.4
145989,5.83184614,-0.02786273,6.1
145991,5.83303828,-0.13584441,4.3
145992,5.8332267,-0.1577783,6.1
145993,5.83423994,-0.09402229,5.8
146004,5.83843818,-0.0041501,6.4
146023,5.84771991,-0.13650501,5.4
146044,5.85407982,-0.02421339,4.0
146062,5.86228025,-0.12556679,6.1
146067,5.8648088,-0.0844192,5.9
146074,5.86691155,-0.02071299,6.8
146087,5.87556002,-0.12876045,6.9
146092,5.87788626,-0.02286284,6.8
146107,5.88537423,-0.00035406,4.6
146108,5.88539954,-0.00034994,4.4
146135,5.89618683,-0.11440682,6.2
146136,5.89618509,-0.05081032,6.3
146160,5.90814721,-0.02747672,5.9
146161,5.90842596,-0.16770054,6.8
146181,5.91385793,-0.00205052,4.1
146210,5.92432998,-0.07379291,5.3
146216,5.92700397,-0.1378399,6.4
146230,5.93469971,-0.16335361,6.7
146239,5.93760968,-0.0620305,6.4
146261,5.94641479,0.00404795,6.9
146271,5.94746032,-0.14506372,6.8
146273,5.94824593,-0.12152892,6.3
146362,5.98915958,-0.13228995,3.8
146371,5.99284513,-0.10451017,6.8
146382,5.99768849,-0.12574608,6.3
146388,6.00036801,-0.08705319,5.9
146402,6.00879642,-0.05663695,6.6
146404,6.00954757,-0.0839499,6.4
146412,6.01378487,-0.04180301,6.2
146415,6.01438155,-0.02461317,6.4
146438,6.02283149,-0.15499687,6.9
146443,6.02414223,0.00324471,6.4
146447,6.02746846,-0.12324158,6.4
146451,6.028057,-0.08222988,6.2
146465,6.03248025,-0.1147393,6.5
146482,6.03864032,-0.0836912,6.6
146498,6.04391543,-0.13428103,5.6
146505,6.04702226,-0.13851932,6.9
146585,6.08388005,-0.10557506,4.4
146593,6.08932613,-0.06102345,5.5
146598,6.09072683,-0.15861053,4.5
146612,6.09490399,-0.13485364,5.1
146614,6.09549638,-0.1249745,6.7
146620,6.09950577,-0.16026423,4.6
146635,6.104121,-0.16773787,5.2
146639,6.10603184,-0.08943756,5.7
146645,6.1098083,-0.0683963,6.6
146652,6.11162599,-0.10311323,6.3
146659,6.11457632,-0.08155725,6.7
146729,6.14796709,-0.16172487,6.5
146733,6.14988586,-0.03126185,6.6
146736,6.1502558,-0.07911073,6.4
146748,6.15672893,-0.10975008,6.4
146752,6.15893859,-0.07133762,6.5
146756,6.16083591,-0.01895156,6.5
146780,6.1703945,-0.02177356,6.0
146795,6.17643435,-0.13027836,6.5
146815,6.18809264,-0.15058361,6.8
146915,6.23057396,-0.04819916,5.6
146919,6.23318846,-0.11136219,6.3
146953,6.25195344,-0.15702058,6.0
146954,6.2523185,-0.05507561,6.1
146973,6.26039371,0.00190915,6.0
146975,6.26165209,-0.1651191,6.8
147008,6.2773983,-0.0620643,5.1
147017,6.2817793,-0.1028522,6.8
147041,0.00795783,-0.05283984,5.1
147042,0.00855502,-0.10496522,4.7
147045,0.00891172,-0.04828206,6.9
147059,0.01631861,-0.3025697,4.6
147064,0.01888672,-0.28848586,5.8
147066,0.01964274,-0.18342567,5.2
147084,0.02799872,-0.31482467,6.8
147090,0.03186731,-0.30345056,6.2
147103,0.03733288,-0.30678583,6.4
147127,0.04675184,-0.21956038,5.9
147133,0.04915167,-0.26996651,5.0
147136,0.05058291,-0.32463934,6.9
147142,0.05256059,-0.24107947,6.6
147144,0.05308572,-0.31308332,5.5
147169,0.06388109,-0.33043766,4.7
147170,0.06401562,-0.25839474,6.9
147175,0.06459536,-0.24745613,6.9
147205,0.07655021,-0.33250243,6.5
147208,0.07846062,-0.23483662,6.6
147221,0.0874863,-0.30893152,6.9
147223,0.08803412,-0.22796405,6.9
147237,0.09975793,-0.21309447,6.4
147241,0.10067357,-0.27824999,6.6
147275,0.11501654,-0.32626264,6.5
147292,0.12460022,-0.19612454,6.9
147307,0.13030701,-0.25942627,6.2
147317,0.13525611,-0.1760007,6.7
147360,0.15729758,-0.26133886,6.6
147387,0.17334319,-0.19461386,6.8
147395,0.17661016,-0.28827274,6.5
147408,0.18431557,-0.20603423,6.9
147415,0.18696636,-0.17316745,6.5
147420,0.19019602,-0.31392583,2.2
147422,0.19127092,-0.20964478,6.2
147423,0.19281481,-0.1851709,4.9
147432,0.19843477,-0.22481062,6.1
147436,0.1993827,-0.28665661,6.3
147451,0.20822316,-0.31523274,5.9
147464,0.21566546,-0.23668614,5.8
147470,0.21871848,-0.18577726,5.2
147519,0.24445714,-0.19663864,5.5
147546,0.25626189,-0.19862021,5.8
147572,0.26897473,-0.28388682,6.6
147601,0.28629479,-0.17417111,6.4
147606,0.28835254,-0.17172959,5.6
147608,0.28844286,-0.19172078,6.9
147622,0.29570386,-0.17078973,5.9
147632,0.29928041,-0.17771321,3.6
147682,0.32296329,-0.23519858,6.8
147741,0.34890281,-0.27600879,6.8
147742,0.34928271,-0.17250301,6.6
147746,0.35109181,-0.19615751,6.3
147767,0.36000892,-0.33303263,6.4
147793,0.36941348,-0.27332152,6.4
147803,0.37358824,-0.25479819,5.2
147812,0.37899716,-0.22788047,5.7
147819,0.38299469,-0.1902676,6.3
147824,0.3851533,-0.21372725,6.9
147831,0.38814595,-0.31307129,6.7
147886,0.41289858,-0.27360135,5.6
147901,0.41880237,-0.26878197,5.5
147962,0.44394951,-0.1976518,5.8
147986,0.45408507,-0.27816001,3.6
148008,0.46676002,-0.24240679,6.8
148033,0.47730377,-0.18681238,6.8
148036,0.47815484,-0.1865134,4.8
148059,0.48633876,-0.1803807,3.9
148069,0.4876703,-0.27310243,6.6
148078,0.49248057,-0.29546994,5.7
148123,0.5112025,-0.17875953,6.5
148139,0.51821662,-0.19723932,6.6
148170,0.53658148,-0.26714305,5.9
148180,0.54195811,-0.20698824,6.7
148188,0.54445539,-0.30172816,6.8
148199,0.55055328,-0.17934548,6.7
148210,0.55355684,-0.3340295,6.6
148231,0.55994184,-0.17525438,6.9
148237,0.56183072,-0.31031023,6.3
148257,0.57188738,-0.26303057,6.7
148262,0.57321383,-0.17544457,6.1
148264,0.57403515,-0.30965869,6.7
148265,0.57395691,-0.33119237,6.8
148354,0.61969566,-0.18810558,5.6
148356,0.61995549,-0.30826398,6.0
148366,0.62379246,-0.32034549,6.4
148373,0.62901913,-0.28369517,6.6
148385,0.63682672,-0.2145093,4.9
148386,0.63706474,-0.26775227,5.8
148445,0.66360552,-0.26606846,4.8
148467,0.67077068,-0.22948816,6.6
148487,0.67911888,-0.26083698,6.9
148523,0.69441677,-0.17158962,6.7
148528,0.69622733,-0.20720786,5.0
148538,0.70005956,-0.25217598,6.6
148550,0.70496641,-0.2539375,6.0
148575,0.71612052,-0.24188004,4.4
148584,0.7203965,-0.3241505,4.6
148612,0.73274602,-0.21747583,6.4
148647,0.75282756,-0.22286778,6.1
148660,0.75973702,-0.18225596,6.9
148690,0.77758934,-0.20954758,6.7
148721,0.79384359,-0.17386383,6.0
148771,0.81399735,-0.17893692,6.8
148816,0.83377527,-0.2314949,6.5
148821,0.83461288,-0.27969153,6.3
148889,0.86387893,-0.18226439,6.8
148897,0.86693464,-0.32392593,5.8
148933,0.88700607,-0.30436341,6.7
148943,0.89190332,-0.24421767,6.8
148972,0.9076411,-0.19698959,5.9
148985,0.91455631,-0.22121709,5.6
148994,0.91726404,-0.20326696,6.9
149047,0.93647415,-0.17223738,6.3
149057,0.94230995,-0.19536571,5.7
149063,0.94374192,-0.30485739,5.3
149082,0.95741607,-0.18216549,6.4
149094,0.96076412,-0.26574674,6.4
149100,0.96286702,-0.33986069,6.9
149107,0.96529514,-0.20600267,6.5
149114,0.96592455,-0.34181609,6.5
149132,0.97547797,-0.18300892,5.7
149158,0.98672662,-0.21121398,4.6
149227,1.01644783,-0.32217993,6.6
149229,1.01759393,-0.32173875,6.4
149251,1.02656391,-0.21117107,5.9
149267,1.03175444,-0.23731998,6.7
149268,1.03205217,-0.18940594,6.6
149283,1.03859984,-0.235768,3.2
149299,1.04501967,-0.21946265,5.9
149345,1.06528796,-0.28953519,6.5
149351,1.06629945,-0.22326887,5.7
149377,1.07606588,-0.315049,6.8
149412,1.08776446,-0.28598616,5.5
149446,1.09956914,-0.3014971,6.6
149478,1.11000642,-0.17900625,5.1
149491,1.11460682,-0.28699952,6.9
149524,1.12678922,-0.25548867,6.9
149543,1.13402019,-0.21640168,6.9
149554,1.13512331,-0.28688418,6.6
149563,1.13814637,-0.33746397,6.7
149668,1.17220487,-0.33961029,6.1
149674,1.17423869,-0.22773958,5.5
149682,1.17880505,-0.23722792,6.4
149702,1.18434371,-0.23814795,6.1
149722,1.19164304,-0.21892053,6.7
149725,1.1927903,-0.18824763,6.2
149781,1.21379068,-0.24965277,4.0
149789,1.21690217,-0.21158656,5.0
149797,1.21879985,-0.25061682,5.6
149818,1.22365688,-0.34333366,4.5
149831,1.229141,-0.21773041,6.6
149856,1.23976656,-0.32578839,5.7
149888,1.25491355,-0.29556123,5.6
149901,1.25900038,-0.28500441,6.0
149916,1.26407551,-0.24032258,6.3
149923,1.26585967,-0.27583382,6.8
149924,1.26620634,-0.28304271,5.2
149985,1.28767665,-0.29217573,5.8
149988,1.28853441,-0.28654404,5.8
150029,1.29916186,-0.24838328,5.9
150038,1.30102478,-0.29286906,6.6
150052,1.30472685,-0.28581051,5.5
150058,1.30728601,-0.25840807,6.0
150060,1.30830513,-0.17912891,5.7
150064,1.30868889,-0.21882133,4.9
150086,1.31684176,-0.19083532,6.9
150109,1.32587049,-0.25079252,6.4
150113,1.32620654,-0.25405454,6.9
150149,1.33784658,-0.22902312,6.1
150156,1.34025208,-0.33845755,6.7
150159,1.34135709,-0.21800156,6.1
150166,1.34316329,-0.21977152,6.7
150170,1.34486382,-0.26346642,6.6
150206,1.35865447,-0.20680678,5.9
150223,1.3626576,-0.20715376,4.5
150237,1.36541958,-0.28284025,3.3
150239,1.36672923,-0.22587212,4.5
150255,1.37007466,-0.25493389,6.3
150286,1.37958104,-0.19814059,6.5
150295,1.38231022,-0.29917969,6.5
150300,1.38479143,-0.31022694,6.8
150303,1.38574707,-0.2656362,6.7
150304,1.38609715,-0.23596449,5.7
150326,1.39120478,-0.31643052,5.9
150335,1.39317366,-0.32323347,6.2
150336,1.39323271,-0.32305754,6.4
150340,1.39440943,-0.22997801,4.3
150345,1.3961949,-0.21494685,5.3
150375,1.40433897,-0.24008987,6.5
150379,1.40465487,-0.30724364,6.9
150396,1.41154652,-0.2430754,5.2
150416,1.41578047,-0.29628884,5.7
150420,1.41819637,-0.18027608,5.9
150422,1.418083,-0.33815192,6.9
150427,1.41953911,-0.2191048,6.7
150442,1.4224309,-0.34375132,5.8
150461,1.42715086,-0.20771125,6.4
150546,1.45167273,-0.28484001,6.8
150547,1.45180843,-0.31105762,2.7
150588,1.46363347,-0.27467008,6.7
150617,1.47107738,-0.20552687,6.0
150652,1.48034995,-0.31153191,6.2
150680,1.48687181,-0.18168073,6.4
150703,1.49091166,-0.29191781,6.1
150716,1.4932984,-0.30596165,6.3
150739,1.49819274,-0.32389045,5.8
150801,1.51387859,-0.2586928,3.7
150806,1.51462909,-0.28340215,6.3
150814,1.5160183,-0.18383791,6.0
150830,1.52130548,-0.24982764,6.9
150845,1.52545398,-0.25278704,5.6
150925,1.54442906,-0.34275261,6.5
150932,1.54778394,-0.20549444,5.8
150957,1.55510894,-0.24727437,3.8
150972,1.56013193,-0.31512511,6.9
150973,1.56058971,-0.26889245,6.9
151011,1.57208002,-0.22514292,6.3
151033,1.57799326,-0.27208403,6.8
151037,1.57882659,-0.18496965,5.0
151052,1.58198389,-0.25302315,6.3
151075,1.58918853,-0.24581678,6.9
151093,1.59254858,-0.28770589,5.0
151098,1.59457527,-0.1787685,5.8
151110,1.59765571,-0.26066759,4.7
151122,1.59976137,-0.28829547,6.7
151126,1.60075112,-0.19501475,6.4
151142,1.60436635,-0.33450854,5.5
151154,1.60755296,-0.19453406,6.8
151173,1.61153886,-0.31636139,6.2
151178,1.61256336,-0.25454289,5.7
151187,1.61562853,-0.26283849,6.7
151199,1.62037248,-0.27563602,6.7
151208,1.62193593,-0.31740684,6.8
151227,1.62652338,-0.3100223,6.3
151241,1.62931336,-0.26849306,6.9
151272,1.63797005,-0.20777078,6.6
151274,1.63752143,-0.32247959,6.2
151283,1.63950841,-0.23943096,5.0
151294,1.64117091,-0.29003595,5.9
151303,1.64363503,-0.21026103,6.8
151318,1.64752915,-0.18719204,6.7
151322,1.64800729,-0.29349122,5.3
151323,1.64819892,-0.33492257,6.6
151334,1.65033324,-0.34848883,5.3
151346,1.65288192,-0.26223073,6.3
151365,1.6578676,-0.24422329,6.6
151391,1.66281408,-0.20625118,6.6
151401,1.66421958,-0.20548435,5.5
151419,1.66722424,-0.27336913,6.7
151428,1.66984129,-0.31339127,2.0
151438,1.67248917,-0.25894194,6.9
151449,1.67426795,-0.28738383,6.5
151450,1.67450059,-0.26304851,6.4
151453,1.67461324,-0.34531936,6.6
151458,1.67626672,-0.2012401,5.4
151461,1.67700994,-0.22623622,6.0
151462,1.67704375,-0.28316736,6.7
151512,1.68734054,-0.25487062,6.5
151530,1.69288669,-0.22968606,6.9
151546,1.69568045,-0.30484212,5.9
151573,1.70251203,-0.17595799,6.1
151577,1.7025697,-0.33536594,6.7
151582,1.70409054,-0.21085871,6.7
151583,1.70385848,-0.26099571,6.8
151585,1.70422224,-0.22947919,6.1
151602,1.70773297,-0.21627689,5.3
151604,1.70784132,-0.21919765,6.8
151614,1.71010931,-0.31525625,6.8
151625,1.71383595,-0.19489185,6.4
151694,1.72953671,-0.32567737,5.8
151700,1.73127164,-0.23249342,6.4
151702,1.73085989,-0.33608283,4.1
151725,1.73521369,-0.2266311,6.2
151730,1.73612199,-0.31830239,4.6
151737,1.73917951,-0.29449871,5.9
151742,1.73991342,-0.28380246,6.9
151751,1.74218111,-0.24688875,5.0
151785,1.74950255,-0.21262178,6.8
151807,1.75403146,-0.2793717,6.8
151861,1.76425306,-0.31141987,6.2
151881,1.76779433,-0.29175171,-1.6
151882,1.76787491,-0.31885464,6.9
151892,1.77010529,-0.29979424,6.8
151895,1.77145887,-0.25824168,5.3
151907,1.77341131,-0.34693345,6.9
151909,1.77396952,-0.2534794,6.5
151911,1.77435001,-0.17640639,5.5
151919,1.775225,-0.25177994,5.2
151935,1.77851327,-0.30557491,6.9
151949,1.7822226,-0.22411356,6.9
151962,1.78443583,-0.26432449,5.3
151990,1.79016174,-0.30180515,6.5
151992,1.79055655,-0.2981719,5.9
152014,1.79392656,-0.33185215,6.9
152055,1.80342086,-0.33218498,5.6
152056,1.80362848,-0.33044697,6.2
152071,1.80724444,-0.21011389,4.3
152123,1.81562588,-0.24510488,5.2
152126,1.81573976,-0.29764923,4.4
152151,1.8196205,-0.33927135,6.8
152171,1.82380515,-0.18825684,6.8
152175,1.82448866,-0.18004021,6.8
152228,1.83369164,-0.34559376,6.9
152239,1.83636621,-0.33935595,6.9
152255,1.84055063,-0.19723627,6.6
152256,1.84059369,-0.1899307,6.8
152285,1.8449205,-0.2914631,6.9
152303,1.84899454,-0.27285081,4.1
152308,1.84985273,-0.17669941,6.4
152363,1.85802553,-0.1860696,6.4
152393,1.86138347,-0.2163133,6.4
152394,1.86173697,-0.1971218,5.3
152448,1.86951808,-0.32468952,6.9
152470,1.87334152,-0.18059533,6.2
152477,1.87428123,-0.28334955,6.0
152484,1.87565873,-0.28334916,6.7
152497,1.8769017,-0.3261187,6.2
152532,1.8824229,-0.30248098,6.7
152570,1.88983735,-0.19637194,6.0
152598,1.89573642,-0.18005869,6.0
152621,1.90118068,-0.1847224,6.1
152630,1.9021276,-0.28336327,6.8
152636,1.90283613,-0.2532449,6.8
152641,1.90345863,-0.27201679,5.4
152660,1.90728017,-0.21004078,6.7
152709,1.91577403,-0.30044641,6.8
152710,1.91564452,-0.33650622,6.2
152723,1.91682974,-0.30586284,6.6
152724,1.91754453,-0.28614872,5.4
152749,1.92409787,-0.25063122,5.7
152776,1.92957704,-0.33190073,4.9
152819,1.93686576,-0.30395626,6.9
152834,1.94023177,-0.28276331,5.2
152837,1.9410056,-0.33182622,6.3
152839,1.94216487,-0.25975503,6.6
152840,1.94228289,-0.24001913,5.8
152860,1.94577923,-0.24745768,6.8
152878,1.94863066,-0.23019157,6.8
152894,1.95098889,-0.3117943,5.7
152909,1.95416306,-0.20170654,5.9
152941,1.96073721,-0.18024665,6.0
152943,1.96072266,-0.26178484,5.9
152963,1.96308497,-0.24413559,6.9
153061,1.97819261,-0.25025297,6.2
153062,1.97800593,-0.33881078,5.8
153072,1.98007029,-0.25348988,5.1
153080,1.98192063,-0.28252963,6.9
153083,1.98304608,-0.24206461,6.7
153118,1.98995613,-0.25294587,5.6
153149,1.9926595,-0.3438703,5.7
153172,1.99686967,-0.25204251,6.4
153195,2.00327939,-0.3260148,6.4
153204,2.00453174,-0.29403877,6.5
153224,2.00866526,-0.20511182,6.6
153225,2.00811861,-0.34314797,6.1
153227,2.00881354,-0.26640211,5.1
153301,2.02013876,-0.29779215,6.6
153362,2.03102911,-0.25632012,6.8
153363,2.03106169,-0.25640118,6.1
153372,2.03307965,-0.25418631,5.1
153389,2.03657518,-0.22122446,6.4
153404,2.04047156,-0.27909041,6.7
153409,2.04096214,-0.27950556,6.8
153414,2.04179313,-0.21280998,5.5
153441,2.04683539,-0.19514696,6.8
153449,2.04847804,-0.23305837,6.1
153453,2.04927667,-0.2458337,6.6
153454,2.04939397,-0.30069318,5.5
153456,2.04937252,-0.34040941,6.8
153468,2.05117595,-0.34075304,6.4
153479,2.05478086,-0.19423459,6.3
153488,2.05559825,-0.31847711,6.7
153499,2.05809676,-0.22374268,6.5
153500,2.0584915,-0.24256639,5.3
153520,2.0608594,-0.25911672,5.7
153522,2.06154452,-0.2419484,6.9
153591,2.0747139,-0.33245657,6.8
153599,2.07685222,-0.22005678,6.8
153687,2.09381609,-0.32112924,4.6
153790,2.11421506,-0.30831862,6.6
153796,2.11486585,-0.34432015,6.1
153833,2.1204933,-0.34717382,6.8
153860,2.12610199,-0.30314144,6.5
153887,2.13343921,-0.19791757,6.3
153890,2.13378187,-0.33588881,4.3
153898,2.13573635,-0.28359811,5.5
153924,2.14092842,-0.2408421,5.6
153942,2.14357761,-0.22561735,4.7
153993,2.15256962,-0.27555656,5.0
154023,2.15954192,-0.30151954,6.9
154076,2.17025024,-0.28422905,6.3
154093,2.17466963,-0.22046844,6.0
154098,2.17565647,-0.25423372,6.8
154105,2.17839431,-0.17742678,6.3
154150,2.18756667,-0.35044708,5.6
154152,2.18867204,-0.19279241,6.9
154158,2.19016255,-0.18759216,6.7
154159,2.18999355,-0.30693957,5.9
154177,2.19378833,-0.22784711,6.3
154230,2.20349847,-0.22277896,6.9
154231,2.20335783,-0.26693206,6.7
154240,2.20634161,-0.3043764,6.4
154244,2.20752015,-0.26057548,5.9
154247,2.20792572,-0.1835554,6.6
154257,2.21089074,-0.21876636,5.7
154273,2.21415138,-0.26067763,6.5
154340,2.22918564,-0.27636004,6.9
154359,2.23190792,-0.3416898,5.4
154373,2.23644505,-0.26231353,6.4
154374,2.2367515,-0.25164099,6.8
154395,2.24082059,-0.28116905,6.6
154464,2.25830544,-0.21966796,6.6
154475,2.2603309,-0.20496982,6.5
154492,2.2631291,-0.34448087,6.5
154504,2.2656463,-0.22230821,6.6
154515,2.26903362,-0.21773666,5.1
154552,2.27644036,-0.27826293,5.0
154558,2.27836735,-0.20885032,6.3
154615,2.29561302,-0.19209962,6.5
154622,2.29674618,-0.23645221,4.4
154628,2.2984206,-0.32738731,6.6
154636,2.30104507,-0.29764394,6.6
154701,2.32278751,-0.22354289,6.9
154704,2.32352244,-0.23096883,6.3
154714,2.32604175,-0.29588169,6.6
154732,2.33281755,-0.1985713,6.8
154743,2.33563291,-0.19847278,6.8
154745,2.33528123,-0.31837094,5.9
154760,2.33832014,-0.26945799,6.7
154773,2.34122233,-0.29163405,6.1
154781,2.3423733,-0.304279,6.6
154804,2.35066049,-0.28156752,5.9
154808,2.35149701,-0.27898317,6.9
154815,2.35472929,-0.33524182,6.3
154871,2.37256153,-0.30538036,6.8
154918,2.38636432,-0.317673,6.8
154944,2.39434252,-0.28408332,6.6
154950,2.39577521,-0.31989684,5.7
154953,2.39630187,-0.21568299,5.8
154989,2.40846208,-0.34466243,5.8
155021,2.41751198,-0.25646799,6.6
155032,2.42345213,-0.26223276,6.2
155048,2.42800686,-0.24143678,6.7
155056,2.43015958,-0.19377591,6.5
155060,2.43091451,-0.25435769,6.0
155084,2.43896084,-0.29323388,6.9
155090,2.44154604,-0.1974713,6.5
155091,2.4415136,-0.27636372,5.9
155096,2.44247324,-0.20900231,4.9
155114,2.44749506,-0.27258043,6.3
155129,2.45433363,-0.31230844,6.8
155130,2.45453005,-0.26590954,6.7
155193,2.47320718,-0.33431554,6.8
155246,2.48874112,-0.27187595,6.1
155257,2.49428959,-0.18417088,6.1
155262,2.495517,-0.18100116,6.3
155273,2.49731578,-0.3386026,5.7
155281,2.49988018,-0.23592139,6.2
155312,2.50822809,-0.21170878,6.7
155323,2.5113643,-0.34179985,6.3
155370,2.52636896,-0.30759988,6.9
155377,2.52980894,-0.18448508,6.2
155387,2.53219066,-0.187958,6.2
155388,2.53206266,-0.25014607,5.0
155542,2.58081189,-0.25912191,4.3
155545,2.58172499,-0.19790982,6.8
155553,2.58306009,-0.28858772,6.3
155588,2.59561083,-0.33177681,5.2
155592,2.59618533,-0.28263057,6.7
155622,2.60779519,-0.28836485,6.7
155704,2.63565821,-0.31593189,5.8
155713,2.64035387,-0.22802305,4.7
155734,2.64808605,-0.30445213,6.6
155739,2.64923374,-0.29917266,5.9
155763,2.65548101,-0.27247566,6.2
155765,2.65622386,-0.18997434,6.5
155777,2.66136931,-0.21110989,6.2
155780,2.66205319,-0.22368164,5.4
155785,2.66419311,-0.21561967,3.8
155820,2.67310578,-0.33429207,6.4
155855,2.68846802,-0.19553282,6.2
155862,2.69019917,-0.33699704,6.6
155894,2.70212129,-0.21865688,6.2
155920,2.71018886,-0.31389621,6.5
155922,2.71069355,-0.24060731,6.6
155934,2.71477711,-0.2340503,6.8
155935,2.71492765,-0.34674233,6.1
155947,2.71963204,-0.23347434,6.5
155980,2.73183523,-0.29384872,4.1
156005,2.74285335,-0.34078228,6.9
156029,2.75323966,-0.23715883,5.5
156037,2.75601401,-0.25980365,6.9
156057,2.76288893,-0.23394897,6.9
156084,2.77232004,-0.2244298,6.8
156087,2.77353806,-0.32409096,6.4
156092,2.77633524,-0.18471581,6.5
156093,2.77628702,-0.28526481,6.2
156095,2.77742738,-0.21345726,5.9
156105,2.78028019,-0.20505166,6.5
156109,2.78140542,-0.21630486,6.9
156110,2.78185237,-0.23360238,4.8
156122,2.78634165,-0.29455287,5.1
156124,2.78746244,-0.21718383,5.9
156167,2.80221156,-0.24063974,6.7
156170,2.80353278,-0.24390744,6.4
156221,2.82248982,-0.30188499,5.6
156235,2.82583074,-0.26637346,6.5
156256,2.83452357,-0.28263261,3.3
156271,2.84095649,-0.31995715,6.5
156301,2.85139625,-0.35148842,5.3
156302,2.85164183,-0.26957551,6.6
156310,2.85490989,-0.24012119,5.8
156372,2.87767858,-0.28542979,6.2
156375,2.87880897,-0.31937421,4.2
156382,2.88063764,-0.24579879,6.1
156396,2.88395442,-0.27563636,6.5
156421,2.89397014,-0.19728387,5.6
156427,2.89553984,-0.23447728,6.4
156431,2.89682208,-0.34296379,6.5
156448,2.90408287,-0.19354024,6.1
156466,2.90898361,-0.22695806,6.5
156493,2.91884443,-0.3388803,6.7
156528,2.93436324,-0.3228864,6.1
156564,2.94652237,-0.34274674,6.8
156568,2.94813236,-0.21979111,6.7
156605,2.96418357,-0.25793494,3.8
156618,2.96933353,-0.1796783,6.7
156646,2.98174209,-0.32777497,5.1
156658,2.98717174,-0.18953078,5.1
156661,2.98836147,-0.30864436,4.1
156685,2.99829378,-0.21566738,6.0
156750,3.02484823,-0.28414857,6.0
156802,3.04851359,-0.23041565,5.6
156815,3.05215493,-0.23010809,6.8
156819,3.05362639,-0.29007876,6.5
156820,3.05367838,-0.25252694,6.4
156853,3.06964364,-0.26254207,6.9
156869,3.07510972,-0.32028164,4.9
156888,3.08652948,-0.32079966,6.9
156896,3.09094254,-0.17999988,6.3
156901,3.09225736,-0.25035851,6.9
156926,3.09937947,-0.27687826,6.3
156940,3.10392619,-0.2127328,6.2
156988,3.12420757,-0.29933837,5.2
157003,3.12822052,-0.24006694,6.5
157028,3.13790608,-0.18284515,6.8
157041,3.1448298,-0.1823202,5.6
157042,3.14531457,-0.34311171,5.3
157069,3.15907758,-0.17969954,6.6
157086,3.17121125,-0.21364372,6.7
157111,3.18293652,-0.20694558,6.8
157120,3.18564964,-0.30609124,6.6
157133,3.1912584,-0.29306139,6.9
157168,3.20781103,-0.17998839,6.1
157176,3.21056014,-0.30616464,2.8
157184,3.21601095,-0.29136066,6.0
157205,3.22455717,-0.23635035,6.9
157211,3.2272561,-0.33607498,5.9
157226,3.23291424,-0.23676274,5.4
157240,3.23892588,-0.27147942,6.7
157253,3.24331291,-0.20616333,6.7
157272,3.25152709,-0.20263893,6.0
157299,3.26299412,-0.29028297,6.5
157323,3.27190017,-0.28824869,3.1
157326,3.27284076,-0.23375471,6.4
157345,3.28152595,-0.28267614,4.4
157350,3.28383851,-0.24188576,5.7
157359,3.28721049,-0.34543561,6.1
157361,3.28807305,-0.22392851,5.8
157379,3.29672006,-0.20980889,6.8
157382,3.29741718,-0.29367051,6.6
157385,3.29814214,-0.21065358,6.6
157415,3.31064524,-0.31852836,6.1
157447,3.3216494,-0.22712915,6.1
157448,3.32166925,-0.22715218,6.0
157451,3.32406385,-0.34485384,6.0
157473,3.33269021,-0.20967789,6.8
157502,3.34454557,-0.20616222,6.9
157550,3.36579081,-0.18043805,6.5
157580,3.37723341,-0.31481677,6.8
157584,3.37856866,-0.20330526,6.0
157586,3.37942714,-0.35076818,6.9
157599,3.38545217,-0.26750826,6.1
157618,3.39123241,-0.21060956,6.5
157739,3.43784891,-0.18745423,5.3
157759,3.44574049,-0.28824694,6.7
157760,3.44595669,-0.18028165,6.2
157788,3.45600972,-0.28271915,5.1
157798,3.46206754,-0.32858771,6.8
157806,3.46527058,-0.34785813,5.6
157815,3.46853471,-0.19843579,6.9
157823,3.47311642,-0.34807407,5.3
157836,3.47916718,-0.20041979,6.7
157838,3.47987288,-0.27136515,6.7
157844,3.48369929,-0.31959335,4.8
157869,3.492112,-0.19729405,6.8
157879,3.49719273,-0.3401461,6.2
157899,3.50383123,-0.30953972,5.5
157923,3.51331877,-0.19480124,1.2
157932,3.51729448,-0.29423696,6.6
157938,3.51997727,-0.22179091,5.6
157946,3.5231785,-0.27879075,4.9
157978,3.53962757,-0.2347209,6.9
157987,3.54322346,-0.32688063,5.9
157998,3.54677549,-0.26813556,5.6
158021,3.55468736,-0.23063503,5.8
158076,3.5778177,-0.28705038,6.9
158131,3.59754719,-0.28237905,5.7
158135,3.59861439,-0.2482728,6.9
158147,3.6022918,-0.27519426,6.1
158152,3.60383649,-0.21688387,5.8
158161,3.60943769,-0.33607124,6.6
158165,3.61031377,-0.31171469,5.8
158186,3.62099787,-0.31650092,5.1
158192,3.62406936,-0.34727151,6.3
158225,3.64056454,-0.29984703,6.8
158269,3.65863815,-0.24647404,6.8
158275,3.66109718,-0.32502472,6.1
158306,3.67857716,-0.30310537,6.5
158325,3.68460618,-0.26130575,6.4
158331,3.68802724,-0.28511471,6.4
158357,3.69439864,-0.24792213,6.7
158379,3.70220972,-0.20646421,6.8
158385,3.70450519,-0.18037071,6.5
158401,3.71249742,-0.28452261,5.1
158427,3.72146063,-0.17931009,4.3
158439,3.72503993,-0.20662454,6.9
158448,3.73239628,-0.31766316,5.6
158462,3.73964725,-0.32437599,6.4
158468,3.74138996,-0.34843162,6.9
158481,3.74651272,-0.32665631,5.7
158489,3.74857403,-0.23337016,4.6
158528,3.76741129,-0.20444913,6.3
158539,3.76973389,-0.28102579,6.7
158550,3.77288232,-0.20367619,6.5
158554,3.77555711,-0.23305411,6.6
158556,3.77627691,-0.34846711,6.7
158558,3.77644082,-0.34853939,6.4
158577,3.78629219,-0.23316363,6.7
158677,3.82661977,-0.21477062,6.2
158696,3.83539165,-0.18421669,6.8
158788,3.86574358,-0.26982126,6.6
158808,3.87425998,-0.22409761,6.4
158821,3.88038136,-0.24694547,5.4
158836,3.88635417,-0.27920575,5.3
158840,3.88719142,-0.27998179,2.9
158855,3.89026124,-0.31049946,6.7
158860,3.89145235,-0.32036057,6.8
158887,3.90247476,-0.20766737,5.8
158915,3.91289045,-0.19913717,5.6
158931,3.91864567,-0.30306523,6.8
158935,3.9192377,-0.19469104,6.4
158946,3.92216309,-0.19450017,6.0
159028,3.95590227,-0.28373473,5.3
159030,3.95673865,-0.28770434,6.6
159085,3.97861926,-0.28203415,6.8
159089,3.98021798,-0.33346401,6.8
159090,3.98031673,-0.34543111,4.7
159105,3.98510875,-0.34291318,6.0
159107,3.98479452,-0.19210403,6.5
159118,3.99012047,-0.32163844,6.7
159122,3.99053018,-0.31012009,6.3
159187,4.01815882,-0.31692891,6.2
159191,4.018719,-0.27136937,6.1
159212,4.02747655,-0.26413939,6.7
159227,4.03114661,-0.21589015,5.8
159234,4.03257618,-0.18015802,5.1
159280,4.05028502,-0.29175782,5.9
159285,4.05194359,-0.27405577,6.8
159307,4.06082652,-0.28988959,5.9
159317,4.06540801,-0.35194283,6.1
159327,4.06791765,-0.18219991,6.7
159330,4.06928533,-0.34331528,5.5
159335,4.07063367,-0.29413888,5.6
159370,4.08200383,-0.25812692,4.0
159402,4.09463878,-0.34754804,6.8
159406,4.0949112,-0.25337042,6.9
159411,4.09676379,-0.33688214,5.5
159421,4.10112552,-0.34502095,6.9
159438,4.10704778,-0.24382788,6.8
159442,4.11001782,-0.34346102,5.0
159458,4.11525134,-0.22787305,6.8
159461,4.11642129,-0.26255497,6.4
159466,4.11929788,-0.27354269,5.5
159518,4.14460167,-0.31244768,6.7
159544,4.15231071,-0.24667718,6.3
159563,4.16184923,-0.29198301,4.3
159572,4.16699853,-0.33829862,5.9
159584,4.17238287,-0.25131646,6.4
159587,4.17376408,-0.25881735,6.2
159598,4.1760813,-0.27985244,6.8
159607,4.1808907,-0.24922206,4.7
159625,4.19021439,-0.28856188,5.5
159665,4.20785218,-0.19849969,4.2
159677,4.21081771,-0.3235775,6.8
159682,4.2125149,-0.3456691,2.9
159683,4.21253643,-0.34560947,5.1
159706,4.21958014,-0.24558402,6.3
159715,4.22197931,-0.22245104,5.6
159745,4.23207124,-0.32010686,6.4
159763,4.24104631,-0.33946029,6.5
159764,4.2411303,-0.33965116,4.3
159793,4.24921183,-0.20660553,5.5
159807,4.25272343,-0.32350129,6.4
159821,4.25798662,-0.25915895,6.1
159829,4.26290619,-0.35087949,6.6
159846,4.27172011,-0.25957458,6.1
159849,4.27424698,-0.32860662,6.9
159867,4.27810714,-0.22533485,6.5
159888,4.28867998,-0.29703904,6.7
159892,4.2939596,-0.34971846,4.6
159916,4.30542358,-0.21689333,6.9
159918,4.30670181,-0.32212437,4.9
159932,4.31299765,-0.23387097,6.9
159948,4.31873928,-0.25395821,5.8
159949,4.31885301,-0.19423813,6.7
159963,4.324659,-0.28994602,4.4
159971,4.33118711,-0.27903544,6.9
159972,4.3324708,-0.18434686,6.8
160006,4.35092751,-0.18443064,2.7
160017,4.35667546,-0.31800413,6.7
160044,4.36904519,-0.31519875,6.6
160046,4.37018693,-0.30965947,5.0
160052,4.37158879,-0.34774842,5.6
160080,4.38734279,-0.33400371,6.9
160104,4.40018768,-0.26021613,6.1
160116,4.40461166,-0.27344868,6.1
160118,4.4062319,-0.18819924,4.7
160159,4.42733839,-0.2058163,6.5
160171,4.43326967,-0.29332003,6.5
160180,4.43778826,-0.34103559,6.1
160186,4.43940029,-0.19134452,6.2
160205,4.4448868,-0.25952222,6.5
160216,4.44944793,-0.31849655,6.5
160227,4.4557354,-0.23679192,6.9
160231,4.45867665,-0.32961585,6.4
160299,4.48446782,-0.28086507,6.0
160305,4.48657719,-0.30733517,6.1
160324,4.49334732,-0.18366599,5.6
160326,4.49530646,-0.33922137,6.9
160332,4.49587325,-0.27445026,2.6
160337,4.49737612,-0.22168159,6.7
160380,4.50998446,-0.27157953,6.6
160402,4.51751446,-0.25453741,6.1
160413,4.52155446,-0.26570587,6.8
160440,4.53052625,-0.28469787,6.5
160462,4.53736642,-0.30990726,6.0
160474,4.54034526,-0.33741844,6.5
160479,4.54146721,-0.22421789,4.4
160482,4.54168945,-0.18668284,6.4
160515,4.55358256,-0.27992041,6.6
160523,4.55800094,-0.32193965,6.3
160553,4.56855363,-0.21838423,6.3
160554,4.56911243,-0.27669151,6.6
160629,4.59451388,-0.30536014,6.9
160653,4.60231157,-0.19620861,5.7
160660,4.60384732,-0.23800939,6.8
160700,4.61459236,-0.26875564,3.6
160701,4.61466203,-0.2717674,5.9
160708,4.61708709,-0.19070006,5.9
160747,4.63129575,-0.2247157,4.4
160784,4.6417438,-0.23576926,6.3
160822,4.65834406,-0.25701549,6.1
160868,4.67664573,-0.34077917,6.9
160885,4.6821081,-0.19023444,6.3
160896,4.68675438,-0.19787937,6.6
160909,4.69456946,-0.32815957,6.4
160915,4.69631741,-0.27597941,5.9
160998,4.71843415,-0.29944425,6.3
161056,4.73662455,-0.34477336,6.8
161093,4.74644937,-0.29939732,5.7
161125,4.75481357,-0.24320198,6.5
161153,4.76146131,-0.34630983,6.3
161227,4.78008172,-0.32570258,6.1
161260,4.78741174,-0.30323433,6.0
161267,4.7886406,-0.32224741,6.4
161275,4.78930833,-0.26930925,6.6
161278,4.7902799,-0.32808927,6.6
161304,4.79407984,-0.3249708,6.4
161348,4.80029358,-0.27631316,5.7
161376,4.80569661,-0.32917016,5.4
161412,4.81290475,-0.17835011,6.3
161415,4.81362949,-0.20970107,5.7
161457,4.82258652,-0.24396072,6.8
161490,4.8324776,-0.26832328,6.8
161493,4.83430612,-0.3106703,6.0
161520,4.83978805,-0.25422194,4.7
161528,4.84232642,-0.25449897,6.0
161540,4.84415254,-0.32688053,5.8
161564,4.84956546,-0.32118902,5.2
161569,4.84951863,-0.18842264,5.8
161571,4.85152656,-0.33379257,6.5
161580,4.85352583,-0.25558854,6.3
161587,4.85516208,-0.2594527,5.9
161605,4.85921422,-0.25924621,5.7
161632,4.86527939,-0.19158741,5.3
161675,4.87622413,-0.21555054,6.9
161683,4.87758309,-0.30074229,6.8
161687,4.87853167,-0.24442701,6.5
161730,4.89437533,-0.25419489,6.5
161754,4.89966034,-0.33656944,6.5
161777,4.90502301,-0.33715437,6.7
161803,4.91318664,-0.34219672,6.5
161817,4.91625013,-0.17671367,5.8
161843,4.92269592,-0.25669469,6.9
161848,4.92512513,-0.32465359,6.5
161871,4.92877679,-0.33409286,6.4
161893,4.93282087,-0.23687938,6.5
161909,4.93636221,-0.29939674,6.8
161933,4.94367521,-0.28592047,6.8
161935,4.94411344,-0.3252727,6.9
161964,4.95114144,-0.27232363,5.0
161974,4.95198713,-0.18353291,6.9
161984,4.95462679,-0.285827,5.6
162001,4.95777886,-0.32653656,6.6
162049,4.97156637,-0.33647,6.7
162050,4.9717748,-0.32405669,6.3
162052,4.97155598,-0.22410837,5.4
162097,4.9809905,-0.26673038,6.4
162122,4.98538989,-0.18712169,6.7
162130,4.98755694,-0.33589269,6.0
162133,4.98778536,-0.33341606,6.3
162177,4.99899822,-0.27332409,5.9
162201,5.00416847,-0.28324788,5.9
162204,5.00534729,-0.32703606,6.4
162229,5.01030956,-0.33667518,5.4
162234,5.0122972,-0.33079274,6.7
162260,5.01695752,-0.34563691,6.3
162326,5.03204189,-0.2143691,5.6
162394,5.04704197,-0.33696931,6.7
162413,5.05113506,-0.3307923,5.0
162432,5.05352471,-0.32923498,6.8
162462,5.05709754,-0.27115896,6.3
162511,5.06851832,-0.33569896,6.4
162512,5.06875402,-0.31149148,4.0
162518,5.06899094,-0.27846752,4.6
162521,5.06951796,-0.31954162,6.0
162564,5.0781004,-0.30012279,6.9
162595,5.08485046,-0.2425551,5.8
162609,5.08843988,-0.26272427,5.7
162615,5.08942082,-0.2539662,6.6
162643,5.09674692,-0.32042689,6.9
162651,5.09893185,-0.26358491,6.7
162674,5.10349785,-0.22073499,6.9
162712,5.10931329,-0.20043749,6.9
162792,5.12743329,-0.18431588,5.2
162797,5.12934901,-0.21384942,6.3
162809,5.1331683,-0.3290412,6.1
162815,5.13496032,-0.17728545,6.9
162816,5.13587734,-0.31819301,5.9
162827,5.13813318,-0.24961219,5.6
162831,5.13916227,-0.24357587,6.9
162843,5.14314962,-0.17726068,6.6
162862,5.14816002,-0.26472155,6.8
162883,5.15187641,-0.2843694,5.5
162915,5.15971098,-0.28141747,5.1
162931,5.16425043,-0.27000239,5.5
162945,5.1701247,-0.18453226,6.9
162964,5.17648177,-0.34489636,5.1
162998,5.18384728,-0.23916717,6.2
163007,5.18729096,-0.21501002,6.7
163012,5.18815257,-0.1897329,6.2
163026,5.19306647,-0.17464962,6.9
163036,5.19575835,-0.18785847,5.5
163050,5.19976061,-0.257882,6.8
163060,5.20195573,-0.33239737,6.0
163064,5.20161488,-0.19010044,6.9
163080,5.20590839,-0.25486917,6.4
163107,5.21590905,-0.33672642,6.9
163141,5.22704498,-0.27037691,5.0
163168,5.23507073,-0.17380454,5.9
163195,5.24461237,-0.23801152,5.8
163245,5.25819823,-0.20244665,6.5
163253,5.25972096,-0.2210491,6.4
163286,5.27301972,-0.26235649,6.8
163290,5.273168,-0.17562914,6.2
163328,5.28819659,-0.21628779,6.4
163337,5.29023019,-0.22021561,5.9
163402,5.30746103,-0.21532234,6.4
163422,5.31299081,-0.21830918,4.5
163427,5.31476508,-0.21894831,3.8
163445,5.32060735,-0.33368024,5.5
163468,5.32615132,-0.22268986,4.8
163471,5.3266403,-0.25804504,6.2
163481,5.32766641,-0.25798356,3.3
163484,5.3277155,-0.1916818,6.8
163519,5.33825329,-0.24882374,6.7
163545,5.34539554,-0.3391758,6.9
163592,5.35519563,-0.31785442,5.2
163612,5.36133098,-0.27474546,6.5
163614,5.36191341,-0.31090636,5.0
163616,5.36245213,-0.30429399,6.8
163617,5.36257758,-0.31198454,6.7
163625,5.3663416,-0.3243979,6.6
163626,5.36644195,-0.32433822,6.1
163645,5.37156421,-0.26278438,6.2
163665,5.37733674,-0.17197476,5.8
163686,5.38519479,-0.23947779,6.2
163712,5.39104928,-0.28842865,6.2
163740,5.39897438,-0.26436812,6.9
163771,5.40734811,-0.26101103,5.3
163779,5.41073623,-0.31657887,5.3
163783,5.41288538,-0.28142135,5.9
163798,5.41627409,-0.30330986,6.9
163830,5.42616058,-0.2031874,6.8
163848,5.43341838,-0.27573356,6.9
163887,5.44644785,-0.33615798,6.8
163895,5.44731579,-0.31767639,6.7
163910,5.45128474,-0.31478705,6.4
163924,5.45719253,-0.21894971,6.0
163953,5.46765367,-0.20199699,6.4
163973,5.475029,-0.32799648,6.7
163975,5.47508725,-0.31281502,5.9
164013,5.48765303,-0.27980386,6.0
164027,5.49210893,-0.25277051,6.0
164043,5.49605265,-0.3322259,6.2
164046,5.49741103,-0.22779271,6.6
164061,5.50155313,-0.3059697,6.5
164064,5.50275813,-0.23614203,6.6
164086,5.50907884,-0.17445778,6.8
164132,5.52373794,-0.30076866,4.2
164152,5.53050247,-0.33314738,6.8
164156,5.53157345,-0.30465367,6.0
164177,5.53888419,-0.2900011,6.9
164182,5.53964974,-0.1984737,4.5
164204,5.54878945,-0.25258895,6.4
164240,5.56008943,-0.18509634,6.5
164249,5.56371543,-0.30272716,6.2
164263,5.56649916,-0.26479292,5.5
164265,5.5675769,-0.23043514,6.5
164275,5.57183303,-0.17689087,6.9
164279,5.57294335,-0.23176111,6.2
164286,5.57612974,-0.31390076,5.4
164289,5.57746651,-0.30477216,6.3
164301,5.58178126,-0.28238458,6.9
164303,5.58218479,-0.22773168,6.7
164346,5.59485741,-0.2938192,4.3
164364,5.60334313,-0.22476622,5.5
164378,5.60868704,-0.24917886,6.9
164388,5.61305763,-0.21111018,6.6
164400,5.61729427,-0.23714593,6.8
164405,5.61839739,-0.20362315,6.8
164415,5.62097096,-0.20190681,6.5
164433,5.62865571,-0.33419298,6.5
164444,5.63162474,-0.24942733,6.8
164461,5.63902377,-0.21411244,6.9
164520,5.65958026,-0.33974492,4.7
164555,5.67000511,-0.18459858,6.2
164560,5.67271713,-0.29081277,3.8
164580,5.67907442,-0.24517605,5.3
164593,5.68391902,-0.3292793,4.8
164600,5.68573154,-0.25132024,6.0
164601,5.6863907,-0.34244984,6.2
164612,5.68984274,-0.25742676,5.9
164627,5.69573206,-0.22311203,6.7
164639,5.70083475,-0.19837349,5.4
164644,5.70304208,-0.28147405,3.0
164679,5.71457587,-0.222058,6.1
164686,5.71690458,-0.29399766,6.5
164697,5.72335393,-0.32503354,6.1
164711,5.72911461,-0.18435254,6.8
164713,5.73033554,-0.23652363,5.2
164717,5.73166119,-0.17997331,6.5
164756,5.74547889,-0.31236162,6.6
164827,5.76917341,-0.31247434,6.4
164861,5.78767412,-0.2420713,4.4
164868,5.79269463,-0.25290669,6.6
164885,5.79794741,-0.23213582,6.9
164888,5.79878444,-0.32322998,5.7
164910,5.80594604,-0.2018467,5.4
164923,5.81381929,-0.24772913,6.2
164949,5.82345307,-0.27608651,6.6
164974,5.83289901,-0.2239511,5.5
164996,5.8425461,-0.23221785,6.1
165044,5.86627342,-0.23613418,5.9
165077,5.87552097,-0.29219265,6.6
165078,5.87553137,-0.29220942,6.4
165123,5.89059778,-0.22541053,6.2
165127,5.89175043,-0.25457062,6.4
165134,5.8933098,-0.18636582,4.9
165147,5.89785501,-0.19034023,6.4
165178,5.91585153,-0.3047406,6.8
165181,5.91713079,-0.28602291,6.7
165233,5.94034294,-0.2134591,6.8
165252,5.94977331,-0.32865209,4.9
165285,5.96133481,-0.19488831,6.7
165290,5.96649982,-0.30630524,6.9
165293,5.96707258,-0.34231686,5.4
165298,5.96777348,-0.24533124,5.7
165308,5.97122399,-0.18423099,6.1
165321,5.9759718,-0.23723543,4.2
165351,5.98907951,-0.33227249,6.9
165353,5.98986484,-0.17555292,6.8
165359,5.99293073,-0.20274685,5.9
165365,5.99562559,-0.33468046,6.6
165375,5.99804352,-0.27612539,3.5
165376,5.99851171,-0.28400022,5.7
165425,6.01961565,-0.22812942,6.3
165456,6.03286873,-0.32361415,6.6
165481,6.04414661,-0.29808721,6.3
165522,6.06428139,-0.25326182,6.2
165578,6.08539631,-0.18655131,6.4
165607,6.09761688,-0.28225872,6.6
165609,6.09847449,-0.20443337,6.4
165614,6.09966925,-0.24076628,6.8
165625,6.10477571,-0.23490173,5.3
165628,6.10603693,-0.3154718,6.1
165658,6.12023053,-0.26248428,5.3
165672,6.12667232,-0.32615869,6.3
165698,6.13896162,-0.26612344,6.9
165707,6.14330648,-0.26702927,6.9
165708,6.14393719,-0.19983681,6.5
165746,6.16193001,-0.20149889,6.8
165754,6.16288936,-0.19196406,6.7
165780,6.17332963,-0.26609096,6.1
165804,6.18570576,-0.22794485,5.7
165808,6.1874156,-0.26345876,6.7
165818,6.19498131,-0.24821646,5.2
165828,6.20092816,-0.20386377,6.1
165834,6.20279028,-0.31463249,5.6
165836,6.20361284,-0.31095571,5.0
165841,6.20667269,-0.26961255,5.4
165842,6.20779705,-0.25385664,4.6
165849,6.21260637,-0.26676175,5.8
165854,6.21425091,-0.31899194,5.3
165867,6.22216634,-0.32599177,5.7
165880,6.22761773,-0.20788374,5.9
165905,6.23748626,-0.27682648,6.4
165909,6.23997328,-0.19378168,6.7
165911,6.24062298,-0.17408278,6.1
165915,6.24197227,-0.25135956,5.9
165918,6.24546314,-0.33002479,5.3
165933,6.25045689,-0.24872813,6.0
165934,6.25118484,-0.32395827,6.7
165956,6.26468474,-0.22955622,6.8
165972,6.27600146,-0.27659134,6.4
166014,0.01291195,-0.34987243,6.3
166016,0.01364935,-0.42141372,6.5
166031,0.01892897,-0.51083126,6.5
166053,0.02982324,-0.40330171,6.1
166063,0.03219114,-0.44254961,6.9
166066,0.03394382,-0.39285437,5.9
166083,0.04079656,-0.4884796,5.5
166103,0.05050161,-0.4851977,5.6
166120,0.05700951,-0.39218072,6.7
166130,0.05978764,-0.45416997,6.1
166131,0.05993999,-0.45875684,6.4
166138,0.06260162,-0.36995696,6.9
166167,0.07290328,-0.35273851,6.5
166174,0.0797686,-0.3689325,6.7
166201,0.09079297,-0.41242489,6.7
166207,0.09390133,-0.50582318,5.4
166210,0.09499987,-0.35007465,5.2
166282,0.11887496,-0.4458829,6.0
166284,0.11941005,-0.49293799,6.9
166285,0.12054284,-0.35141754,6.7
166295,0.12319319,-0.50685021,6.8
166296,0.12370981,-0.35491013,6.4
166318,0.13254808,-0.41517291,5.2
166344,0.14249333,-0.44260687,6.9
166367,0.14697614,-0.51589184,5.6
166400,0.15757567,-0.39867029,6.1
166418,0.16294648,-0.43227064,5.7
166438,0.1681131,-0.35425016,6.7
166443,0.16935831,-0.43821203,6.6
166475,0.17692519,-0.41546399,6.2
166477,0.17695544,-0.5134861,6.9
166490,0.18138756,-0.43976111,6.7
166528,0.19521304,-0.38407948,5.3
166555,0.2015688,-0.39308325,5.6
166585,0.20951732,-0.37912958,5.5
166593,0.21244889,-0.49733036,6.7
166602,0.2148136,-0.42126115,6.1
166608,0.2162327,-0.40773984,6.2
166647,0.22984423,-0.41898093,5.6
166651,0.23215512,-0.43243979,6.4
166686,0.24401528,-0.48477557,6.2
166716,0.25571561,-0.5123861,4.4
166774,0.27616919,-0.51532412,6.4
166799,0.28854234,-0.4187503,6.3
166814,0.29329284,-0.41881711,6.3
167011,0.36469564,-0.42503974,6.8
167055,0.3813023,-0.38987606,6.6
167056,0.38144585,-0.35520476,6.9
167062,0.38393244,-0.38461239,6.8
167086,0.39096328,-0.37750298,5.1
167087,0.39144921,-0.44711205,6.5
167093,0.39436347,-0.45741351,6.0
167134,0.4069494,-0.42198396,6.9
167153,0.41390381,-0.41362834,6.5
167198,0.4313662,-0.37132636,5.7
167199,0.43124024,-0.43671716,6.4
167275,0.46096865,-0.43725147,5.4
167279,0.46258723,-0.47733092,6.4
167298,0.46970184,-0.36381757,6.7
167416,0.50906796,-0.39316581,5.2
167461,0.52065593,-0.46132557,6.7
167466,0.5225891,-0.3634557,5.7
167471,0.52362096,-0.36787774,4.2
167511,0.53436811,-0.51775415,6.4
167512,0.5348856,-0.3833782,6.8
167516,0.53609402,-0.4169034,6.5
167532,0.54319381,-0.51132717,4.7
167599,0.56539694,-0.42490831,6.5
167637,0.58038844,-0.36652452,6.0
167697,0.60639363,-0.45283653,6.4
167722,0.61623423,-0.34758499,6.6
167736,0.62196037,-0.41567503,5.4
167757,0.62978046,-0.45111675,6.6
167795,0.63960216,-0.34981004,6.0
167832,0.65416111,-0.39589153,6.6
167837,0.65550182,-0.43958638,6.5
167839,0.65688433,-0.39349199,6.5
167878,0.67051099,-0.34909964,6.4
167882,0.67127196,-0.49275086,5.0
167931,0.68826805,-0.40128203,6.9
167996,0.71052579,-0.49133641,6.8
168012,0.71665008,-0.44497804,6.9
168045,0.7275978,-0.37768557,6.5
168051,0.7294909,-0.39244858,6.7
168081,0.74111102,-0.42865854,6.3
168082,0.74134016,-0.48767578,5.4
168094,0.7462961,-0.36658988,4.8
168120,0.75617837,-0.38555618,6.7
168121,0.75742454,-0.39054166,6.1
168150,0.76573579,-0.4416466,6.8
168183,0.77403316,-0.41646979,5.4
168191,0.77708334,-0.41200397,6.0
168202,0.78151459,-0.50452189,6.2
168209,0.78366345,-0.44111607,5.6
168238,0.79249642,-0.49028485,5.9
168249,0.79583501,-0.41232405,4.2
168321,0.81964116,-0.48574569,6.1
168354,0.83160612,-0.41431363,6.4
168368,0.83695541,-0.50898029,6.9
168373,0.83806842,-0.50591937,4.0
168376,0.83887563,-0.35986808,6.9
168384,0.842125,-0.3495415,6.8
168397,0.84488437,-0.52017948,6.2
168406,0.85086081,-0.45553433,6.1
168410,0.8519432,-0.34939072,6.9
168441,0.86084366,-0.41050498,6.8
168449,0.86414371,-0.50260217,6.0
168452,0.86554783,-0.39289558,5.0
168460,0.87055583,-0.37974607,4.0
168462,0.87083465,-0.42102553,6.0
168474,0.87590563,-0.45881089,6.8
168475,0.87595166,-0.4643704,6.4
168482,0.87877575,-0.41251313,5.7
168485,0.88007311,-0.35472523,6.6
168492,0.88258871,-0.36826859,6.6
168493,0.88258239,-0.44658913,6.3
168544,0.9004811,-0.47678114,6.0
168582,0.91448926,-0.40973146,6.8
168587,0.91549893,-0.39278984,6.9
168612,0.92457806,-0.44705377,6.3
168634,0.93282489,-0.37756494,4.3
168648,0.93755946,-0.44649585,6.6
168701,0.95467081,-0.48769682,6.1
168720,0.95945556,-0.4976228,6.9
168751,0.96860276,-0.43026128,6.8
168809,0.984158,-0.45230741,6.9
168820,0.98810398,-0.51204377,5.9
168827,0.98981069,-0.40578362,4.3
168836,0.99335553,-0.41669212,5.0
168841,0.99477004,-0.45952115,6.9
168851,0.99744156,-0.36482918,6.1
168858,0.99921052,-0.45435478,6.9
168888,1.01019533,-0.37142172,6.6
168925,1.01975458,-0.42957003,4.8
168929,1.02097507,-0.40379797,6.8
168933,1.02227716,-0.48291161,6.9
168977,1.03183734,-0.43949378,6.9
169017,1.04686696,-0.41916545,4.7
169058,1.0593537,-0.39434905,6.9
169071,1.06208703,-0.35158111,6.4
169080,1.06275694,-0.45113464,6.8
169095,1.06763165,-0.35572797,6.3
169110,1.07173637,-0.48261452,5.6
169111,1.07241363,-0.35800596,6.4
169135,1.07760119,-0.38387101,6.6
169206,1.09782061,-0.35528839,5.8
169229,1.10304474,-0.41576317,6.7
169231,1.10416081,-0.40366358,6.6
169273,1.11601676,-0.4055832,6.6
169274,1.11639891,-0.38661632,6.8
169317,1.12689627,-0.36155489,6.4
169325,1.12846066,-0.40090567,6.1
169344,1.13319167,-0.43675817,6.9
169354,1.13730148,-0.36022975,5.3
169368,1.14110441,-0.44904582,5.9
169391,1.14796901,-0.43445245,6.0
169455,1.16478678,-0.42029899,6.1
169475,1.16903302,-0.37531269,6.7
169483,1.17045198,-0.39738587,6.9
169503,1.17611499,-0.45860553,6.9
169570,1.19341455,-0.51952523,4.6
169574,1.19574812,-0.49654181,6.9
169581,1.19831492,-0.41957642,6.6
169584,1.19995342,-0.34768103,6.2
169589,1.20120664,-0.4281855,6.6
169650,1.22222622,-0.42729786,5.6
169727,1.2438494,-0.3714688,6.0
169752,1.24978606,-0.49021974,6.0
169815,1.27028255,-0.44174589,6.9
169847,1.27933572,-0.36255283,6.9
169889,1.28937493,-0.4490322,6.6
169981,1.31521969,-0.34997119,5.0
169997,1.31843793,-0.45858764,5.0
170010,1.32099222,-0.39784562,5.8
170029,1.32595987,-0.42564872,5.5
170050,1.33198845,-0.45644704,5.9
170051,1.33282396,-0.39044741,3.3
170151,1.35586281,-0.45220608,6.5
170238,1.37621713,-0.47024755,5.0
170243,1.37763201,-0.39958014,6.9
170311,1.39362417,-0.47767844,5.8
170327,1.39821766,-0.37070013,4.7
170351,1.40398823,-0.43237003,5.5
170352,1.40399979,-0.43237633,6.7
170375,1.41022313,-0.46610472,6.4
170445,1.42945782,-0.37307455,6.1
170457,1.43224082,-0.36232201,3.0
170461,1.43269402,-0.39155463,6.8
170506,1.44481279,-0.36414074,5.5
170561,1.45677397,-0.52095921,6.3
170587,1.46682343,-0.50104718,6.1
170601,1.47164184,-0.48644726,6.0
170613,1.47368512,-0.50072527,5.3
170618,1.47530856,-0.47491965,6.8
170652,1.48240842,-0.35666434,6.5
170715,1.49326931,-0.39049177,5.9
170756,1.50304774,-0.35127088,6.4
170757,1.50290971,-0.3913337,6.4
170759,1.5030049,-0.39179907,3.8
170770,1.50466522,-0.37803337,6.7
170836,1.51441288,-0.49984567,6.0
170892,1.52669069,-0.40093267,5.8
170926,1.5329285,-0.3644102,3.9
170931,1.53360889,-0.4001369,6.1
170945,1.53585702,-0.51397455,6.5
170946,1.53645297,-0.45279227,6.9
170993,1.54563821,-0.50872251,6.2
171001,1.54747087,-0.46530051,6.8
171023,1.55281245,-0.37855905,6.8
171034,1.55438078,-0.39863698,6.0
171045,1.55584831,-0.40518648,6.4
171138,1.57611514,-0.44362115,5.9
171180,1.58501509,-0.45874869,5.2
171222,1.5959343,-0.42229453,6.0
171231,1.59737827,-0.51938555,5.7
171236,1.5993041,-0.40335752,5.5
171251,1.60116273,-0.3807028,6.1
171293,1.60991134,-0.39143236,5.5
171317,1.61354846,-0.39748439,5.7
171318,1.61349864,-0.4660192,6.2
171339,1.61694538,-0.47392758,5.8
171356,1.61977674,-0.46220129,6.0
171425,1.6299435,-0.5130596,6.4
171428,1.63080009,-0.4164679,6.4
171458,1.63685769,-0.35381717,5.7
171482,1.64040384,-0.51990382,6.6
171502,1.64523033,-0.39645198,6.0
171506,1.64554551,-0.39049774,6.9
171508,1.64590192,-0.42018196,6.8
171513,1.64598278,-0.47007088,6.8
171549,1.65362376,-0.36522745,5.7
171571,1.65646392,-0.38576882,6.5
171602,1.66060661,-0.41255676,6.6
171688,1.67521276,-0.44641052,5.7
171693,1.67645681,-0.46154311,6.9
171711,1.67870858,-0.50230513,6.2
171731,1.68281672,-0.5184103,6.7
171774,1.6894241,-0.451283,6.0
171831,1.69919453,-0.39428932,6.7
171866,1.70506763,-0.48467633,5.8
171884,1.70820777,-0.37358996,6.7
171895,1.70979311,-0.40872693,4.4
171940,1.71672178,-0.36519109,6.4
171973,1.72247693,-0.35879475,6.9
171982,1.72375669,-0.40081229,4.5
171992,1.72575575,-0.38586995,6.5
172021,1.73085,-0.39470781,6.2
172068,1.7382811,-0.41154258,6.6
172102,1.74360501,-0.41356386,5.9
172167,1.75193409,-0.35462075,6.8
172196,1.75604892,-0.40548115,6.9
172204,1.7573862,-0.39181226,6.2
172238,1.76231749,-0.44567317,6.8
172264,1.76655493,-0.47719517,6.4
172273,1.76883804,-0.40948755,6.2
172304,1.77269463,-0.51594129,6.9
172318,1.77598116,-0.36678826,6.0
172389,1.78779871,-0.4202031,6.2
172403,1.78939692,-0.47706951,6.8
172420,1.79164745,-0.4499132,6.2
172504,1.80206052,-0.4704981,6.5
172520,1.80444494,-0.35297917,4.7
172524,1.80451562,-0.49811241,6.0
172531,1.80607195,-0.42828848,6.2
172542,1.80699086,-0.42208999,4.1
172546,1.80735993,-0.41762762,6.5
172569,1.81097596,-0.35612915,5.8
172578,1.81315995,-0.38463251,6.8
172579,1.81349876,-0.35144721,4.6
172588,1.81418387,-0.40040301,5.3
172631,1.82057847,-0.38752156,6.4
172644,1.82197182,-0.42988589,5.4
172650,1.82258952,-0.48062062,6.1
172656,1.82442306,-0.47411379,6.2
172667,1.82646117,-0.41679602,6.6
172669,1.82647724,-0.44355696,5.7
172676,1.82660058,-0.50565781,1.6
172700,1.83108739,-0.37704741,6.3
172706,1.83146656,-0.49565906,6.9
172718,1.83318767,-0.35183734,6.1
172725,1.8340023,-0.38605927,6.3
172736,1.83515597,-0.36022864,6.6
172749,1.83569593,-0.49723272,6.4
172763,1.83738839,-0.44008923,5.8
172768,1.83795853,-0.45289112,6.8
172788,1.83940017,-0.47513205,6.7
172797,1.84009765,-0.4875554,3.7
172839,1.84579295,-0.41597077,3.1
172906,1.85347363,-0.3845354,6.2
172922,1.85487179,-0.37438607,6.8
172986,1.86258083,-0.43564291,6.2
172989,1.86314814,-0.46526371,6.4
173002,1.86477973,-0.41609028,5.8
173041,1.86910444,-0.3640878,6.9
173047,1.86920952,-0.46064805,2.0
173064,1.87108953,-0.41964895,6.5
173101,1.87498896,-0.4403649,5.8
173122,1.87763604,-0.47981423,5.5
173152,1.88209122,-0.38054505,6.7
173168,1.883613,-0.36447323,5.7
173189,1.88534596,-0.47708187,6.7
173193,1.88584135,-0.45278238,5.9
173200,1.88670463,-0.47951656,6.5
173230,1.89105675,-0.39572306,6.2
173244,1.89195771,-0.47745765,5.9
173247,1.89283386,-0.39979215,6.2
173264,1.8947855,-0.45993571,4.7
173282,1.89722213,-0.46727235,3.8
173283,1.89739739,-0.47190319,5.8
173319,1.90150306,-0.41434926,6.3
173349,1.9050828,-0.40693423,4.8
173353,1.90518745,-0.40684488,6.8
173360,1.90495161,-0.48661801,4.8
173381,1.9073009,-0.49917187,6.9
173411,1.91025785,-0.46770538,6.3
173421,1.9120138,-0.38991581,6.8
173444,1.91406979,-0.42863236,4.9
173446,1.91422215,-0.43553329,4.4
173453,1.91485875,-0.4640111,5.4
173487,1.92019234,-0.36134439,6.8
173505,1.92222506,-0.46601178,6.6
173517,1.92373266,-0.39883663,6.5
173522,1.92386131,-0.47060161,5.8
173529,1.92454017,-0.45188853,6.1
173622,1.93507083,-0.48579572,5.1
173640,1.93676024,-0.51120073,6.9
173651,1.93772999,-0.51143625,2.4
173654,1.93789383,-0.50314323,6.6
173656,1.93856294,-0.39990467,6.1
173684,1.94225141,-0.36956974,6.7
173691,1.94312793,-0.3836702,5.9
173697,1.94350848,-0.44013083,5.9
173743,1.94900125,-0.41385509,6.5
173752,1.95036508,-0.40292681,5.5
173778,1.95352616,-0.39897621,5.7
173793,1.95399827,-0.49517308,6.8
173797,1.9549041,-0.46842533,6.5
173799,1.95470884,-0.50886466,5.5
173829,1.95775168,-0.50821777,6.8
173864,1.96287116,-0.40185411,4.8
173987,1.97729231,-0.43128603,5.7
174008,1.98038714,-0.49859975,6.6
174009,1.98117923,-0.38914234,4.5
174014,1.98188747,-0.35146883,6.8
174019,1.98229791,-0.40969117,5.9
174020,1.98233704,-0.40971323,6.0
174028,1.9830455,-0.45582289,6.5
174033,1.98348328,-0.47144916,5.9
174058,1.98697038,-0.49514026,4.5
174065,1.98774654,-0.46474273,6.5
174083,1.98926352,-0.41098974,6.8
174092,1.99024447,-0.38677597,6.5
174112,1.99199424,-0.44214033,6.8
174123,1.99404354,-0.37338997,6.7
174134,1.9942988,-0.4680367,6.8
174141,1.99526316,-0.41495082,6.3
174175,1.99971106,-0.44270015,4.6
174198,2.00199025,-0.46777956,4.5
174199,2.00202297,-0.46781287,4.6
174219,2.00472212,-0.46884746,6.2
174223,2.00492836,-0.46983114,6.7
174266,2.00904188,-0.52497201,6.9
174298,2.01321111,-0.38985754,6.4
174310,2.01481405,-0.3910287,6.8
174356,2.01935416,-0.45991593,5.8
174360,2.01994881,-0.38388847,6.9
174367,2.02045263,-0.48291384,6.9
174391,2.02257291,-0.49586637,4.8
174395,2.02306444,-0.44512911,6.7
174400,2.02374105,-0.50535979,4.1
174433,2.02705303,-0.43063958,5.5
174475,2.03271393,-0.42334391,6.5
174487,2.03357358,-0.40390453,6.9
174533,2.03858173,-0.3930416,5.8
174558,2.04241025,-0.45268876,4.6
174563,2.04293814,-0.42894802,6.9
174592,2.04651992,-0.4347986,5.3
174601,2.0476826,-0.43388517,3.5
174617,2.04968246,-0.35267951,6.5
174625,2.050685,-0.41535355,6.6
174658,2.05512512,-0.42810241,6.4
174679,2.05824613,-0.36955398,5.8
174682,2.05870472,-0.36165515,6.9
174742,2.0666712,-0.40690742,6.7
174779,2.07007881,-0.49053094,6.5
174790,2.07261412,-0.40953981,6.9
174836,2.07853086,-0.35715099,6.8
174852,2.08068918,-0.39933381,4.4
174932,2.09044666,-0.4068442,5.2
175018,2.10289784,-0.47499378,6.5
175052,2.10585435,-0.48075308,6.9
175114,2.11422422,-0.44853997,6.7
175200,2.12498331,-0.51318478,6.9
175206,2.12624707,-0.3587452,5.3
175217,2.1273123,-0.42418875,2.9
175239,2.13070697,-0.4122059,6.6
175250,2.13246786,-0.35540469,6.4
175306,2.1391596,-0.39328711,6.7
175390,2.1500991,-0.52204141,6.3
175492,2.16744986,-0.38193588,6.7
175497,2.1681485,-0.37210744,6.5
175543,2.17281296,-0.52365846,6.4
175589,2.17892089,-0.35193066,6.7
175616,2.18200729,-0.40948813,6.5
175634,2.18365357,-0.40011154,6.1
175660,2.18821797,-0.36292522,6.9
175709,2.19401748,-0.45986245,5.9
175743,2.19834691,-0.50562392,6.6
175775,2.20294935,-0.41346346,6.8
175777,2.20312097,-0.40410457,5.6
175783,2.20374994,-0.41968541,5.5
175792,2.2048687,-0.36731923,6.0
175821,2.20911334,-0.47377118,6.9
175851,2.21153527,-0.50990352,6.6
175870,2.21462378,-0.3637941,6.4
175883,2.21609691,-0.45609982,6.6
175902,2.21918142,-0.40267534,6.4
175912,2.22044773,-0.36565011,6.5
175939,2.22293795,-0.47704086,6.5
176061,2.23873514,-0.42946352,6.1
176103,2.2448947,-0.47295441,6.6
176131,2.24920275,-0.46850848,5.9
176170,2.25610008,-0.46105228,6.8
176189,2.25963269,-0.45823687,5.2
176226,2.26514757,-0.39552365,5.1
176253,2.26765699,-0.51594056,5.0
176395,2.28939899,-0.41520079,6.8
176404,2.29039521,-0.36944747,6.1
176439,2.29433013,-0.44309663,6.0
176496,2.30488836,-0.4998368,6.8
176535,2.31146519,-0.36736703,6.4
176546,2.31272241,-0.51422568,6.0
176554,2.31413344,-0.49948099,6.0
176559,2.31488415,-0.48362933,4.2
176697,2.33667167,-0.48314185,4.9
176711,2.33844951,-0.41569409,6.5
176789,2.35297079,-0.50276357,6.4
176805,2.35492847,-0.48547531,6.8
176833,2.36138684,-0.46537328,6.4
176881,2.3699218,-0.44513415,6.7
176924,2.37849413,-0.50647588,6.8
177002,2.39131182,-0.45131344,4.8
177018,2.39376125,-0.45098867,6.8
177022,2.39427234,-0.46718067,6.2
177048,2.39797782,-0.5203961,6.8
177066,2.4015036,-0.40451365,6.5
177110,2.41014553,-0.5052336,6.8
177127,2.4144882,-0.51773854,6.5
177322,2.44997743,-0.45318235,4.9
177374,2.45743537,-0.50324538,4.9
177427,2.46797388,-0.44220535,6.9
177454,2.47252214,-0.4218041,6.8
177461,2.47289862,-0.50243836,6.0
177469,2.47534201,-0.38997264,4.9
177521,2.48365043,-0.36213357,6.0
177539,2.4856697,-0.46415514,6.8
177541,2.48635904,-0.4074539,6.5
177546,2.48669312,-0.46407626,5.7
177561,2.48810909,-0.42365933,6.8
177582,2.49002379,-0.50207644,6.8
177619,2.49716655,-0.49965266,6.4
177642,2.50108874,-0.3685398,5.2
177647,2.50146973,-0.3733587,6.7
177649,2.50208845,-0.39904796,5.8
177738,2.51572355,-0.43114544,6.5
177748,2.51765083,-0.44150886,5.9
177840,2.5363273,-0.4117525,4.7
177866,2.54050402,-0.41740669,5.0
177893,2.54604479,-0.355457,6.7
177908,2.54906195,-0.48467003,5.0
177914,2.55082888,-0.39709847,6.8
177939,2.55413068,-0.52714024,6.5
177962,2.55848295,-0.47605358,6.9
178027,2.56874134,-0.46101549,6.8
178088,2.57897988,-0.40172655,6.5
178130,2.58730321,-0.47703795,6.3
178157,2.59218889,-0.48867372,6.9
178158,2.59270871,-0.45260087,5.0
178164,2.59411937,-0.39249565,6.3
178214,2.60392536,-0.46339214,6.2
178216,2.60446918,-0.47953028,6.3
178247,2.61028687,-0.43862311,6.7
178271,2.6140746,-0.41801135,6.1
178276,2.61499395,-0.35530152,6.9
178316,2.62557697,-0.41550874,6.9
178336,2.62941771,-0.35645805,6.9
178357,2.63409665,-0.44185778,6.7
178367,2.63697164,-0.42386339,5.8
178378,2.63900786,-0.49199062,6.9
178385,2.64067712,-0.49213335,6.9
178431,2.64909725,-0.37098408,6.7
178526,2.67056698,-0.49927417,6.1
178544,2.67612956,-0.47174344,6.2
178558,2.67973941,-0.41562815,6.7
178610,2.69112186,-0.36076717,6.5
178644,2.69708595,-0.506006,5.6
178706,2.70767886,-0.41259744,6.5
178717,2.71118653,-0.4428404,6.9
178721,2.71170853,-0.41383032,6.5
178723,2.71224086,-0.39319553,6.5
178755,2.71830173,-0.42470318,6.7
178759,2.71930639,-0.52643135,6.3
178771,2.72236879,-0.51741309,6.9
178801,2.72880331,-0.50952599,6.8
178888,2.74663795,-0.51772909,5.8
178917,2.75262989,-0.46222941,6.5
178938,2.7567925,-0.49283759,6.0
178957,2.76159571,-0.39317337,6.9
178979,2.76641108,-0.41443149,5.3
178993,2.77054358,-0.40450173,6.2
179014,2.77540614,-0.46556624,6.3
179025,2.77764598,-0.50216133,6.8
179027,2.77817809,-0.48269519,6.8
179041,2.78043785,-0.47844362,5.1
179147,2.80505739,-0.41100342,6.9
179180,2.81203158,-0.41861887,6.8
179217,2.8218159,-0.45462428,6.9
179248,2.83162436,-0.48725525,6.9
179278,2.84324076,-0.37089425,6.0
179334,2.8588139,-0.36067951,6.5
179456,2.89029695,-0.46829681,6.2
179469,2.8932515,-0.44637154,6.8
179514,2.9030585,-0.47636154,5.1
179522,2.90579533,-0.47626244,5.7
179542,2.90878929,-0.50139348,6.5
179558,2.91428963,-0.52664956,6.5
179568,2.9158461,-0.52312312,6.4
179577,2.91789562,-0.49009859,5.5
179604,2.92334025,-0.52001077,6.9
179624,2.93066183,-0.39838532,4.5
179628,2.9319989,-0.46785543,6.5
179638,2.93467085,-0.37959505,6.5
179760,2.96100104,-0.42487161,6.7
179783,2.96842974,-0.49449017,6.7
179872,2.99335457,-0.35923249,6.7
179887,2.99570996,-0.37274483,6.8
179904,3.00033974,-0.45135121,6.8
179934,3.00906028,-0.48922757,6.8
179935,3.00913416,-0.4269646,5.7
179943,3.0121938,-0.4502661,6.7
179964,3.01852622,-0.3626131,6.3
179967,3.02058927,-0.51074365,5.9
179968,3.02060825,-0.51070186,5.8
179969,3.02111308,-0.46681507,6.5
180036,3.04122939,-0.40052368,6.7
180065,3.04998701,-0.43146154,6.4
180098,3.05929769,-0.50957195,6.5
180116,3.06289772,-0.42560809,6.9
180117,3.06330766,-0.35419712,6.3
180141,3.07153121,-0.51919036,6.8
180152,3.07350787,-0.36120345,6.8
180208,3.09251189,-0.46687252,5.5
180232,3.10066097,-0.47608849,6.5
180288,3.11850747,-0.4487895,5.5
180301,3.12198235,-0.43384352,6.8
180307,3.12269408,-0.49701872,6.1
180349,3.13681991,-0.45219464,6.4
180374,3.14468378,-0.38112929,6.4
180479,3.17224194,-0.41480082,6.9
180488,3.17497324,-0.41845583,6.7
180505,3.17830035,-0.43160077,4.2
180531,3.18577043,-0.39478868,3.2
180546,3.18986948,-0.41193901,5.4
180602,3.20701196,-0.36380084,6.0
180604,3.20750799,-0.51028603,6.5
180617,3.21043731,-0.40760371,6.5
180619,3.21045898,-0.40759891,6.4
180662,3.21979431,-0.41911348,6.9
180689,3.2285171,-0.4666464,6.8
180695,3.22963884,-0.38703748,6.1
180700,3.2313105,-0.38774099,5.3
180742,3.24195796,-0.43409281,6.9
180747,3.2435177,-0.43354725,5.8
180786,3.25201549,-0.48431384,6.3
180850,3.27376317,-0.41358335,5.9
180879,3.28358937,-0.37022486,6.5
180884,3.2848724,-0.52438417,6.8
180915,3.29163577,-0.40834993,2.8
180937,3.29857353,-0.35826553,6.1
180965,3.30610761,-0.47366432,5.4
181014,3.3214945,-0.48708896,6.9
181047,3.3301685,-0.4361634,6.9
181063,3.33361669,-0.49434555,5.7
181075,3.33912393,-0.50206641,6.8
181104,3.35053591,-0.43659625,6.9
181105,3.35057067,-0.43374181,6.3
181114,3.35294846,-0.48166588,5.8
181169,3.36833092,-0.46666861,6.1
181231,3.3839346,-0.52481425,6.7
181244,3.38813008,-0.46181698,6.8
181265,3.39271419,-0.39713188,6.4
181274,3.39537596,-0.40238896,6.8
181284,3.39887797,-0.37606183,6.7
181334,3.41377159,-0.49369018,6.8
181335,3.4139619,-0.5107867,6.9
181357,3.41983333,-0.35924243,5.7
181365,3.42261008,-0.49579093,6.9
181408,3.4411662,-0.40327999,6.8
181410,3.44290019,-0.40348662,5.1
181446,3.45424221,-0.46341425,6.5
181476,3.46648119,-0.42383862,6.6
181543,3.48595382,-0.40442008,3.3
181615,3.5079025,-0.36519798,6.6
181674,3.52569272,-0.4608093,6.8
181695,3.53304004,-0.40633481,3.5
181723,3.54107503,-0.49066121,6.5
181735,3.54552787,-0.51601319,6.4
181737,3.54562569,-0.50078645,5.7
181742,3.54694515,-0.46404291,6.9
181790,3.56399273,-0.46242552,5.5
181825,3.57225621,-0.51593319,5.8
181863,3.58453358,-0.40927457,6.4
181921,3.59870173,-0.44507346,6.3
181931,3.60242379,-0.45581154,5.8
181999,3.62203242,-0.50756138,6.1
182026,3.62740163,-0.42569962,6.5
182064,3.64016566,-0.50165877,6.8
182065,3.64021977,-0.49863436,6.3
182070,3.64131533,-0.38825984,6.7
182102,3.65001586,-0.48237657,6.8
182123,3.65411433,-0.40182289,6.3
182126,3.65637475,-0.45373543,6.5
182134,3.65873044,-0.43584677,5.2
182152,3.66519819,-0.43651446,5.8
182161,3.66781488,-0.45843642,6.6
182182,3.67557345,-0.47874299,5.7
182204,3.68214578,-0.39133753,6.2
182244,3.69299263,-0.46569544,3.5
182343,3.71933249,-0.42523279,6.5
182349,3.72089834,-0.4757978,5.3
182354,3.72287529,-0.4644708,6.3
182374,3.73073647,-0.51106649,6.0
182433,3.74814998,-0.45056824,5.9
182435,3.74861773,-0.47369336,6.6
182468,3.76130991,-0.49408342,6.9
182474,3.76371999,-0.36226359,6.9
182483,3.76597154,-0.48439761,4.9
182517,3.77344722,-0.43295282,5.4
182527,3.77628687,-0.50431657,6.9
182535,3.77774233,-0.46866357,6.6
182570,3.78812217,-0.51472576,5.0
182611,3.79902895,-0.39201404,6.9
182676,3.8172347,-0.35673303,6.5
182752,3.84155011,-0.45824138,6.9
182795,3.85380189,-0.43629062,5.8
182855,3.86590844,-0.4440663,5.2
182857,3.86639531,-0.40409516,5.9
182858,3.86669478,-0.36959247,6.4
182873,3.87126093,-0.37218899,6.1
182875,3.87190713,-0.44722942,5.7
182882,3.87352687,-0.4553118,5.4
182883,3.87445008,-0.46506514,5.8
182888,3.87674395,-0.44483013,6.9
182898,3.88035598,-0.42327022,5.8
182911,3.88461611,-0.4880008,4.6
182982,3.90231695,-0.49477481,6.6
182983,3.90227485,-0.43008709,5.4
183025,3.91370937,-0.45875945,6.8
183030,3.91489132,-0.50889903,6.2
183040,3.91594106,-0.37377263,6.0
183058,3.92111815,-0.48271046,5.7
183099,3.93619016,-0.48975185,5.9
183139,3.94475063,-0.44125385,3.4
183163,3.95227737,-0.45011455,6.6
183168,3.95339961,-0.3910225,6.9
183170,3.95394226,-0.42117398,6.9
183176,3.95514138,-0.38453176,6.1
183231,3.96999086,-0.4186322,6.8
183237,3.97197791,-0.45959227,5.9
183269,3.98498331,-0.41902466,6.4
183275,3.98579925,-0.44173033,6.4
183285,3.98758916,-0.45716296,6.0
183316,3.99528911,-0.48163805,6.8
183328,3.99847703,-0.39094391,5.7
183346,4.00479047,-0.52619403,4.4
183417,4.02627518,-0.51210307,6.6
183423,4.02713737,-0.46580855,6.8
183533,4.0605309,-0.36177699,6.1
183580,4.07805735,-0.48951143,5.2
183619,4.08854038,-0.49104974,3.8
183631,4.09050613,-0.45867088,6.0
183637,4.09193083,-0.403899,5.8
183641,4.09393607,-0.4923011,6.3
183646,4.09398341,-0.36680247,5.9
183649,4.09566133,-0.51972162,3.8
183665,4.09871056,-0.40404993,6.2
183686,4.10275013,-0.41570577,5.1
183765,4.1264685,-0.39712553,6.9
183772,4.1286338,-0.48976712,6.5
183797,4.13616875,-0.45355692,6.9
183813,4.13836481,-0.41598585,6.7
183847,4.14768886,-0.45883203,6.7
183854,4.14942605,-0.44944517,4.8
183873,4.15481628,-0.52161952,6.4
183895,4.15970618,-0.351982,5.1
183896,4.16091722,-0.44204298,4.7
183900,4.16216172,-0.42818419,5.4
183901,4.16230767,-0.41849684,5.4
183907,4.1647928,-0.47714834,6.0
183914,4.16548337,-0.44058563,5.9
183916,4.16566052,-0.39733996,6.7
183931,4.16915918,-0.45842658,5.6
183957,4.17520034,-0.50987894,4.0
183972,4.17863864,-0.36622161,5.9
183973,4.17924922,-0.41062478,6.7
183982,4.18259763,-0.43338862,5.4
183987,4.1837814,-0.4557763,3.0
184014,4.19024617,-0.39482261,2.5
184049,4.2003837,-0.50851802,6.2
184058,4.20130785,-0.43659023,6.9
184064,4.20306613,-0.46628968,6.9
184068,4.20337752,-0.45143431,5.1
184075,4.20585974,-0.4315553,6.4
184113,4.21543178,-0.41200931,5.9
184123,4.21849324,-0.36074492,4.1
184135,4.22110221,-0.36422583,4.6
184142,4.22310709,-0.42694099,6.2
184144,4.2242518,-0.45948672,5.6
184164,4.22687482,-0.41338778,5.8
184182,4.23314295,-0.42904372,6.6
184184,4.23359397,-0.46965021,6.7
184188,4.23386551,-0.38672206,6.9
184197,4.23693337,-0.51341051,5.2
184205,4.239226,-0.47386824,6.8
184217,4.24230796,-0.49597686,5.7
184221,4.24247261,-0.48740802,4.7
184240,4.24844745,-0.37349847,6.7
184241,4.24883317,-0.42624431,6.3
184253,4.25197076,-0.36839765,6.3
184258,4.25377209,-0.44465705,6.2
184278,4.26054993,-0.42380347,6.6
184285,4.26287681,-0.37182334,6.4
184300,4.26851226,-0.48942465,6.8
184301,4.26863087,-0.49941118,4.9
184309,4.27225134,-0.35286824,6.4
184329,4.27883392,-0.42183779,4.8
184336,4.28124284,-0.44667882,3.1
184368,4.29639026,-0.51842261,6.6
184369,4.29639746,-0.51844453,5.9
184377,4.29963556,-0.40946588,6.6
184381,4.30042226,-0.40921174,5.9
184382,4.30043004,-0.40922982,5.2
184398,4.30875607,-0.51117455,6.9
184403,4.31205968,-0.44425751,6.9
184415,4.31710456,-0.46132528,1.1
184428,4.32082894,-0.48722621,6.8
184429,4.320595,-0.43834157,4.9
184437,4.32571158,-0.46317063,6.2
184450,4.32900748,-0.37465946,4.6
184481,4.34535737,-0.49246288,2.9
184541,4.3658311,-0.35619639,6.5
184547,4.3704168,-0.48536777,6.5
184549,4.37031666,-0.42704721,6.1
184581,4.38014236,-0.46790173,6.9
184591,4.38203706,-0.47920124,6.4
184602,4.38515218,-0.49758726,6.0
184607,4.38576625,-0.40463452,6.9
184617,4.38865993,-0.46511556,6.9
184630,4.39323633,-0.44555837,6.6
184735,4.41684445,-0.44681481,6.9
184754,4.42187791,-0.35631779,5.9
184804,4.43113521,-0.37646277,6.8
184822,4.43662725,-0.4040459,5.6
184892,4.45041673,-0.43793792,5.9
184897,4.451279,-0.43614202,5.8
184982,4.46809772,-0.44851544,6.7
184990,4.47007023,-0.49885864,6.7
184995,4.4712036,-0.44759061,6.8
184999,4.47133858,-0.3576997,6.2
185024,4.47762438,-0.37637317,6.3
185033,4.48064256,-0.46273973,6.2
185137,4.50374825,-0.47197877,6.8
185138,4.50393514,-0.44078004,6.3
185142,4.50477007,-0.48453671,6.1
185150,4.50583079,-0.37709661,6.9
185175,4.51182665,-0.48513865,6.6
185178,4.51270906,-0.47096726,6.9
185198,4.51755548,-0.46427959,5.3
185199,4.51756777,-0.46430597,5.3
185213,4.52137382,-0.46331811,6.7
185233,4.52763672,-0.46477187,6.9
185237,4.52916337,-0.42383702,6.9
185238,4.52917864,-0.42388787,5.4
185239,4.52964697,-0.42015117,6.7
185278,4.53986929,-0.51251627,6.8
185296,4.54223589,-0.3684887,4.5
185313,4.54524069,-0.43469398,6.6
185320,4.54662524,-0.43632368,3.4
185350,4.5525166,-0.49118772,5.4
185357,4.55556744,-0.41616179,6.7
185367,4.55836433,-0.37422642,6.0
185374,4.56012151,-0.42313316,6.3
185381,4.56182924,-0.51785858,6.7
185401,4.56565217,-0.421938,4.3
185406,4.56804836,-0.45279877,6.3
185412,4.56994713,-0.52127855,4.4
185417,4.57112814,-0.51878981,5.9
185470,4.58766724,-0.41822792,4.9
185474,4.58907834,-0.45849344,6.0
185526,4.60465002,-0.38473699,6.6
185584,4.61965731,-0.38244871,6.7
185591,4.62224534,-0.51541449,6.8
185655,4.63950461,-0.48667013,6.4
185660,4.64008923,-0.37844444,4.9
185678,4.64432099,-0.38737539,6.6
185755,4.65811222,-0.48573871,4.7
185765,4.65898227,-0.39231448,6.2
185779,4.66205332,-0.4708048,6.2
185826,4.67029506,-0.47231373,6.8
185900,4.68432678,-0.47616688,6.8
185928,4.69013596,-0.43436184,6.1
185966,4.69648976,-0.38320173,6.6
185975,4.69798129,-0.48983388,5.8
185981,4.6998445,-0.41781219,6.9
186025,4.70650242,-0.50194331,6.0
186037,4.70781295,-0.39299666,6.9
186061,4.71148512,-0.41566815,4.8
186070,4.71239662,-0.35498528,6.5
186074,4.71322863,-0.42383532,6.7
186135,4.72070482,-0.39759473,5.7
186145,4.72282707,-0.40195737,6.9
186152,4.72392473,-0.42333945,6.9
186158,4.72382721,-0.36193552,6.9
186161,4.72506909,-0.48566724,6.7
186163,4.72483238,-0.42380541,5.5
186169,4.72560432,-0.39650938,6.6
186204,4.72929308,-0.4251734,5.9
186208,4.72954746,-0.39858802,6.9
186237,4.73429846,-0.51626883,4.3
186247,4.73497463,-0.42583678,6.8
186302,4.74375291,-0.37426554,6.2
186328,4.74765794,-0.49666927,4.7
186343,4.7500982,-0.37437172,6.6
186350,4.75122808,-0.44457812,6.3
186420,4.760761,-0.44963686,6.9
186437,4.76353869,-0.41366034,5.1
186444,4.7646149,-0.50442614,6.4
186497,4.77244445,-0.36754574,4.0
186509,4.77463528,-0.3789661,5.7
186531,4.77820324,-0.52050232,6.8
186543,4.77877883,-0.36177548,5.4
186544,4.77878021,-0.35583671,6.0
186582,4.78638105,-0.48373235,6.7
186593,4.78829066,-0.49374026,6.3
186594,4.78831153,-0.50007949,6.0
186612,4.79116027,-0.47197897,4.7
186629,4.79396436,-0.44688705,6.4
186681,4.80399499,-0.52059967,2.8
186687,4.80492299,-0.45526724,6.7
186699,4.80630129,-0.43484951,6.4
186704,4.80839314,-0.49619541,6.1
186794,4.82300075,-0.35851972,5.0
186837,4.83338349,-0.46486146,6.2
186838,4.83379532,-0.52039532,5.9
186841,4.83443469,-0.44369232,2.9
186843,4.8350132,-0.4670026,6.3
186863,4.83873533,-0.46393566,6.5
186867,4.83979802,-0.5106751,6.8
186873,4.84052625,-0.44080831,6.2
186932,4.85303787,-0.50946796,6.9
186959,4.85742257,-0.42078851,6.8
186981,4.86027051,-0.41944465,5.7
186995,4.86312543,-0.42276029,6.4
187012,4.86665616,-0.36373937,6.5
187019,4.86828143,-0.52250387,6.9
187024,4.86944716,-0.51834558,6.5
187048,4.87407977,-0.49764796,6.8
187071,4.877791,-0.37346119,5.8
187080,4.88042797,-0.4102378,5.8
187086,4.88207644,-0.36742405,5.9
187088,4.88271384,-0.40460649,6.8
187108,4.88646623,-0.35030523,6.8
187146,4.8950403,-0.41596999,6.1
187216,4.90798425,-0.43652386,5.8
187234,4.91009508,-0.36654295,6.4
187239,4.91160253,-0.47107779,3.3
187246,4.91336924,-0.47994445,6.7
187255,4.91460094,-0.3908181,5.8
187263,4.91654276,-0.51716719,6.8
187294,4.92127522,-0.35385542,6.9
187324,4.9291108,-0.35473235,5.4
187342,4.93422426,-0.38680161,6.2
187381,4.93988807,-0.38260124,6.7
187388,4.94135087,-0.46513572,6.3
187389,4.94197374,-0.51276973,6.3
187422,4.94801599,-0.37279729,5.8
187426,4.94875034,-0.39697397,5.0
187445,4.95288917,-0.39569121,5.0
187448,4.95352934,-0.45896443,2.1
187452,4.95427183,-0.50986512,6.9
187468,4.95678169,-0.40445693,5.9
187498,4.96258782,-0.36052156,5.1
187504,4.96428333,-0.36838068,3.6
187514,4.96625432,-0.35646052,6.7
187517,4.96695085,-0.43418066,6.6
187519,4.9672533,-0.39321226,6.0
187562,4.97599289,-0.43532191,6.4
187584,4.98129739,-0.39611052,6.3
187599,4.98492847,-0.43365973,5.7
187600,4.98558464,-0.52150976,2.7
187632,4.99267308,-0.39961543,6.9
187634,4.99312315,-0.3757992,6.9
187643,4.99462363,-0.37946207,3.9
187644,4.99498455,-0.44036732,6.9
187661,4.99941936,-0.50756235,6.9
187683,5.00447085,-0.48294002,3.4
187686,5.0046032,-0.39265172,6.8
187701,5.00697751,-0.49980703,6.2
187718,5.01015924,-0.43034554,6.2
187728,5.01251071,-0.43771447,6.8
187729,5.0123177,-0.40474893,6.5
187749,5.01664539,-0.47323439,6.8
187756,5.01679178,-0.36693143,3.0
187786,5.02356097,-0.51491125,6.3
187816,5.02858403,-0.37800559,6.4
187835,5.03190401,-0.45215794,5.9
187856,5.03591354,-0.38502055,6.9
187882,5.04199768,-0.44081088,4.9
187883,5.04205273,-0.42200549,6.2
187992,5.06422532,-0.39099671,5.5
188043,5.07310709,-0.36028337,6.9
188079,5.08109793,-0.48634627,5.9
188093,5.08357157,-0.51154102,6.1
188101,5.08447238,-0.42775673,5.0
188105,5.08543064,-0.41822098,5.6
188121,5.08902565,-0.38007381,5.6
188127,5.09174247,-0.51911599,5.7
188192,5.10452359,-0.47098786,5.5
188219,5.10901709,-0.37196714,6.0
188296,5.12500881,-0.41641224,6.7
188317,5.12950936,-0.36271447,6.7
188326,5.1313901,-0.43142852,5.7
188337,5.13435432,-0.43429963,4.7
188386,5.14408846,-0.4992924,6.6
188407,5.14795262,-0.40888968,6.2
188419,5.14924075,-0.40890834,6.1
188470,5.15909313,-0.43387765,6.6
188571,5.18278917,-0.49726811,6.9
188580,5.18362155,-0.36577588,6.8
188603,5.18883303,-0.50246643,6.1
188692,5.21109442,-0.41785248,6.3
188722,5.21783495,-0.45901132,4.8
188742,5.22266595,-0.47420382,4.6
188778,5.23142263,-0.45719981,5.0
188795,5.23410113,-0.38765809,6.8
188829,5.2420895,-0.39684021,6.1
188844,5.24758707,-0.48362739,4.6
188863,5.25229786,-0.39436854,6.5
188927,5.26826253,-0.51872233,6.7
189065,5.30270217,-0.47181161,5.7
189114,5.31462873,-0.38065713,6.0
189142,5.32076,-0.36566063,6.6
189164,5.32529545,-0.50958722,6.3
189249,5.34340855,-0.45088409,6.9
189251,5.34381252,-0.50750156,6.9
189264,5.34702269,-0.50026741,6.0
189309,5.35825003,-0.4469126,6.6
189321,5.36030196,-0.42172706,6.9
189330,5.36137555,-0.41859114,6.9
189335,5.36254558,-0.3647966,6.8
189345,5.36480498,-0.39080453,6.2
189374,5.37101464,-0.50810864,6.1
189416,5.37942146,-0.4353511,6.2
189430,5.38358167,-0.51125537,6.9
189503,5.40122288,-0.43823307,6.3
189509,5.40215001,-0.42286627,6.7
189549,5.41137058,-0.41493123,6.3
189559,5.41313911,-0.4650422,6.4
189564,5.41432804,-0.49828239,6.7
189575,5.41663944,-0.45378672,6.4
189606,5.4247774,-0.51354107,6.9
189641,5.43329657,-0.47555587,6.5
189664,5.43711848,-0.44106119,4.3
189667,5.4374269,-0.37548757,5.9
189675,5.43868339,-0.46895067,6.8
189733,5.45107261,-0.4499692,5.8
189757,5.4563451,-0.4360293,6.6
189775,5.46095575,-0.47551083,6.6
189777,5.46116228,-0.48860778,6.8
189781,5.46210221,-0.46982828,4.2
189801,5.46733398,-0.41509146,6.4
189815,5.4721047,-0.48739221,6.5
189856,5.48377339,-0.45895983,5.8
189942,5.50544259,-0.469162,5.9
189963,5.51061655,-0.50808125,6.8
189966,5.51161633,-0.48401209,6.2
189986,5.51700707,-0.34653527,4.9
190014,5.5269865,-0.35220875,6.7
190025,5.52888877,-0.43643437,4.6
190050,5.5351385,-0.36989897,5.3
190065,5.53817392,-0.35243652,6.9
190069,5.5394571,-0.35877614,6.1
190079,5.54185496,-0.51873207,6.6
190129,5.55577084,-0.48204976,5.5
190147,5.55900086,-0.38767602,6.9
190173,5.56599185,-0.36043934,5.4
190214,5.57822806,-0.35491794,6.7
190220,5.58028195,-0.50205409,6.4
190236,5.58402219,-0.45994555,6.5
190238,5.58443111,-0.4748958,6.9
190261,5.59298816,-0.50904763,6.7
190285,5.59818008,-0.39564486,5.7
190292,5.60220692,-0.43986675,6.7
190293,5.60307929,-0.39700869,6.5
190295,5.60320939,-0.36393673,5.5
190299,5.60402017,-0.42626205,6.7
190330,5.61040422,-0.41577073,6.6
190341,5.61414526,-0.39115127,3.9
190349,5.61667395,-0.36994304,6.0
190374,5.62311778,-0.38060778,4.6
190423,5.63983178,-0.42917884,6.4
190458,5.64999345,-0.51828754,6.6
190461,5.64985026,-0.35053925,5.8
190469,5.65166293,-0.40935204,6.4
190478,5.65566483,-0.4567788,5.8
190520,5.66868717,-0.47658906,6.7
190555,5.68003777,-0.43811051,6.5
190559,5.68110169,-0.40601056,5.3
190685,5.72210806,-0.40615033,6.9
190786,5.75404249,-0.36971285,6.2
190822,5.76324001,-0.49660803,5.4
190864,5.77971323,-0.46813643,5.8
190898,5.79122739,-0.38817078,6.9
190922,5.80096822,-0.41292604,6.5
190930,5.80323009,-0.49379616,6.5
190945,5.80775849,-0.37057829,6.1
190967,5.81612924,-0.45950844,6.2
190976,5.81954121,-0.43948806,5.6
190985,5.82203798,-0.48462582,5.4
190986,5.82197885,-0.367815,5.5
190995,5.82411463,-0.41895698,6.8
191016,5.83212278,-0.45201182,6.3
191021,5.83375168,-0.40387079,6.4
191053,5.84394986,-0.4923266,6.8
191083,5.8538037,-0.37696096,5.4
191105,5.86218797,-0.43218905,5.6
191131,5.87215969,-0.35320238,6.8
191144,5.87380837,-0.41333513,6.2
191182,5.88947444,-0.47311295,6.0
191196,5.89439249,-0.45507056,6.5
191235,5.91096788,-0.36142661,5.3
191246,5.91495545,-0.41872398,6.0
191292,5.92864574,-0.50174473,6.4
191308,5.93295307,-0.49437072,6.3
191309,5.93312607,-0.49477781,6.8
191318,5.93698092,-0.47199923,4.2
191337,5.94445588,-0.5124451,6.4
191382,5.95829118,-0.44046438,6.9
191412,5.96875312,-0.45224734,6.5
191417,5.9710619,-0.48108188,6.9
191444,5.98363932,-0.51550452,6.0
191488,5.99918897,-0.39040979,6.7
191496,6.00180442,-0.35149181,6.6
191524,6.01113727,-0.51700575,1.3
191550,6.01962466,-0.51421215,5.5
191554,6.02180596,-0.4391962,5.9
191565,6.02317365,-0.44726811,6.4
191581,6.02716347,-0.5035909,5.7
191585,6.02742832,-0.39777397,6.3
191604,6.03333059,-0.36425773,6.2
191612,6.03725496,-0.4679698,6.9
191631,6.0424868,-0.47361492,6.8
191651,6.05053881,-0.41439575,4.8
191674,6.05782141,-0.50306309,5.9
191676,6.06003573,-0.45082533,6.8
191683,6.06260427,-0.36952765,3.8
191686,6.06390447,-0.49023584,6.1
191687,6.06464303,-0.39195814,4.9
191703,6.06841127,-0.51530895,6.5
191792,6.09619524,-0.49633353,6.7
191816,6.10452431,-0.4954551,6.8
191840,6.11414384,-0.4710089,5.8
191858,6.12161291,-0.3508201,4.2
191873,6.12639314,-0.38003958,6.5
191900,6.13503354,-0.36026946,4.5
191903,6.13572869,-0.47864438,6.7
191907,6.13741141,-0.37944544,6.6
191931,6.14540036,-0.44366677,6.9
191970,6.15970334,-0.37296668,6.2
191972,6.16072261,-0.44931407,6.7
191988,6.16658371,-0.3650266,4.8
192020,6.17702842,-0.47979019,6.7
192030,6.17916557,-0.4690759,6.5
192083,6.20078766,-0.42167863,6.7
192116,6.21547257,-0.45808745,6.3
192167,6.23486645,-0.49096597,4.6
192180,6.238793,-0.44211667,6.4
192211,6.25126127,-0.43606867,6.9
192218,6.25415452,-0.42288019,6.2
192252,6.26790742,-0.43174089,6.3
192262,6.27069529,-0.46466996,6.4
192264,6.27081136,-0.36361288,6.6
192294,6.28085246,-0.51461149,5.7
192342,0.01501659,-0.63269567,6.9
192359,0.03005893,-0.67854867,6.9
192367,0.03516198,-0.58519731,5.7
192388,0.05119429,-0.6131872,5.2
192418,0.06532033,-0.60919927,6.3
192424,0.06709547,-0.55928707,6.3
192430,0.07046469,-0.5488453,5.7
192442,0.07287382,-0.57050804,6.7
192453,0.07987019,-0.63721811,6.8
192491,0.09949671,-0.68525975,6.8
192495,0.10127433,-0.5416799,6.7
192545,0.12186252,-0.57608364,5.0
192567,0.13008979,-0.56054269,6.6
192574,0.13303554,-0.68972852,6.7
192609,0.14718071,-0.61089874,6.7
192663,0.17437715,-0.59274188,6.3
192690,0.1863784,-0.67131069,6.1
192703,0.19286412,-0.67058468,6.0
192731,0.20342314,-0.5269373,6.8
192870,0.26749992,-0.67921936,5.6
192874,0.26864791,-0.66697239,6.7
192884,0.27244662,-0.55068716,5.5
192907,0.28163251,-0.5852566,6.5
192925,0.28990908,-0.62239702,6.6
192977,0.31586322,-0.53760257,6.5
192980,0.31746245,-0.6607211,5.9
193072,0.35846939,-0.64667367,6.8
193079,0.36091991,-0.63872341,6.8
193087,0.36340082,-0.58551263,6.9
193090,0.36441042,-0.54010314,5.8
193096,0.36743253,-0.55522414,6.9
193101,0.36946337,-0.59585017,6.7
193122,0.37946789,-0.56798497,6.2
193123,0.37996967,-0.52771635,6.8
193136,0.3871213,-0.58928652,6.6
193161,0.39923338,-0.52333193,6.8
193163,0.40021258,-0.52854165,5.8
193173,0.40550253,-0.64341926,5.5
193188,0.41384076,-0.55662196,6.2
193201,0.41949061,-0.52198202,5.7
193224,0.42959905,-0.63753983,6.0
193229,0.433548,-0.58580192,6.7
193255,0.44268175,-0.66554539,6.1
193261,0.44527378,-0.64284801,5.6
193263,0.44568095,-0.5642122,5.3
193280,0.4564564,-0.60051204,6.8
193303,0.47035154,-0.64855844,6.4
193320,0.4770211,-0.54232155,6.4
193326,0.47915448,-0.6702728,6.5
193368,0.49474034,-0.67360376,6.1
193396,0.50866777,-0.5609192,6.5
193422,0.51682144,-0.5771256,6.3
193455,0.52903453,-0.52362995,5.4
193573,0.57992273,-0.53623229,5.2
193622,0.59922418,-0.62801916,6.7
193679,0.62442674,-0.65582962,6.6
193680,0.62501004,-0.52132442,6.9
193723,0.64589385,-0.59011284,5.2
193727,0.64834953,-0.5428403,6.1
193757,0.66405364,-0.56908215,6.6
193759,0.66430293,-0.63577787,6.3
193763,0.6680996,-0.60475663,5.9
193795,0.68135203,-0.52437981,5.8
193811,0.6849405,-0.60350402,5.8
193829,0.69076241,-0.52699174,5.8
193834,0.69120093,-0.66306261,6.5
193846,0.69831518,-0.53466121,6.5
193873,0.70733519,-0.66992611,5.9
193880,0.71409768,-0.57675617,6.8
193888,0.71707281,-0.56766737,6.1
193916,0.73112591,-0.62047672,6.5
193924,0.73528678,-0.58962478,6.8
193931,0.73779882,-0.56559062,4.5
193940,0.74284209,-0.62558956,5.8
193944,0.74470407,-0.62266362,5.5
193951,0.75014942,-0.5378139,6.4
193965,0.75735123,-0.67084939,5.9
193975,0.76188618,-0.53914816,6.8
193981,0.76282771,-0.58512304,6.9
193998,0.7714612,-0.61746268,6.6
194002,0.77326034,-0.52107324,6.3
194007,0.77468315,-0.66655928,6.3
194018,0.78113265,-0.5967143,6.7
194023,0.78381624,-0.56736305,6.3
194148,0.8372103,-0.68108042,6.9
194163,0.84223234,-0.62733756,6.2
194172,0.84577194,-0.67735293,6.9
194176,0.84939939,-0.62060146,6.9
194197,0.85603557,-0.53804317,6.6
194206,0.85921752,-0.54719708,6.9
194268,0.88899865,-0.57084954,6.5
194289,0.89853644,-0.62693788,6.3
194312,0.90563448,-0.62276334,5.7
194318,0.9084049,-0.62575818,6.5
194375,0.93352026,-0.54245318,6.2
194379,0.93618901,-0.55631909,6.4
194399,0.94621338,-0.58957935,6.9
194467,0.96974297,-0.55742941,4.9
194475,0.97229791,-0.65124367,4.6
194531,0.99193512,-0.52188884,6.6
194535,0.99455057,-0.52653481,5.6
194537,0.99408253,-0.63016761,6.3
194550,0.99741174,-0.65662961,5.4
194551,0.9974452,-0.65660188,4.9
194557,1.00077863,-0.62992792,6.7
194559,1.00118347,-0.63181302,4.2
194570,1.00629729,-0.63574006,6.8
194608,1.01948907,-0.60619721,5.1
194625,1.02650995,-0.67647832,6.8
194639,1.03187981,-0.68001829,6.8
194689,1.05015399,-0.5321616,5.9
194709,1.05617989,-0.60181648,6.7
194754,1.0716883,-0.54193913,6.7
194782,1.08045691,-0.64687162,6.6
194810,1.09416509,-0.61564608,6.4
194852,1.10807762,-0.64630381,6.8
194858,1.10972492,-0.66775521,6.8
194870,1.11346821,-0.64920314,6.6
194872,1.11347737,-0.66837059,6.9
194902,1.12527704,-0.58989326,3.6
194923,1.13031878,-0.59175175,6.5
194956,1.14214157,-0.65941564,6.8
194971,1.14811351,-0.62037854,6.4
194984,1.1520778,-0.5937072,4.1
194996,1.15602101,-0.60663568,6.5
195019,1.16286576,-0.57275476,6.7
195034,1.16796837,-0.56563896,6.9
195085,1.18103194,-0.62227009,5.9
195148,1.20231834,-0.53341378,3.9
195163,1.20798085,-0.53610561,6.3
195164,1.20905175,-0.53109496,6.9
195239,1.23070918,-0.64829164,5.1
195241,1.2310541,-0.65647733,6.9
195250,1.23549429,-0.53696058,5.7
195275,1.24715607,-0.59349844,6.8
195278,1.24757771,-0.6869038,6.0
195300,1.2558825,-0.52395313,6.4
195357,1.27178005,-0.60923253,5.8
195364,1.27366922,-0.59758168,6.6
195387,1.2831353,-0.66607102,6.8
195400,1.28680035,-0.69164964,6.0
195455,1.30603315,-0.5626797,6.7
195501,1.31587135,-0.69321128,6.0
195509,1.31938208,-0.5545153,6.0
195532,1.32822436,-0.61929867,4.6
195534,1.32834908,-0.62317306,6.3
195581,1.34497908,-0.62340097,6.4
195639,1.35960611,-0.65267004,6.6
195683,1.37218069,-0.62792094,5.8
195689,1.37509067,-0.63971325,6.6
195694,1.37786843,-0.60958688,6.7
195718,1.38426085,-0.68570428,6.9
195721,1.38528724,-0.60903836,4.9
195748,1.3931773,-0.58830749,6.8
195763,1.39776184,-0.60561136,6.4
195770,1.40185689,-0.59943677,6.1
195807,1.41109601,-0.69252022,5.8
195809,1.41219259,-0.65164738,6.9
195848,1.42252203,-0.56215867,6.9
195868,1.42785852,-0.60412982,6.9
195875,1.43047818,-0.56579434,6.9
195878,1.4300697,-0.68454683,6.8
195887,1.43228242,-0.64979738,5.5
195898,1.43602237,-0.52563344,6.6
195924,1.44518971,-0.61907934,3.9
195948,1.45235617,-0.67218045,5.5
195952,1.4535214,-0.61330346,5.8
195955,1.4541591,-0.59871309,6.8
195986,1.46283128,-0.57735351,5.7
195992,1.46366773,-0.5806612,6.7
196012,1.46871704,-0.61194511,6.8
196033,1.47393623,-0.60544963,6.6
196059,1.48199928,-0.59470693,2.8
196061,1.48278592,-0.56948537,5.5
196088,1.48985377,-0.58294797,6.4
196096,1.4930958,-0.53294133,6.2
196098,1.49335236,-0.60506682,5.3
196116,1.49881008,-0.6877804,6.3
196136,1.50630059,-0.55273545,6.8
196149,1.50970384,-0.56385441,5.2
196159,1.51276122,-0.63236304,6.8
196171,1.51542736,-0.6226417,6.4
196189,1.51986966,-0.5834882,6.9
196206,1.52333668,-0.56730167,6.9
196219,1.52674058,-0.53443635,6.8
196225,1.52782799,-0.5726241,6.8
196240,1.53135159,-0.62427572,3.2
196266,1.53830273,-0.65678592,5.6
196270,1.53945661,-0.60320155,6.6
196274,1.53935909,-0.67240172,6.7
196276,1.54075274,-0.58994466,4.9
196296,1.54512806,-0.62663182,6.8
196309,1.54843473,-0.69739857,5.6
196316,1.55115221,-0.64787974,5.0
196322,1.55326115,-0.55033727,6.8
196330,1.55486758,-0.54772601,5.5
196335,1.55690554,-0.55809002,6.5
196352,1.5600507,-0.61581024,4.4
196413,1.57635004,-0.59187029,5.6
196432,1.5799761,-0.68049651,6.9
196443,1.58411086,-0.65532561,6.9
196459,1.58972522,-0.56151121,5.6
196483,1.59458393,-0.61982809,5.9
196490,1.59738569,-0.57978616,6.8
196503,1.60160575,-0.5988566,5.9
196514,1.60364022,-0.65018508,5.1
196559,1.61675659,-0.60766673,6.7
196585,1.6252714,-0.63816495,6.9
196643,1.64301507,-0.61331893,4.5
196646,1.64319906,-0.68529442,6.1
196653,1.6450606,-0.65864338,5.6
196659,1.6456655,-0.65018702,6.0
196686,1.65668136,-0.60033426,5.8
196693,1.65718765,-0.68916982,6.6
196698,1.65942975,-0.52470464,3.1
196707,1.66069911,-0.59592561,5.6
196735,1.66728431,-0.58357648,4.0
196759,1.67219705,-0.55483949,6.4
196761,1.67210476,-0.61080721,6.6
196774,1.67558582,-0.64067129,5.7
196776,1.67595481,-0.64058485,6.7
196805,1.68205678,-0.61198133,6.2
196842,1.68915139,-0.66140251,6.5
196857,1.69370736,-0.56863002,4.5
196861,1.6958211,-0.56498097,5.8
196897,1.70700728,-0.61538642,5.8
196905,1.70781878,-0.57364633,6.6
196906,1.70859771,-0.64473403,6.3
196917,1.71197426,-0.65793216,5.3
196919,1.71325643,-0.55903929,5.7
196930,1.71553285,-0.67413735,6.4
196933,1.7167641,-0.56246081,6.9
196945,1.71838239,-0.63237007,5.5
196955,1.72171538,-0.57100386,5.6
196959,1.7223048,-0.59357329,6.7
196978,1.72526771,-0.64193195,5.6
196987,1.72743912,-0.62986829,6.3
196995,1.72991123,-0.55652887,6.8
197011,1.73238051,-0.66578435,6.0
197014,1.73324074,-0.6456064,5.7
197019,1.7356994,-0.56443439,5.3
197057,1.74406803,-0.5318059,5.8
197064,1.745102,-0.66599636,6.5
197108,1.75524599,-0.67018365,6.3
197115,1.7572036,-0.57094641,6.8
197134,1.76011532,-0.68404757,6.3
197149,1.76484494,-0.54228122,5.2
197163,1.7673196,-0.53382641,6.5
197171,1.76880662,-0.5549047,5.9
197177,1.76942134,-0.54016147,6.0
197192,1.7717515,-0.69010353,6.5
197193,1.77249996,-0.59764936,6.9
197195,1.77238985,-0.65930632,6.1
197215,1.77742644,-0.66200019,5.3
197239,1.78380824,-0.60975618,6.9
197253,1.78690889,-0.56797125,6.8
197258,1.78826893,-0.56738065,3.8
197263,1.79065829,-0.55337627,5.6
197277,1.79277116,-0.5998205,5.1
197291,1.79640442,-0.6323387,6.0
197335,1.80787451,-0.55503235,6.8
197371,1.8147631,-0.55484099,6.4
197388,1.818464,-0.61682699,6.3
197402,1.82078442,-0.61972497,6.2
197427,1.82569243,-0.59535828,5.1
197432,1.82705328,-0.54101125,6.4
197436,1.82825574,-0.57111406,6.9
197446,1.8312569,-0.58424994,6.6
197456,1.83330686,-0.54351473,6.6
197475,1.83621575,-0.58407899,6.5
197497,1.84039225,-0.62042475,6.6
197557,1.8567382,-0.60698571,6.3
197566,1.85881565,-0.53504072,6.4
197572,1.85894153,-0.66990459,6.1
197632,1.87121876,-0.69212224,4.9
197678,1.88222764,-0.68245351,6.8
197686,1.88525543,-0.53793898,6.2
197694,1.88682404,-0.63782098,6.0
197719,1.89274674,-0.54251422,6.5
197722,1.89348196,-0.52953474,6.3
197738,1.89634561,-0.53502622,6.9
197756,1.899576,-0.53557944,5.3
197777,1.90381751,-0.55925445,6.9
197785,1.90472108,-0.66879165,5.8
197789,1.90656859,-0.5392504,6.2
197790,1.90600623,-0.6386663,5.0
197795,1.90739653,-0.64747347,2.7
197807,1.90869687,-0.67916826,6.8
197824,1.9124758,-0.64113002,4.7
197827,1.91354423,-0.53754362,6.9
197828,1.91345791,-0.56455491,6.8
197836,1.91358219,-0.68435029,5.2
197837,1.91391511,-0.64128245,5.1
197842,1.91649369,-0.58865064,6.4
197914,1.93118675,-0.5593085,6.6
197925,1.93299854,-0.55717489,5.4
197934,1.93438303,-0.63426147,6.7
197938,1.93527023,-0.56203277,5.5
197944,1.93690197,-0.52738284,6.6
197951,1.9371885,-0.62548479,6.3
197964,1.94050259,-0.55516955,5.4
197986,1.94480722,-0.55394307,6.2
198000,1.94911826,-0.59587165,6.0
198031,1.95643032,-0.65991408,6.5
198038,1.95849613,-0.55586041,6.5
198041,1.95889174,-0.60944362,6.8
198042,1.95948573,-0.54901615,5.8
198045,1.95954253,-0.67739598,5.4
198064,1.96658719,-0.54039418,4.8
198069,1.96657664,-0.65169901,6.5
198086,1.96973496,-0.63098355,6.5
198093,1.97097349,-0.62635867,6.5
198104,1.97384172,-0.62764222,6.3
198120,1.97756451,-0.69916043,6.3
198130,1.98029369,-0.63422536,5.5
198137,1.98083751,-0.69648944,6.6
198138,1.98188107,-0.58404467,6.1
198195,1.99564546,-0.61031527,4.6
198205,1.99729618,-0.61570552,6.5
198210,1.99732309,-0.66340779,6.3
198212,1.99822484,-0.56080187,6.6
198226,2.00016485,-0.69798204,6.5
198229,2.00077331,-0.67685963,6.2
198237,2.00159384,-0.63699078,5.7
198253,2.00475477,-0.66860524,4.9
198265,2.00595032,-0.6656584,5.7
198268,2.00624412,-0.66777601,5.8
198273,2.0069816,-0.65588688,6.0
198282,2.00858686,-0.68804486,6.6
198286,2.01096356,-0.55258564,6.6
198298,2.01264163,-0.67253805,5.5
198312,2.01633714,-0.52686065,6.9
198315,2.01571071,-0.67245384,6.2
198342,2.02072417,-0.67830791,6.7
198343,2.02109026,-0.62919507,5.6
198352,2.02333482,-0.66675165,6.4
198366,2.0252813,-0.62941276,5.8
198379,2.02706801,-0.66223324,5.9
198390,2.02928203,-0.66126535,6.5
198398,2.03005812,-0.66267839,3.7
198401,2.03093173,-0.6561672,6.9
198404,2.03148704,-0.59643006,5.4
198416,2.03406205,-0.6620714,5.9
198423,2.03573837,-0.65926041,6.5
198424,2.03573764,-0.69917429,6.6
198435,2.03809725,-0.68646442,6.3
198437,2.03873044,-0.62959548,6.6
198442,2.03949097,-0.67214782,5.1
198469,2.04506723,-0.55183694,6.7
198480,2.04746436,-0.6151107,6.1
198487,2.04896833,-0.58099926,5.7
198504,2.05226387,-0.62466449,6.9
198540,2.06062822,-0.60572054,5.0
198545,2.06230039,-0.67828692,4.5
198553,2.06410768,-0.63467027,5.5
198559,2.06482704,-0.60978595,6.6
198575,2.06901438,-0.62618264,5.4
198579,2.07111757,-0.60819324,6.1
198591,2.07357718,-0.5396114,6.3
198609,2.07859645,-0.52857616,6.4
198622,2.08153304,-0.6000185,6.9
198636,2.0842218,-0.52943719,4.9
198668,2.09209679,-0.68586485,5.2
198714,2.10147765,-0.65072201,5.9
198725,2.10357553,-0.6466538,6.3
198734,2.10586722,-0.63531749,6.6
198743,2.10778432,-0.56659952,5.8
198752,2.11003609,-0.6981875,2.3
198764,2.11302635,-0.57028473,5.4
198776,2.11645017,-0.58627563,6.6
198791,2.11947403,-0.58589336,6.0
198848,2.13203575,-0.65767031,6.4
198849,2.13194615,-0.68939972,6.8
198854,2.13415472,-0.52922547,6.7
198859,2.13440692,-0.61880639,6.2
198898,2.14250881,-0.65087439,6.3
198908,2.14395664,-0.69147691,4.4
198918,2.14628389,-0.62436623,6.7
198931,2.14872524,-0.64558013,6.7
198942,2.15049762,-0.66190511,6.4
198957,2.15326739,-0.6265702,4.8
198958,2.15362351,-0.55389056,6.7
198960,2.15410427,-0.58589312,6.4
198969,2.15536549,-0.63394853,5.1
198970,2.1553948,-0.6342734,6.0
198971,2.15576277,-0.64494565,6.9
198972,2.15628099,-0.56096613,6.1
198979,2.15644141,-0.61942525,5.8
198991,2.15960162,-0.6228893,6.8
199010,2.16366584,-0.53975519,6.3
199015,2.16412893,-0.62662333,6.2
199020,2.16603374,-0.63184337,6.9
199051,2.17193092,-0.6294847,6.5
199059,2.17385376,-0.65230348,6.5
199061,2.17420217,-0.61874826,5.7
199070,2.17535824,-0.63982699,4.4
199074,2.17710538,-0.68205489,6.9
199084,2.1794378,-0.60371472,6.4
199090,2.18059888,-0.65306444,6.9
199118,2.18769939,-0.57690627,4.9
199119,2.18755445,-0.63677334,5.2
199123,2.18778258,-0.69151525,6.2
199166,2.19599981,-0.66821559,6.3
199198,2.20426322,-0.55746922,6.7
199222,2.20911894,-0.68171363,6.7
199239,2.21250328,-0.56170988,6.8
199246,2.21340081,-0.55279678,6.3
199251,2.21494725,-0.55839948,6.9
199260,2.21651564,-0.61285404,5.8
199308,2.22737108,-0.561288,5.6
199310,2.22744831,-0.64090318,6.7
199329,2.23144555,-0.68180032,6.2
199352,2.23776612,-0.54979171,6.4
199353,2.23828135,-0.60447743,6.2
199363,2.23983528,-0.66970247,6.4
199370,2.24116849,-0.67803947,6.0
199381,2.24357087,-0.6441331,6.7
199388,2.24505381,-0.56895188,6.4
199389,2.24487725,-0.65644272,6.2
199398,2.24793979,-0.59383412,6.9
199402,2.24803011,-0.69760985,6.3
199419,2.25305797,-0.56307046,6.8
199436,2.25799601,-0.58897634,6.5
199438,2.25728726,-0.70070786,6.4
199447,2.26061859,-0.66338801,6.9
199473,2.26617179,-0.63891307,6.1
199490,2.26938,-0.61624425,4.0
199535,2.28180252,-0.62732966,6.4
199544,2.28333274,-0.678629,6.6
199546,2.28460174,-0.57921146,3.7
199562,2.28643084,-0.67683539,6.9
199564,2.28773482,-0.65496908,6.8
199573,2.29015574,-0.64834298,5.8
199578,2.29138736,-0.56286078,6.8
199590,2.29447128,-0.66108297,6.7
199607,2.29868306,-0.60428321,6.4
199609,2.29828839,-0.69652542,6.9
199619,2.30122542,-0.60389706,6.7
199626,2.30241231,-0.68054009,6.6
199628,2.30267477,-0.67966078,6.9
199629,2.30322309,-0.58290691,6.9
199678,2.31194727,-0.57212804,5.2
199682,2.31199483,-0.6831544,6.3
199690,2.3142511,-0.62710364,6.9
199708,2.31793564,-0.67428595,6.7
199728,2.32318908,-0.56739287,6.5
199731,2.32409839,-0.63784265,6.5
199737,2.32477856,-0.6758644,5.8
199803,2.34016982,-0.64790883,6.8
199902,2.36538794,-0.687702,6.3
199917,2.36868894,-0.5661835,6.9
199924,2.37045703,-0.58645191,6.7
200047,2.39956796,-0.52997461,5.6
200084,2.40717367,-0.68519862,6.1
200119,2.41479777,-0.67398206,6.5
200135,2.41884505,-0.56822006,6.7
200152,2.42143977,-0.65628622,6.0
200159,2.42431724,-0.67317155,5.0
200163,2.42492694,-0.65298377,4.7
200185,2.4301686,-0.68768552,5.4
200219,2.43706759,-0.68144432,6.7
200241,2.44258662,-0.59521739,6.5
200257,2.44561622,-0.65592072,6.1
200299,2.45485512,-0.69420175,6.5
200314,2.45944257,-0.57945086,6.8
200320,2.45980945,-0.65898639,6.5
200322,2.46017888,-0.6151843,6.6
200330,2.46209707,-0.6881107,6.2
200374,2.47221816,-0.59163118,6.9
200392,2.47679623,-0.61100031,6.5
200416,2.483803,-0.62747287,4.6
200419,2.48391718,-0.67027474,6.2
200435,2.48855233,-0.58301032,6.9
200445,2.49044849,-0.55657435,6.4
200459,2.49379996,-0.55626799,6.0
200462,2.49384694,-0.62334303,6.0
200492,2.50074782,-0.68292552,6.4
200531,2.50977016,-0.62524282,6.5
200561,2.5183595,-0.56162538,5.6
200573,2.5196965,-0.62999269,6.1
200590,2.52496187,-0.69139648,6.7
200644,2.53889097,-0.5289038,6.8
200652,2.54246075,-0.61962703,6.4
200681,2.54932768,-0.69064603,6.7
200699,2.55430376,-0.57042717,6.9
200710,2.55689012,-0.62594896,6.8
200729,2.56154942,-0.54573309,6.8
200736,2.56391972,-0.58021895,6.8
200739,2.56381617,-0.66654119,6.9
200777,2.5720398,-0.64902478,6.0
200784,2.57372956,-0.6330044,6.3
200889,2.60311982,-0.58326261,5.9
200926,2.6130658,-0.62641758,5.3
200994,2.63030507,-0.53368072,6.6
201005,2.63279187,-0.58012383,6.8
201009,2.63435576,-0.6855487,6.8
201020,2.63714647,-0.6977103,6.4
201037,2.64091623,-0.63501948,6.3
201039,2.64172977,-0.60881903,6.6
201040,2.64220349,-0.58282012,6.9
201045,2.64310102,-0.53916265,6.7
201081,2.65302649,-0.65159599,6.4
201109,2.65957482,-0.62582169,6.3
201129,2.66464973,-0.67913059,6.7
201152,2.66954189,-0.59923931,6.7
201186,2.67651942,-0.57651464,6.4
201196,2.68007451,-0.68248744,6.6
201211,2.68496151,-0.63736225,6.3
201266,2.69927902,-0.64236363,6.4
201275,2.70167042,-0.6041671,6.9
201297,2.70772787,-0.55525352,6.7
201346,2.72048128,-0.66339722,5.4
201369,2.72685501,-0.66852238,6.8
201391,2.73329927,-0.68699412,6.9
201405,2.73646785,-0.54223448,4.4
201442,2.74710265,-0.53419574,5.6
201512,2.76424941,-0.70229625,6.7
201533,2.77164605,-0.69049957,5.7
201566,2.78036157,-0.55436811,6.8
201598,2.78933852,-0.64013984,6.8
201631,2.79627424,-0.62380525,6.5
201641,2.79909164,-0.62362849,6.9
201665,2.80439635,-0.57099688,5.7
201672,2.80691493,-0.55431676,6.6
201698,2.81284309,-0.64456032,6.8
201766,2.82846582,-0.55306357,5.9
201805,2.83594027,-0.59442467,5.7
201856,2.84932934,-0.61939806,6.8
201873,2.8533564,-0.63629949,6.8
201927,2.86547357,-0.64817839,4.7
201976,2.87643925,-0.58882658,5.8
201998,2.88275807,-0.55570149,6.2
202039,2.89405551,-0.55782172,6.5
202067,2.90118329,-0.62491005,5.5
202096,2.90977068,-0.53327221,6.6
202100,2.91094645,-0.56875403,6.6
202149,2.92294704,-0.56492042,5.8
202197,2.93323227,-0.56607864,6.5
202243,2.94587819,-0.68899878,6.7
202266,2.95103782,-0.60507084,6.8
202276,2.95346878,-0.67019625,6.9
202283,2.9548313,-0.66347727,6.2
202288,2.95682541,-0.58550308,6.9
202289,2.95681785,-0.60628026,6.5
202291,2.95709761,-0.6376462,6.6
202391,2.9810652,-0.63120036,5.1
202399,2.9836005,-0.62988671,6.8
202428,2.99101459,-0.62941974,5.3
202430,2.99128192,-0.65882189,6.0
202478,3.00185985,-0.61660039,6.5
202508,3.00940185,-0.6712019,6.8
202553,3.02314457,-0.63197136,6.8
202554,3.02335489,-0.54257463,5.2
202558,3.02379289,-0.55601987,3.7
202583,3.03028864,-0.57301574,6.1
202622,3.03942122,-0.58590907,5.9
202623,3.03945417,-0.63044168,6.9
202627,3.03984076,-0.64992285,6.5
202634,3.04132523,-0.57575203,6.4
202642,3.04360936,-0.68694477,6.9
202689,3.05421536,-0.66511705,6.6
202695,3.05525689,-0.60640839,4.9
202717,3.06189088,-0.56722619,5.3
202744,3.06940155,-0.64909246,6.1
202805,3.08537574,-0.62669644,6.3
202811,3.08601264,-0.52860617,6.6
202831,3.09208726,-0.62808742,6.4
202883,3.10534755,-0.53816728,6.0
202901,3.11065378,-0.59180522,4.4
202903,3.11227076,-0.63839446,6.7
202910,3.11299383,-0.6120285,6.3
202926,3.11729222,-0.65884255,6.5
202950,3.12375379,-0.69270664,6.3
202971,3.12877277,-0.58146134,6.3
203046,3.14930468,-0.60476163,6.9
203084,3.15733189,-0.68083302,6.6
203119,3.16753203,-0.62297574,6.3
203123,3.16815009,-0.57528486,6.6
203137,3.17051865,-0.66078127,6.8
203150,3.17470882,-0.54822159,6.8
203162,3.17791179,-0.60519878,6.8
203183,3.18540529,-0.60571715,6.1
203195,3.18768076,-0.66095944,6.1
203245,3.1992592,-0.59560398,6.6
203250,3.20015281,-0.67944073,5.9
203252,3.20098163,-0.58979557,6.4
203319,3.21920854,-0.62995793,6.3
203408,3.24084451,-0.68378151,6.7
203420,3.24452686,-0.61807064,5.4
203421,3.24462918,-0.68596632,6.4
203424,3.24521758,-0.67912555,5.9
203427,3.24542615,-0.52945014,6.6
203431,3.24727001,-0.67918339,6.9
203450,3.25225911,-0.61411965,5.8
203477,3.25879806,-0.5729931,5.7
203508,3.26539831,-0.68139986,5.6
203557,3.27965998,-0.54073636,6.9
203567,3.28154275,-0.56781921,6.6
203621,3.29875984,-0.69586127,5.9
203629,3.30144023,-0.68637027,6.8
203666,3.31201518,-0.53097216,6.0
203681,3.315579,-0.69791237,4.8
203746,3.33112494,-0.70123679,6.5
203756,3.33347364,-0.63440808,6.4
203797,3.34565415,-0.58146682,6.0
203863,3.3627543,-0.59339992,5.0
203881,3.36825587,-0.69255911,6.1
203904,3.37382246,-0.6874913,6.9
203907,3.37475468,-0.70125453,4.3
203979,3.39473994,-0.67923463,6.7
204001,3.39848941,-0.6825286,6.6
204016,3.40361733,-0.63149726,6.9
204029,3.40576903,-0.58477717,6.1
204030,3.40582954,-0.57684989,6.6
204049,3.41111003,-0.69144214,6.7
204128,3.43232415,-0.5517283,6.9
204132,3.4335181,-0.62590857,5.6
204156,3.43987153,-0.63222337,6.8
204212,3.45358095,-0.61313504,6.6
204227,3.45598267,-0.65978982,4.9
204237,3.45897169,-0.55629737,6.7
204282,3.46954875,-0.63479773,6.3
204312,3.47707104,-0.54988843,5.4
204371,3.49326501,-0.64075056,2.9
204420,3.5043821,-0.57927648,6.3
204465,3.51740487,-0.69385996,5.3
204469,3.51741884,-0.56805726,6.9
204483,3.52227427,-0.70097833,6.5
204545,3.53884937,-0.68778922,4.0
204561,3.54340635,-0.67019179,6.3
204597,3.55085389,-0.69718854,6.7
204612,3.55489389,-0.58137984,6.5
204623,3.5570104,-0.56220943,6.8
204653,3.56414625,-0.60157422,6.6
204708,3.57652667,-0.69373497,6.4
204712,3.57709521,-0.69903782,5.7
204739,3.58560951,-0.58637488,5.6
204812,3.60274231,-0.57672282,4.4
204835,3.6082025,-0.63271943,5.2
204864,3.61587533,-0.6479946,6.8
204866,3.61683228,-0.62310053,6.5
204867,3.61684166,-0.62315182,6.5
204875,3.61913888,-0.60127907,4.4
204888,3.62296886,-0.69640334,6.5
204911,3.62858329,-0.63588225,6.5
204916,3.62952708,-0.57586072,4.7
204917,3.62956293,-0.57586857,6.2
204922,3.63034811,-0.55186317,6.2
204944,3.63555719,-0.55724286,4.8
204955,3.63703156,-0.62245772,5.6
204963,3.63844731,-0.61635498,6.3
204972,3.64044921,-0.56630116,6.9
204977,3.64180664,-0.60383767,6.7
204994,3.64660985,-0.54602684,6.5
205093,3.6701878,-0.65398142,6.9
205096,3.67093349,-0.70200977,6.3
205123,3.67840386,-0.55298653,6.3
205188,3.69435021,-0.63477693,2.3
205253,3.70977412,-0.5344314,6.8
205270,3.71260301,-0.5598307,6.6
205371,3.73633832,-0.58017028,6.6
205412,3.74545992,-0.57980948,6.5
205430,3.74983313,-0.64583247,6.0
205436,3.75132285,-0.64330815,6.9
205453,3.75488732,-0.66122395,4.2
205485,3.76261651,-0.60714061,5.7
205497,3.76570967,-0.68961672,4.5
205523,3.77098369,-0.57747476,6.9
205531,3.77434708,-0.65356578,6.6
205561,3.78226441,-0.6959305,6.4
205574,3.78528412,-0.61866943,6.9
205637,3.80124326,-0.67840386,6.0
205681,3.80988104,-0.53606566,6.1
205744,3.82403006,-0.69110151,6.1
205751,3.82548567,-0.70182714,5.9
205786,3.83242451,-0.67708671,6.1
205789,3.83281845,-0.61568986,6.8
205823,3.84419298,-0.63067337,5.8
205839,3.84827887,-0.65962256,4.1
205841,3.84780319,-0.53988779,6.5
205846,3.84940133,-0.57194939,6.8
205871,3.85568139,-0.61389843,4.1
205899,3.86147952,-0.61421486,5.0
205937,3.87063915,-0.66830325,6.0
205964,3.87701506,-0.62555272,6.8
205966,3.87739823,-0.63939774,6.1
206035,3.89449293,-0.53366758,6.4
206037,3.89579095,-0.65978842,5.1
206048,3.89693523,-0.66770877,6.6
206079,3.90357337,-0.58120216,5.9
206099,3.90842648,-0.59089552,5.3
206110,3.91214308,-0.68794252,6.4
206112,3.91178107,-0.56961797,6.2
206154,3.9209378,-0.69650282,6.3
206167,3.92363884,-0.66115462,6.5
206185,3.92701547,-0.62885682,6.9
206208,3.9322972,-0.66424531,6.0
206223,3.93557929,-0.59967414,6.4
206239,3.94002515,-0.56973655,5.5
206247,3.9425993,-0.6273187,6.8
206284,3.95126857,-0.53320885,6.6
206292,3.95418377,-0.63292935,6.4
206300,3.95558964,-0.53963423,6.0
206352,3.97116721,-0.67705719,6.0
206418,3.98425558,-0.62991434,6.1
206445,3.99079227,-0.55011367,5.0
206509,4.00853609,-0.54470781,6.3
206523,4.01219088,-0.64745796,6.2
206543,4.02080852,-0.66705146,6.7
206552,4.02213824,-0.63288072,3.6
206559,4.02379754,-0.65686611,6.9
206580,4.02802742,-0.64330213,4.7
206597,4.03497754,-0.69307335,5.4
206599,4.03474446,-0.62686874,6.8
206616,4.03754055,-0.67603035,4.7
206647,4.04168964,-0.63875851,6.8
206660,4.0461227,-0.64171994,5.5
206695,4.05492367,-0.6743145,6.6
206720,4.06350531,-0.59026163,6.9
206734,4.0659047,-0.57388952,6.6
206736,4.06693859,-0.67410162,6.3
206763,4.0754566,-0.69928658,5.9
206769,4.07686108,-0.68677824,6.5
206795,4.08489919,-0.5775758,6.3
206826,4.09516274,-0.6834815,6.6
206827,4.09587251,-0.68291316,6.0
206843,4.10050905,-0.60059625,4.6
206858,4.10264468,-0.54477815,6.5
206867,4.10639154,-0.69782409,6.7
206887,4.11303492,-0.65318899,5.3
206889,4.11323396,-0.60581222,4.8
206919,4.11927956,-0.55157752,6.8
206962,4.13091727,-0.60532474,5.6
206968,4.13239244,-0.61977257,6.7
206969,4.13251904,-0.61990313,6.9
206976,4.13417282,-0.66176762,6.1
207040,4.14933966,-0.58690458,4.1
207119,4.16918419,-0.54251301,6.3
207128,4.17181106,-0.69576314,6.1
207134,4.17234986,-0.55476953,6.5
207144,4.17522856,-0.59282324,5.4
207145,4.17527619,-0.59278644,5.7
207152,4.17724572,-0.63154763,6.0
207178,4.18229925,-0.65455325,6.4
207206,4.18827162,-0.54398315,6.7
207208,4.18931962,-0.67015116,3.6
207224,4.19221345,-0.68221798,6.7
207234,4.1945751,-0.55657425,6.4
207276,4.20363227,-0.67374325,5.0
207282,4.20437418,-0.55851617,6.1
207292,4.2075389,-0.5797003,6.2
207297,4.208914,-0.66083697,6.0
207332,4.21755374,-0.64232194,4.3
207341,4.22052284,-0.64150415,5.8
207348,4.22186601,-0.64087491,6.8
207362,4.22402302,-0.63236115,6.9
207367,4.2261841,-0.68251639,6.4
207368,4.22619785,-0.68230341,6.7
207396,4.23036329,-0.56984302,6.7
207403,4.23188442,-0.58549232,5.6
207479,4.25075412,-0.55263335,6.6
207480,4.2515009,-0.57615903,6.1
207551,4.27293296,-0.61943994,6.7
207558,4.27407441,-0.53942532,5.7
207574,4.27842981,-0.68819884,6.2
207622,4.2936053,-0.68405048,5.4
207637,4.29581641,-0.65564772,5.4
207688,4.3120295,-0.6489013,5.9
207732,4.32572096,-0.6057042,4.3
207794,4.34251866,-0.62350714,6.8
207814,4.34750703,-0.61532785,4.3
207878,4.35933527,-0.64956035,6.1
207903,4.36426132,-0.58892737,6.6
207909,4.36607639,-0.622854,6.7
207930,4.37099291,-0.57851585,5.9
207943,4.37415864,-0.64716557,6.6
207966,4.37987554,-0.66595762,6.2
207967,4.3792257,-0.56035182,6.5
208020,4.39298202,-0.68726155,5.5
208024,4.39400027,-0.69000647,6.9
208050,4.40002355,-0.54460168,6.9
208069,4.40501236,-0.5524193,6.9
208078,4.40767093,-0.59853071,2.4
208089,4.41130696,-0.65475009,6.2
208102,4.41511781,-0.66405424,3.1
208116,4.41714698,-0.66353118,3.6
208125,4.41830013,-0.65623119,6.8
208169,4.42634253,-0.58425202,6.9
208176,4.42702721,-0.53384725,6.3
208187,4.42939795,-0.54807571,6.9
208205,4.43297878,-0.58480907,6.4
208221,4.43589734,-0.53372988,5.5
208232,4.43830466,-0.58048473,5.5
208237,4.44114583,-0.6826978,6.6
208259,4.44567315,-0.65661109,6.2
208293,4.45327209,-0.62717073,6.0
208324,4.45878282,-0.56101005,5.1
208347,4.4649874,-0.55178056,6.9
208355,4.46737355,-0.66588257,6.0
208356,4.46780254,-0.66050104,6.7
208377,4.47163477,-0.5955572,4.9
208406,4.47824775,-0.64974225,6.1
208410,4.47883804,-0.61874075,6.3
208467,4.4889648,-0.53064957,5.8
208521,4.50413026,-0.68952577,5.6
208522,4.50415295,-0.6775756,6.5
208539,4.50721571,-0.5661613,6.0
208541,4.50799493,-0.66239773,6.7
208556,4.51122895,-0.66836235,6.9
208569,4.51369052,-0.69406334,6.6
208582,4.51765569,-0.66694242,6.7
208585,4.51744254,-0.58552989,5.5
208591,4.51864936,-0.67359247,6.1
208604,4.5197263,-0.58882217,6.6
208606,4.51978252,-0.52727221,6.2
208610,4.52196563,-0.62394789,6.2
208626,4.52503159,-0.57007369,5.5
208636,4.52626387,-0.52647207,6.9
208650,4.52953702,-0.66608421,6.7
208657,4.53061432,-0.56816522,6.4
208670,4.53328846,-0.6106877,5.9
208740,4.54944584,-0.65982158,6.3
208741,4.54934876,-0.62674958,6.3
208747,4.55057383,-0.64962047,6.0
208769,4.55594988,-0.60734961,6.9
208786,4.55986895,-0.6055639,6.3
208789,4.56064802,-0.60092103,6.9
208838,4.57140979,-0.64899811,6.7
208860,4.57684046,-0.64190282,6.0
208869,4.57804815,-0.55038813,6.8
208870,4.57899434,-0.67224076,6.4
208881,4.58188955,-0.58846578,6.7
208896,4.58482308,-0.65093533,2.8
208897,4.5849918,-0.65339532,6.8
208921,4.58929978,-0.58822362,6.5
208935,4.59200126,-0.59829179,6.3
208954,4.59723732,-0.64758314,1.7
208977,4.60203538,-0.5686592,5.7
208980,4.60376209,-0.67717345,6.6
209001,4.60643579,-0.65345113,6.6
209019,4.61005502,-0.67431431,4.3
209028,4.6119383,-0.56074782,6.9
209034,4.61398426,-0.66436986,6.5
209044,4.61476224,-0.59954513,6.9
209105,4.62520288,-0.56201245,6.9
209151,4.63377397,-0.58474546,6.7
209163,4.6359773,-0.68120336,2.5
209172,4.63755988,-0.64482682,5.6
209176,4.63871681,-0.57685061,6.5
209180,4.6400989,-0.61607514,6.8
209188,4.6407707,-0.57006855,6.8
209197,4.64298793,-0.67728942,6.8
209236,4.65354746,-0.68529558,6.9
209246,4.65619745,-0.66517218,6.2
209263,4.65913491,-0.59884438,6.9
209270,4.66113702,-0.62649374,6.9
209278,4.66209892,-0.66555465,6.8
209282,4.66314175,-0.69636858,6.9
209303,4.66515644,-0.55332837,4.8
209304,4.66619128,-0.68038282,6.8
209307,4.66565975,-0.5340277,6.7
209318,4.66814023,-0.64652658,3.3
209346,4.67355075,-0.61692405,6.9
209357,4.67402824,-0.533322,6.5
209383,4.67847447,-0.60735907,6.0
209390,4.67891546,-0.60068245,5.8
209397,4.68106083,-0.59540531,6.1
209401,4.68154596,-0.61119045,6.5
209404,4.68169278,-0.62175818,6.0
209409,4.68302105,-0.60424273,6.8
209410,4.68275227,-0.55906876,6.8
209411,4.68326976,-0.60616356,6.2
209416,4.68354254,-0.60903647,5.7
209425,4.68515799,-0.60712931,6.4
209428,4.68583787,-0.60654681,6.1
209430,4.68607341,-0.60792538,6.5
209436,4.68726424,-0.60610781,6.9
209446,4.68818454,-0.60155332,6.0
209451,4.68971955,-0.60286378,6.6
209458,4.69114476,-0.63662101,6.1
209486,4.69550743,-0.61173141,6.7
209489,4.69610469,-0.56679601,6.6
209503,4.69858132,-0.57052661,6.6
209519,4.70226614,-0.68245472,6.7
209524,4.70350409,-0.68306902,6.4
209525,4.7034161,-0.62846887,6.9
209545,4.70770917,-0.64330029,5.8
209550,4.70879331,-0.67322784,6.8
209552,4.70901715,-0.64470126,6.8
209602,4.71908857,-0.66466021,6.7
209608,4.72026209,-0.63491268,6.3
209671,4.73350412,-0.62660151,5.8
209684,4.73660193,-0.65400105,6.8
209696,4.73773174,-0.53100023,3.1
209710,4.74029469,-0.62866163,5.9
209779,4.75328823,-0.64005466,6.6
209794,4.75601843,-0.5710663,6.5
209803,4.75643716,-0.53631476,5.6
209817,4.76003771,-0.58991469,6.2
209873,4.77183911,-0.55793444,6.6
209916,4.7798373,-0.60378919,6.9
209919,4.78077789,-0.57755442,6.9
209949,4.78785956,-0.66632555,6.8
209957,4.78930288,-0.64161299,3.2
209959,4.78919241,-0.5952841,6.1
209978,4.79314275,-0.60539038,6.9
210005,4.80088568,-0.61834693,6.7
210017,4.80367675,-0.65428244,6.5
210022,4.80507404,-0.68106476,6.7
210048,4.80973777,-0.67468965,5.1
210061,4.81224341,-0.64000031,5.4
210075,4.81484621,-0.63247746,5.6
210088,4.81740137,-0.59923635,6.8
210091,4.81786294,-0.60012613,2.0
210116,4.82157772,-0.53680302,5.7
210119,4.82304889,-0.62817459,6.3
210135,4.82544436,-0.59245681,6.4
210159,4.82881335,-0.53046694,6.7
210170,4.83188651,-0.6286068,6.8
210197,4.83653323,-0.68060079,5.6
210213,4.84014519,-0.67808126,6.6
210257,4.84800441,-0.57576962,5.4
210277,4.85356932,-0.69296548,5.3
210286,4.85641544,-0.69625062,6.3
210293,4.85805401,-0.67578712,6.6
210294,4.85805249,-0.6759027,6.0
210295,4.8580591,-0.67590033,6.0
210296,4.85807132,-0.67579522,6.5
210312,4.86058205,-0.57624746,5.4
210314,4.86112376,-0.57527938,6.9
210321,4.8627179,-0.60764777,6.9
210344,4.86704995,-0.57404718,6.9
210361,4.87134259,-0.61867181,6.7
210399,4.88126028,-0.52407661,6.8
210408,4.88386133,-0.59632015,6.6
210501,4.90342603,-0.66887106,5.1
210507,4.90493778,-0.64086294,6.4
210509,4.9057839,-0.62207408,4.8
210518,4.90853199,-0.69265718,5.5
210520,4.90868871,-0.69377167,6.7
210532,4.91009348,-0.6258229,6.6
210557,4.91598549,-0.69344724,6.8
210597,4.92644096,-0.57090743,6.8
210600,4.92744343,-0.60647961,6.6
210663,4.94231204,-0.53641429,6.6
210685,4.9470773,-0.63334581,6.9
210716,4.95409447,-0.65252358,6.6
210733,4.95871261,-0.5530721,6.6
210734,4.95968301,-0.65176223,5.4
210754,4.96362178,-0.69504824,6.4
210773,4.96700954,-0.54168402,6.1
210781,4.9686191,-0.64764311,4.9
210786,4.97063386,-0.69001228,6.5
210815,4.97878717,-0.64683153,6.8
210816,4.97886607,-0.64685339,6.6
210828,4.98138225,-0.64386869,6.9
210859,4.98856508,-0.66764473,5.7
210883,4.99346866,-0.54187189,5.5
210928,5.0021953,-0.64687613,4.3
210937,5.00418549,-0.65991229,6.3
210990,5.01551878,-0.66155905,4.1
210994,5.01634665,-0.69512906,6.4
210996,5.01609707,-0.63119508,6.6
211005,5.01794697,-0.68662736,4.2
211011,5.01982946,-0.52372027,6.6
211017,5.02231749,-0.68076359,6.2
211037,5.02726158,-0.65594297,6.5
211042,5.02905476,-0.65491332,6.9
211052,5.03149669,-0.67510577,6.8
211097,5.04220414,-0.64488461,6.8
211117,5.04638377,-0.58506273,6.1
211166,5.05866929,-0.64392769,6.9
211175,5.05999886,-0.61822156,5.6
211191,5.06336153,-0.55532396,6.6
211206,5.06799262,-0.61058191,6.5
211215,5.07205065,-0.55740062,6.9
211229,5.07819719,-0.61028986,6.9
211315,5.10615497,-0.56011489,6.5
211345,5.11589565,-0.53876816,6.7
211355,5.11840856,-0.52994261,6.7
211361,5.12124007,-0.59686634,6.9
211429,5.1400273,-0.57443517,6.8
211451,5.14840612,-0.68824087,6.6
211487,5.15839093,-0.63937063,6.9
211506,5.16453529,-0.65517343,6.2
211537,5.17230985,-0.53935958,6.8
211541,5.17498959,-0.55691023,5.6
211609,5.20007361,-0.65164301,6.6
211653,5.21454311,-0.57676824,6.4
211664,5.21931695,-0.66892022,6.6
211677,5.22210897,-0.53354739,6.6
211686,5.22590055,-0.66424366,6.5
211708,5.23136547,-0.53298981,6.2
211716,5.23483773,-0.61568792,4.4
211717,5.23535507,-0.60559255,5.3
211719,5.23714702,-0.65802845,6.0
211724,5.23746329,-0.58824378,5.7
211767,5.25151391,-0.66218989,4.8
211768,5.25163769,-0.67807675,6.9
211770,5.25170735,-0.65501237,6.9
211778,5.25363565,-0.66106823,6.9
211782,5.25486422,-0.55948415,5.0
211798,5.26013969,-0.57596035,6.5
211885,5.28485181,-0.63008345,5.3
211913,5.29517136,-0.67104434,6.9
211916,5.29573765,-0.59548404,6.7
211940,5.30512163,-0.52369414,6.4
211948,5.30752269,-0.63624873,6.5
211950,5.30772755,-0.61431508,6.6
212015,5.32430353,-0.60362106,6.6
212025,5.32702631,-0.6226225,6.5
212126,5.35328537,-0.65280734,6.3
212140,5.35701827,-0.53874697,6.7
212155,5.36054572,-0.60055742,6.8
212160,5.36155838,-0.62126536,6.2
212246,5.38837536,-0.66478951,6.5
212249,5.38779053,-0.53186301,6.5
212333,5.4119696,-0.58349402,5.5
212345,5.41659981,-0.55149156,5.8
212369,5.42310101,-0.69042937,6.4
212396,5.43095201,-0.62529989,6.9
212401,5.43319651,-0.61375386,6.9
212410,5.43407179,-0.53193292,6.8
212416,5.43815739,-0.68415578,5.5
212417,5.43805478,-0.63041724,6.5
212472,5.45401385,-0.58956902,5.0
212487,5.45757767,-0.55945681,6.5
212488,5.45856945,-0.66171458,5.5
212499,5.46279307,-0.57905356,6.0
212506,5.46601815,-0.68257607,6.9
212521,5.46906019,-0.53614168,6.5
212522,5.47016549,-0.69481465,5.4
212608,5.49776133,-0.63057393,6.1
212617,5.50072875,-0.61595869,6.7
212623,5.50165428,-0.62926203,6.7
212636,5.50342128,-0.56300424,4.7
212638,5.50405004,-0.57413188,6.8
212653,5.50849459,-0.67248704,5.9
212666,5.51072854,-0.67424837,5.4
212691,5.52023964,-0.64980974,6.9
212709,5.524047,-0.52578388,5.7
212715,5.52571205,-0.60438662,6.9
212716,5.52576346,-0.56446716,5.3
212743,5.53569002,-0.65000851,6.9
212753,5.53868828,-0.64064002,6.5
212793,5.55473382,-0.68809868,5.3
212800,5.55588523,-0.6357179,6.1
212843,5.56663806,-0.63199594,6.1
212866,5.57307134,-0.67837312,6.6
212867,5.5738339,-0.53661942,6.9
212874,5.57605651,-0.56151751,4.8
212998,5.61290317,-0.66024652,5.7
213034,5.62459819,-0.54521545,6.6
213078,5.63847675,-0.59244649,6.0
213103,5.64903912,-0.63960722,6.9
213115,5.65150876,-0.5991567,6.9
213136,5.65842172,-0.57679534,6.1
213168,5.66839795,-0.58781191,6.3
213190,5.67430262,-0.60274422,6.7
213248,5.69191975,-0.67286772,6.3
213258,5.69390579,-0.57640841,4.4
213273,5.70025748,-0.57097588,6.8
213288,5.7053793,-0.66238576,6.9
213292,5.70607961,-0.53927852,5.1
213374,5.73309709,-0.65213975,3.2
213378,5.73479726,-0.6293952,6.8
213406,5.74181413,-0.53417993,6.5
213414,5.74379239,-0.65019575,5.5
213427,5.74665851,-0.6588104,6.2
213452,5.75652268,-0.67012271,5.6
213472,5.76388855,-0.63802358,6.8
213495,5.77072464,-0.5608281,6.7
213517,5.77877766,-0.52214322,6.7
213543,5.78627058,-0.69016005,4.6
213576,5.79616565,-0.57576085,4.6
213577,5.79638098,-0.59417625,5.1
213583,5.79759704,-0.57814822,6.4
213599,5.80290422,-0.59366701,5.5
213602,5.80385928,-0.56807675,5.1
213625,5.810361,-0.60152622,6.7
213631,5.81210443,-0.66851065,6.7
213696,5.83449534,-0.60670651,6.9
213751,5.85008549,-0.60242958,6.9
213795,5.86704965,-0.68289469,6.9
213850,5.8846105,-0.68298098,5.5
213883,5.89705783,-0.56454405,4.4
213887,5.89815215,-0.61594289,6.6
213918,5.90831345,-0.56097767,6.6
213924,5.9099041,-0.605195,6.9
213948,5.91924162,-0.55263975,5.8
213981,5.92914105,-0.57737741,5.6
213982,5.92944626,-0.67155766,6.6
213995,5.93397896,-0.6139138,6.9
214000,5.93574356,-0.53509827,6.0
214074,5.96424871,-0.57914145,6.8
214081,5.96605178,-0.59622454,6.4
214087,5.96808676,-0.66710043,6.7
214119,5.97768404,-0.57255933,6.4
214134,5.98227738,-0.68341717,5.4
214153,5.98877473,-0.57378678,4.5
214182,6.00065264,-0.63510185,6.4
214187,6.00330467,-0.5521016,6.1
214189,6.00370857,-0.56792466,4.3
214197,6.00567767,-0.55092423,6.5
214215,6.0152052,-0.61999646,6.3
214261,6.03258286,-0.63566525,6.5
214275,6.03664242,-0.60649217,5.1
214278,6.03768948,-0.53136035,6.9
214313,6.05146652,-0.67879534,5.6
214314,6.05176934,-0.52441845,6.6
214410,6.0900887,-0.5209403,6.6
214444,6.10352286,-0.56778954,4.5
214445,6.10392152,-0.53325689,6.9
214459,6.10742709,-0.58831791,6.4
214561,6.14360718,-0.62036734,6.4
214615,6.16524963,-0.66005807,4.5
214659,6.18322077,-0.55625335,6.5
214701,6.19869239,-0.55978197,5.3
214741,6.21276985,-0.58342173,6.9
214824,6.24677403,-0.60548187,6.7
214860,6.26257166,-0.55713343,6.0
214861,6.26257268,-0.55648209,6.7
214878,6.27290197,-0.57924821,6.9
214963,0.027565,-0.85652266,5.8
214983,0.04106745,-0.79844426,3.9
214999,0.05207066,-0.73604297,6.6
215047,0.08163872,-0.75459688,6.3
215092,0.11433361,-0.76235793,3.9
215093,0.1146882,-0.73837977,2.4
215103,0.12409582,-0.69664584,5.3
215112,0.12820731,-0.70974687,6.8
215119,0.13279432,-0.84150919,5.6
215120,0.13292275,-0.71452795,6.3
215131,0.13707918,-0.85178108,4.9
215146,0.14976714,-0.74056439,6.9
215148,0.15019656,-0.79283205,6.8
215157,0.15570664,-0.83777452,5.5
215165,0.15983013,-0.85752142,6.8
215185,0.17394766,-0.78184938,6.0
215194,0.18031906,-0.80433474,4.6
215215,0.19301174,-0.86195107,6.9
215221,0.19613625,-0.74484995,6.0
215232,0.19966385,-0.82993412,5.8
215245,0.21356445,-0.8150276,6.2
215254,0.21843806,-0.75738097,6.4
215270,0.22631895,-0.76286902,6.6
215291,0.2408262,-0.82739258,6.9
215343,0.27410461,-0.80978613,5.3
215353,0.28100674,-0.83672359,6.9
215365,0.28834614,-0.81539504,3.4
215367,0.28998558,-0.69562807,6.8
215374,0.29582473,-0.72408673,5.1
215428,0.32805907,-0.79467406,4.9
215433,0.3324757,-0.73319658,6.8
215450,0.34355025,-0.75630852,6.8
215492,0.36948548,-0.72417899,5.3
215494,0.36956554,-0.77716797,6.4
215507,0.37947065,-0.72863395,6.7
215516,0.3855689,-0.75604575,3.4
215525,0.39054382,-0.81605245,6.3
215536,0.39816022,-0.85647999,4.0
215539,0.39990627,-0.79544282,6.3
215547,0.40406685,-0.86791127,6.4
215567,0.41166339,-0.79745553,6.9
215573,0.41819616,-0.69721725,6.5
215581,0.42238481,-0.8517869,6.9
215592,0.42983503,-0.74923848,6.8
215650,0.46809672,-0.72885168,6.1
215654,0.4696164,-0.80734456,6.8
215673,0.48143715,-0.83455255,6.2
215679,0.48624262,-0.69526703,6.5
215681,0.48625673,-0.79362729,6.9
215696,0.49587626,-0.80813287,4.4
215697,0.49901952,-0.74171335,5.0
215715,0.51123777,-0.82702514,4.7
215726,0.5220551,-0.73357124,5.4
215739,0.53104544,-0.78039639,5.0
215777,0.55892155,-0.73095271,6.8
215785,0.56354253,-0.75950805,5.8
215793,0.56639163,-0.71325469,6.7
215794,0.56758485,-0.76472639,6.5
215831,0.58700753,-0.71849596,5.9
215860,0.6083007,-0.73039178,6.3
215878,0.62046266,-0.7539755,6.3
215892,0.63077821,-0.71279974,6.2
215906,0.64134756,-0.83259051,4.4
215996,0.69725678,-0.74859969,4.5
215999,0.70104458,-0.69560752,4.1
216013,0.70747845,-0.81200391,6.2
216019,0.71269516,-0.70733889,6.3
216036,0.72114685,-0.80786399,6.8
216038,0.72234545,-0.74767331,6.9
216059,0.73733972,-0.78695912,6.7
216065,0.74524795,-0.6969409,6.3
216069,0.74658248,-0.71494325,6.9
216081,0.75366059,-0.72242775,6.7
216112,0.77781042,-0.70344783,3.4
216113,0.7778126,-0.70345001,3.4
216114,0.77785696,-0.70344647,4.4
216150,0.79818641,-0.81986876,5.7
216156,0.80249774,-0.76616367,6.7
216197,0.83102703,-0.85057075,6.1
216209,0.83963165,-0.7752657,5.9
216230,0.8513026,-0.79700271,6.8
216246,0.86150303,-0.83342415,5.8
216263,0.87235214,-0.75170749,4.3
216278,0.87944967,-0.83386363,6.5
216292,0.88834852,-0.69946106,6.8
216316,0.89969636,-0.72670022,6.4
216332,0.906391,-0.76542878,6.8
216347,0.91593345,-0.74410862,5.7
216350,0.91728622,-0.72204324,6.1
216357,0.91899483,-0.82685158,6.0
216405,0.94725258,-0.70292515,4.6
216449,0.96937485,-0.80211701,6.5
216459,0.97783504,-0.70965616,6.5
216469,0.98106266,-0.83882802,6.5
216470,0.98289591,-0.82658294,5.7
216513,1.00376343,-0.79212088,6.8
216527,1.01094692,-0.82583167,6.7
216540,1.01907906,-0.81844752,5.8
216546,1.02269887,-0.70436296,5.6
216548,1.02374454,-0.81012735,6.9
216568,1.03423855,-0.69878101,6.9
216590,1.04430707,-0.76649591,6.7
216625,1.06314521,-0.83535201,6.7
216655,1.07956803,-0.74904097,6.4
216667,1.0845721,-0.80049512,6.4
216682,1.09450965,-0.73292591,4.9
216694,1.10185872,-0.77437229,6.7
216705,1.10651344,-0.70438139,6.4
216710,1.10829295,-0.73817818,3.8
216711,1.10898744,-0.80516271,6.8
216749,1.13131086,-0.77262492,5.1
216790,1.15767166,-0.77075117,6.2
216803,1.16339212,-0.70736682,6.8
216809,1.16543757,-0.81938738,6.2
216821,1.17005775,-0.73234127,6.4
216832,1.17518873,-0.81184645,6.2
216850,1.18174389,-0.78458998,5.2
216899,1.21003895,-0.73082046,6.6
216926,1.22417983,-0.73066231,4.5
216939,1.22945029,-0.8248492,6.6
216961,1.23803236,-0.71671495,6.2
216967,1.23841859,-0.84346682,6.8
216987,1.24861349,-0.85950261,6.5
217004,1.25909369,-0.76759178,6.6
217032,1.26654435,-0.72118367,6.0
217138,1.32223206,-0.74173337,6.9
217140,1.32126108,-0.85785512,5.4
217153,1.32601397,-0.72858867,6.3
217164,1.3306676,-0.86529686,4.9
217198,1.3460793,-0.71931549,6.6
217208,1.35282536,-0.70789202,6.9
217325,1.41775706,-0.77188485,5.9
217340,1.42719165,-0.71460126,5.9
217341,1.42726707,-0.78298166,6.9
217365,1.4391929,-0.82164206,6.5
217368,1.44058626,-0.82166034,5.5
217382,1.44688297,-0.80154513,5.8
217422,1.46627634,-0.82578392,6.0
217450,1.47797135,-0.71047937,5.8
217497,1.49961126,-0.79993583,6.3
217521,1.51169722,-0.81327025,5.1
217537,1.51621821,-0.72589121,6.9
217543,1.51829799,-0.70951828,6.5
217559,1.52527952,-0.78322101,6.3
217583,1.53555966,-0.71742423,6.6
217598,1.54094262,-0.83698103,6.6
217599,1.54191753,-0.7491198,6.3
217612,1.54761835,-0.86615406,6.2
217634,1.55733446,-0.76809734,6.7
217648,1.56480636,-0.76854541,5.7
217650,1.56707412,-0.74726752,4.0
217668,1.57450042,-0.74823094,6.6
217702,1.59031711,-0.78603754,6.2
217703,1.59047426,-0.78883287,6.8
217706,1.59117166,-0.78677571,5.8
217708,1.59166341,-0.8457645,6.4
217719,1.59984697,-0.71942559,6.9
217720,1.59996012,-0.7382495,6.3
217724,1.60147871,-0.78699461,6.4
217725,1.60132548,-0.80644097,6.8
217729,1.6047656,-0.78067002,6.8
217730,1.60518942,-0.73572464,5.5
217735,1.60821713,-0.7741596,6.3
217747,1.61175862,-0.86503123,6.4
217753,1.61518129,-0.70430512,5.6
217758,1.61732935,-0.79032004,6.2
217861,1.65850887,-0.85069316,6.4
217867,1.66003727,-0.85703215,6.6
217889,1.66849324,-0.80217044,6.9
217893,1.67079969,-0.79638671,6.7
217907,1.67728156,-0.74783276,6.8
217910,1.67875134,-0.70308878,6.3
217921,1.68325022,-0.71515336,6.7
217922,1.68305241,-0.84084979,5.9
217951,1.69604741,-0.71688439,6.4
217981,1.70465821,-0.7059547,6.7
217986,1.70604407,-0.71412774,6.1
217987,1.70638121,-0.76301315,6.7
218012,1.71461742,-0.84725879,6.9
218060,1.73160776,-0.72530594,6.3
218064,1.73368812,-0.7583746,6.9
218071,1.7355597,-0.75391102,3.2
218093,1.73934052,-0.8416046,5.0
218123,1.74877606,-0.8311462,6.6
218124,1.74891779,-0.83207874,6.5
218126,1.75071541,-0.70423473,6.1
218186,1.77475165,-0.83435155,6.9
218197,1.77751705,-0.84759181,6.8
218227,1.78706415,-0.72307992,6.8
218228,1.78688896,-0.7952951,6.9
218235,1.78856949,-0.81357709,5.0
218236,1.78880351,-0.79325113,6.4
218261,1.79570876,-0.84286521,6.2
218272,1.80057554,-0.74184241,6.5
218278,1.80111136,-0.76752134,6.5
218296,1.80836029,-0.73941591,6.0
218324,1.81630845,-0.85034313,4.9
218350,1.82391459,-0.8045246,6.8
218360,1.82690805,-0.79880113,6.2
218374,1.83192994,-0.71560948,6.9
218381,1.83430199,-0.85757179,6.5
218388,1.84035727,-0.71378406,6.9
218396,1.8424561,-0.75754571,6.4
218421,1.849852,-0.76110449,5.8
218423,1.84996429,-0.76116698,6.9
218424,1.85025248,-0.73892674,5.3
218427,1.84959369,-0.86540037,5.1
218440,1.85679514,-0.70929861,6.5
218453,1.86030769,-0.76115413,6.6
218465,1.86365356,-0.71372224,5.9
218484,1.87172389,-0.79117763,6.9
218513,1.87967539,-0.85402291,5.1
218514,1.87968157,-0.85402194,5.1
218525,1.88610315,-0.70683895,5.4
218537,1.88740087,-0.81610612,4.5
218546,1.89029157,-0.78859255,5.0
218549,1.89167155,-0.77910897,3.1
218567,1.89645811,-0.84250063,4.9
218568,1.89783743,-0.72301879,6.1
218570,1.89702018,-0.81768385,5.8
218589,1.90353688,-0.81636724,5.5
218611,1.90892064,-0.81993988,6.8
218618,1.91143929,-0.76770998,6.0
218637,1.91687781,-0.80696025,6.9
218755,1.96014125,-0.75575307,3.3
218764,1.96484069,-0.71539558,6.6
218792,1.97755513,-0.75200037,6.4
218801,1.98024155,-0.75248188,6.5
218817,1.98412811,-0.78001663,6.4
218818,1.98466662,-0.77311657,6.9
218841,1.9928693,-0.85224364,5.9
218852,1.99972735,-0.84825164,5.6
218905,2.01307716,-0.77897894,6.4
218923,2.02001477,-0.78842151,5.2
218928,2.02071988,-0.87253843,6.6
218932,2.02326908,-0.7144356,5.1
218935,2.02371829,-0.70352603,6.7
218949,2.0275047,-0.8204515,6.9
218955,2.03025949,-0.76362218,6.1
219000,2.03996374,-0.81347246,5.3
219006,2.0426554,-0.70951721,6.0
219018,2.04350792,-0.82166019,4.6
219029,2.04745673,-0.71036753,6.6
219034,2.04733434,-0.81782047,6.0
219035,2.04743971,-0.80936619,4.3
219040,2.04844938,-0.78106723,6.3
219059,2.05384354,-0.77806337,6.4
219069,2.05661418,-0.75215953,6.4
219071,2.05615545,-0.82408285,6.6
219076,2.05805218,-0.74854209,6.2
219082,2.06043696,-0.70818291,3.8
219106,2.06412324,-0.86591074,4.8
219111,2.06517684,-0.83955626,4.3
219122,2.06837733,-0.72785301,6.9
219157,2.07596035,-0.76523947,6.0
219158,2.07620877,-0.80249691,6.7
219169,2.07871056,-0.71098309,6.3
219186,2.08115205,-0.74012762,6.0
219189,2.08114973,-0.75922361,5.4
219194,2.08124252,-0.85984329,6.9
219197,2.08265245,-0.76986115,5.1
219200,2.08275659,-0.83584434,6.1
219210,2.08530106,-0.71183341,6.5
219218,2.08507257,-0.79548331,5.2
219226,2.08671384,-0.85948647,4.1
219240,2.09015919,-0.78916909,6.0
219243,2.09016726,-0.82276862,6.7
219244,2.09008407,-0.84432329,6.9
219249,2.09092582,-0.87225874,6.4
219250,2.09100844,-0.87220594,6.6
219265,2.09336179,-0.8256042,6.7
219280,2.09582322,-0.7933748,6.5
219283,2.09547517,-0.85488442,6.1
219292,2.09649321,-0.85296762,6.2
219321,2.10248136,-0.77841641,6.6
219333,2.10511353,-0.77959014,6.6
219339,2.10637875,-0.72099532,5.5
219345,2.10610015,-0.87180874,6.5
219347,2.10716189,-0.84343317,6.7
219355,2.10963117,-0.74959603,6.3
219360,2.10965037,-0.86392038,6.6
219400,2.1176935,-0.8199377,6.3
219406,2.11934422,-0.78838559,6.9
219422,2.12351025,-0.79004568,5.0
219427,2.12357926,-0.84644227,6.5
219438,2.12534793,-0.83417498,6.9
219444,2.1263291,-0.8445003,6.9
219451,2.12799393,-0.85540119,6.7
219493,2.13436031,-0.84970414,5.9
219501,2.13579518,-0.82633845,4.8
219502,2.13627871,-0.77009342,5.2
219504,2.13599139,-0.82618088,1.9
219507,2.13713313,-0.74421867,6.7
219513,2.13680311,-0.83667603,5.4
219515,2.13680653,-0.83666508,5.4
219538,2.13951863,-0.85936144,6.7
219552,2.14292427,-0.71136614,6.7
219565,2.14319938,-0.84582219,5.9
219569,2.14427741,-0.75026915,4.9
219577,2.14637908,-0.72935225,6.5
219586,2.14717648,-0.7574886,6.4
219602,2.14900187,-0.80746116,6.1
219629,2.15375411,-0.82016338,5.3
219631,2.15443617,-0.81295478,6.5
219635,2.15569303,-0.70420448,4.4
219640,2.15586683,-0.77797765,6.6
219651,2.15763434,-0.71254453,6.8
219657,2.15721721,-0.79996231,6.0
219674,2.15919307,-0.81132585,6.6
219696,2.16369464,-0.80830173,6.8
219740,2.17001302,-0.83636372,6.9
219785,2.17771007,-0.84121239,6.6
219848,2.19268594,-0.84631617,4.9
219890,2.20327209,-0.74646758,6.2
219910,2.20725471,-0.73571412,5.3
219977,2.22034955,-0.74329016,6.6
219981,2.22128447,-0.76652219,6.7
219982,2.22149034,-0.77074322,5.9
219985,2.2212721,-0.83652012,5.5
219995,2.22291722,-0.78058862,6.7
219996,2.22293533,-0.78060016,5.2
220007,2.22424491,-0.80864561,6.1
220025,2.22814383,-0.78081027,6.5
220026,2.2286787,-0.72457407,6.6
220039,2.23044039,-0.83543239,6.5
220051,2.23255617,-0.82450348,6.8
220080,2.23697221,-0.82103342,6.5
220085,2.23794371,-0.83087786,6.7
220086,2.23850614,-0.79853792,6.6
220098,2.24044549,-0.72634412,6.8
220103,2.24059406,-0.81979909,6.3
220113,2.24304989,-0.72743767,6.9
220138,2.24593179,-0.87169064,4.9
220204,2.25864898,-0.75030211,4.1
220252,2.27032865,-0.70274233,5.2
220261,2.2714973,-0.78873703,5.7
220265,2.2716631,-0.81417462,4.1
220276,2.27282338,-0.84168615,6.8
220282,2.27367634,-0.85385948,6.1
220284,2.27424117,-0.8258388,4.9
220293,2.27583386,-0.78525238,6.6
220300,2.27742814,-0.79256832,5.2
220313,2.27881772,-0.83949028,5.5
220325,2.28110301,-0.81694698,6.8
220339,2.28251025,-0.79521268,6.9
220361,2.28496462,-0.86957278,5.2
220371,2.2881265,-0.74436974,4.1
220387,2.29008585,-0.77741672,6.7
220422,2.29523276,-0.80357809,4.1
220432,2.29683606,-0.71777504,6.1
220436,2.29651899,-0.82990687,6.8
220442,2.29733406,-0.80132977,5.5
220452,2.29987162,-0.78671346,6.8
220464,2.30084465,-0.8055684,5.8
220481,2.30241748,-0.72845054,6.5
220495,2.30447813,-0.74113429,6.2
220498,2.30389257,-0.86525207,6.8
220531,2.31104646,-0.70372441,5.4
220540,2.31167318,-0.79077097,5.0
220552,2.31408522,-0.73460937,6.1
220561,2.31499483,-0.81208871,4.9
220581,2.31895113,-0.74184027,6.3
220591,2.32055756,-0.77059001,6.7
220592,2.32097382,-0.71535466,6.6
220609,2.32409832,-0.84402755,6.1
220612,2.32475478,-0.82718319,6.8
220628,2.32934107,-0.70594045,6.5
220636,2.32933729,-0.82939694,5.3
220642,2.33094227,-0.75919209,6.8
220664,2.33578148,-0.78612446,6.3
220703,2.34716016,-0.84776275,5.9
220717,2.3512715,-0.82440104,5.2
220730,2.35659017,-0.72001575,4.4
220738,2.35780819,-0.75351735,6.1
220760,2.36207087,-0.73067196,5.5
220767,2.36541652,-0.70781624,6.8
220785,2.37003793,-0.86736968,6.9
220802,2.37406375,-0.82801072,6.5
220803,2.37432243,-0.82201197,3.7
220878,2.39108653,-0.75804119,2.2
220910,2.39874336,-0.8626235,6.4
220912,2.39930354,-0.82862304,6.9
220928,2.40451124,-0.78309331,5.0
220937,2.40660883,-0.81304054,5.9
220952,2.41077814,-0.76120072,5.7
220962,2.4142717,-0.73781259,6.1
220964,2.41519258,-0.85685985,6.5
220965,2.41542733,-0.82621589,5.9
220972,2.41786766,-0.77049533,5.9
220978,2.41906089,-0.75446278,5.1
220987,2.42047162,-0.75861201,6.8
220998,2.42270812,-0.79509652,6.3
221010,2.42631273,-0.78362709,6.0
221014,2.42768478,-0.77258468,5.0
221077,2.44456676,-0.78841598,6.6
221103,2.45152597,-0.73644245,5.8
221109,2.45393373,-0.80368461,6.0
221126,2.45840323,-0.8427746,6.6
221131,2.45943922,-0.81871354,6.6
221146,2.46586218,-0.7675402,6.5
221166,2.47140411,-0.73743472,6.8
221167,2.47171551,-0.70689044,6.4
221214,2.48437562,-0.75381018,6.9
221233,2.48949721,-0.79535304,6.7
221234,2.49014953,-0.70627735,3.6
221246,2.49283014,-0.83693187,6.8
221262,2.49722408,-0.7094666,5.4
221288,2.5034189,-0.85529991,5.4
221339,2.51511421,-0.85087409,6.5
221344,2.51689059,-0.86141036,4.5
221355,2.5221076,-0.75382414,5.5
221446,2.55088771,-0.84733607,6.9
221480,2.55755763,-0.80142218,6.9
221484,2.5591176,-0.78112167,5.7
221496,2.56446594,-0.87168501,6.9
221512,2.57065059,-0.75892617,6.7
221523,2.57415135,-0.79818876,5.3
221538,2.57741272,-0.81916015,6.0
221547,2.58016583,-0.80623647,5.7
221553,2.58168928,-0.81241392,4.6
221592,2.59309327,-0.7903533,5.9
221593,2.59347295,-0.81397337,6.7
221617,2.60093997,-0.71253076,6.3
221644,2.60799554,-0.84499156,6.4
221668,2.61551944,-0.784626,6.9
221728,2.63257538,-0.81395335,6.3
221749,2.63694692,-0.84553634,6.8
221760,2.64074192,-0.73604554,6.6
221773,2.64499878,-0.82676382,5.2
221792,2.65113826,-0.84230365,6.7
221809,2.65767314,-0.84311426,6.8
221826,2.66267009,-0.83800913,6.8
221832,2.66438168,-0.72806371,6.1
221877,2.67805524,-0.70416928,6.0
221883,2.67883278,-0.70355153,6.3
221895,2.68229326,-0.73516972,4.1
221898,2.68271629,-0.72826083,6.7
221899,2.6829554,-0.73972789,6.8
221904,2.68349485,-0.7761101,6.6
221910,2.68573134,-0.75245711,5.8
221934,2.69364037,-0.81743485,6.7
221948,2.69858693,-0.72725184,6.3
221961,2.70465864,-0.83708318,6.9
221970,2.70647254,-0.83250906,5.6
221977,2.70877492,-0.83017657,6.4
221998,2.71541205,-0.72693143,5.0
222016,2.72129177,-0.73222259,6.4
222040,2.72755874,-0.87453494,6.9
222041,2.72832654,-0.74120584,6.3
222047,2.73213245,-0.74593399,6.3
222057,2.73463663,-0.83182751,6.6
222081,2.74030844,-0.86228743,6.0
222084,2.74325194,-0.76513033,6.8
222109,2.75306484,-0.77435362,6.9
222125,2.75737035,-0.78661136,6.5
222126,2.75744052,-0.78656346,6.2
222129,2.7600647,-0.77874439,6.0
222136,2.76176283,-0.82036457,5.1
222170,2.77147711,-0.76209545,6.2
222199,2.78074961,-0.8416987,4.1
222222,2.78745459,-0.74619225,6.2
222239,2.79241183,-0.86009418,6.9
222274,2.80569633,-0.85620738,6.9
222303,2.81733579,-0.828337,6.7
222305,2.81804301,-0.71512937,6.8
222318,2.82140575,-0.75385764,6.6
222321,2.82206606,-0.86254312,2.8
222347,2.83045274,-0.83339583,6.6
222360,2.83367127,-0.73946163,6.7
222385,2.8443993,-0.85796343,6.7
222422,2.85805054,-0.73742047,6.3
222423,2.85994909,-0.75084651,6.7
222454,2.86946899,-0.80068254,6.8
222485,2.87975174,-0.76457828,5.9
222487,2.88046711,-0.73698229,4.6
222499,2.88351409,-0.70682,6.7
222508,2.88952413,-0.71757763,6.6
222538,2.89951752,-0.83215166,5.9
222548,2.90191633,-0.86206088,6.4
222581,2.91154044,-0.74418469,5.3
222583,2.91281191,-0.84892723,6.5
222635,2.93289178,-0.80750877,6.5
222639,2.93455923,-0.85697232,5.7
222640,2.93471245,-0.81972671,6.9
222643,2.93629096,-0.86806583,6.3
222647,2.93758694,-0.77444142,5.8
222671,2.94480954,-0.76330627,6.4
222682,2.94914392,-0.83637026,6.9
222695,2.95501063,-0.73188734,6.9
222730,2.9692475,-0.79812229,6.9
222751,2.97746575,-0.77921878,6.3
222773,2.98611618,-0.74471745,6.4
222813,3.00451595,-0.74480491,5.3
222856,3.02292015,-0.70574269,5.7
222863,3.02649306,-0.70837344,5.5
222883,3.03228006,-0.85759642,5.6
222887,3.03347285,-0.82680547,5.6
222895,3.03655096,-0.83150457,5.4
222917,3.04370463,-0.83334498,5.5
222960,3.06012941,-0.75216385,5.7
222962,3.06062036,-0.71590584,6.9
222997,3.07705576,-0.85642991,6.3
223009,3.07933443,-0.79744152,5.4
223020,3.08276451,-0.70686576,5.0
223062,3.10295092,-0.78842883,4.7
223064,3.10328326,-0.76677783,6.9
223127,3.12733077,-0.82157055,6.4
223130,3.12998803,-0.86150358,6.7
223138,3.13400411,-0.83736665,6.9
223139,3.13434248,-0.7146637,6.8
223151,3.13800986,-0.79992216,6.6
223155,3.13979816,-0.81389876,6.7
223191,3.15516186,-0.84116424,6.8
223193,3.15756111,-0.74061646,5.3
223206,3.16487084,-0.87738618,6.8
223235,3.17756818,-0.84984862,5.6
223241,3.18041118,-0.77363775,5.9
223242,3.18046157,-0.71962577,5.6
223266,3.18980119,-0.79277485,6.5
223269,3.191666,-0.77288556,6.6
223297,3.2028692,-0.79803168,5.3
223309,3.20925885,-0.73152096,6.3
223335,3.21807473,-0.85391615,6.8
223366,3.23370539,-0.74285266,6.9
223379,3.23662016,-0.87176995,6.5
223411,3.24786844,-0.82681303,6.7
223417,3.24956643,-0.72229123,6.2
223426,3.25128325,-0.74201771,6.3
223443,3.25854295,-0.85369716,6.2
223454,3.26394162,-0.8766926,4.2
223471,3.27234029,-0.72843188,5.9
223472,3.27251075,-0.74926345,6.9
223511,3.28767031,-0.72281473,6.8
223516,3.2898847,-0.87108491,6.5
223527,3.2930252,-0.77969574,5.9
223542,3.29761949,-0.71597091,5.2
223560,3.30610172,-0.84720434,4.0
223595,3.32119271,-0.76971017,6.7
223601,3.32215933,-0.80539314,5.8
223603,3.32274372,-0.85450695,2.4
223614,3.32742695,-0.85194975,4.6
223644,3.33965153,-0.84073402,6.5
223698,3.36118133,-0.84578117,6.4
223720,3.36886972,-0.8394004,6.4
223731,3.37334722,-0.85421955,4.4
223753,3.38146598,-0.77059879,6.0
223756,3.3820903,-0.7381186,6.8
223760,3.38298842,-0.74902235,5.5
223774,3.3888008,-0.83227761,6.9
223870,3.41889413,-0.86441533,5.0
223881,3.4243437,-0.7190198,6.2
223885,3.42570768,-0.82234101,6.5
223900,3.43078622,-0.84584721,5.0
223905,3.43212227,-0.72585805,5.7
223909,3.43354377,-0.87102702,4.4
223937,3.44465599,-0.8469074,6.9
223960,3.45203182,-0.73710456,5.8
223966,3.45307444,-0.75692792,5.3
223980,3.45945151,-0.7452504,6.1
223989,3.46429589,-0.75291579,6.1
224000,3.46761296,-0.85445691,6.0
224032,3.47857908,-0.76758485,5.9
224043,3.48081645,-0.83061451,6.7
224047,3.48229787,-0.76891639,6.8
224066,3.49054062,-0.71892017,6.7
224080,3.49485217,-0.81821927,5.8
224083,3.49692373,-0.7615558,6.7
224095,3.50321978,-0.83676505,6.3
224096,3.50393631,-0.84758182,6.5
224104,3.50754973,-0.86957782,6.4
224106,3.50759329,-0.83584962,6.9
224138,3.51805443,-0.85149131,6.8
224148,3.52092128,-0.72427828,5.8
224149,3.52166144,-0.85772039,6.3
224151,3.52271438,-0.86185997,6.3
224175,3.53111989,-0.79477427,6.8
224214,3.54031072,-0.74114927,6.6
224243,3.54950119,-0.75787708,6.7
224254,3.55384968,-0.84251115,6.4
224275,3.56527147,-0.77044413,6.0
224283,3.5665556,-0.81032762,6.0
224317,3.57790191,-0.87179458,5.6
224322,3.58066979,-0.77370945,6.8
224333,3.5832736,-0.80335644,6.7
224338,3.5849385,-0.79401534,6.9
224359,3.59064951,-0.72258614,6.0
224365,3.59392076,-0.73421813,6.1
224394,3.601729,-0.85158018,6.9
224469,3.6193993,-0.72758811,3.5
224471,3.61988668,-0.7413078,3.3
224489,3.62935415,-0.81854381,5.9
224514,3.63878794,-0.82253935,5.9
224538,3.64572977,-0.82533692,3.1
224548,3.64658716,-0.73296106,6.7
224555,3.64915767,-0.81319263,5.9
224577,3.65764746,-0.73479714,4.0
224585,3.65942988,-0.78196951,4.2
224606,3.66655657,-0.80507884,6.8
224618,3.67018256,-0.77139476,6.9
224621,3.672713,-0.79593093,4.4
224641,3.68027798,-0.72297491,6.4
224673,3.69157564,-0.71871994,4.5
224676,3.6921644,-0.75209481,6.3
224702,3.69874015,-0.87035163,6.6
224703,3.69869252,-0.85005369,6.8
224721,3.70387018,-0.75871445,6.4
224747,3.71336513,-0.85141708,6.7
224766,3.72145248,-0.72680586,6.8
224791,3.72937635,-0.73020402,5.8
224794,3.73075218,-0.71384999,6.9
224798,3.7334594,-0.78541242,6.4
224833,3.74985619,-0.80386166,4.1
224838,3.75316555,-0.7515188,5.7
224843,3.75555192,-0.78866644,5.0
224870,3.76399655,-0.8433461,6.3
224881,3.76664662,-0.82757943,6.6
224903,3.77287003,-0.77337789,6.6
224906,3.77388879,-0.81208022,6.6
224919,3.77923677,-0.78926256,4.6
224920,3.77942439,-0.79202014,4.5
224923,3.7796094,-0.73860656,6.4
224929,3.78388887,-0.80519825,5.9
224950,3.79114624,-0.83761536,6.5
224969,3.7967153,-0.79101294,5.5
224972,3.79761145,-0.8642725,5.5
224982,3.8001989,-0.71287867,6.3
224987,3.8012709,-0.70487333,6.8
225027,3.81412532,-0.73477993,6.8
225044,3.8201206,-0.73579251,2.6
225046,3.82019877,-0.72461436,5.8
225049,3.82155606,-0.81709329,6.7
225054,3.82365031,-0.8071342,5.4
225062,3.82809901,-0.80518758,5.4
225070,3.82929274,-0.75243461,6.6
225071,3.83050247,-0.86263965,4.1
225073,3.8306285,-0.83817425,6.7
225078,3.83226045,-0.87093883,6.6
225079,3.83197015,-0.80062185,6.8
225088,3.83452727,-0.75051112,6.7
225089,3.83616105,-0.81304859,6.2
225091,3.83715814,-0.85618009,6.5
225104,3.84114265,-0.79926243,6.7
225106,3.84100084,-0.71283052,6.8
225128,3.84814542,-0.82707953,2.9
225133,3.8491255,-0.74680985,6.8
225174,3.8657342,-0.78308943,6.9
225178,3.86802305,-0.82800441,5.9
225183,3.8726001,-0.76022009,6.3
225234,3.88761677,-0.74739566,6.9
225248,3.89051184,-0.76053449,4.5
225306,3.91186128,-0.83564896,5.8
225327,3.91889409,-0.85281873,6.5
225328,3.9189018,-0.85281286,6.5
225335,3.92058473,-0.75283061,2.8
225344,3.92333275,-0.73485779,3.4
225351,3.92460139,-0.75328328,6.2
225355,3.92590653,-0.76465071,6.7
225399,3.93987629,-0.83675099,6.7
225422,3.94756214,-0.71316621,6.4
225426,3.94932987,-0.82119676,4.0
225435,3.95020006,-0.71675921,5.3
225439,3.95335496,-0.8531676,6.7
225456,3.95941678,-0.85675401,5.8
225474,3.96277436,-0.70833073,6.0
225479,3.96474389,-0.74818382,6.0
225483,3.96557648,-0.79028193,4.4
225517,3.97752253,-0.79024106,6.4
225525,3.97906432,-0.85063537,4.1
225526,3.97917856,-0.85073776,6.0
225533,3.98162857,-0.84157333,6.3
225539,3.98294804,-0.77668204,4.9
225567,3.99030016,-0.75724751,6.9
225590,3.99635158,-0.83905293,6.2
225600,3.997098,-0.72415824,5.2
225602,3.9975659,-0.75895104,6.3
225604,3.99886973,-0.77674434,6.5
225613,4.00057121,-0.83538546,6.6
225614,4.00078726,-0.80638424,6.6
225631,4.00621124,-0.71664606,6.3
225638,4.0078565,-0.83557851,4.4
225647,4.0096331,-0.71189013,5.8
225691,4.02024449,-0.70943586,3.4
225695,4.02119089,-0.71121648,6.2
225697,4.02212617,-0.84330198,5.7
225703,4.02358876,-0.83649961,5.1
225712,4.02595557,-0.77997756,3.7
225721,4.02915003,-0.80530743,6.6
225754,4.03687849,-0.82409977,6.6
225811,4.04856478,-0.70964108,6.8
225825,4.05529164,-0.81564171,5.0
225898,4.07275112,-0.70669894,6.5
225938,4.08032206,-0.71849644,3.0
225948,4.08389483,-0.86408027,6.4
225950,4.08357507,-0.78467526,4.8
225957,4.08495104,-0.7748685,5.5
226004,4.09303359,-0.74294007,4.3
226059,4.10576613,-0.83314174,6.3
226064,4.10670912,-0.77948392,4.7
226089,4.11294939,-0.86375904,6.1
226132,4.12061888,-0.72988821,6.6
226202,4.13364311,-0.7160492,6.9
226206,4.13391225,-0.70151924,6.5
226254,4.1449724,-0.85367636,6.0
226263,4.14634525,-0.79241245,6.2
226295,4.15180857,-0.82136397,6.1
226308,4.15484951,-0.79035597,6.7
226361,4.16811816,-0.74360257,6.8
226392,4.17597454,-0.84058727,6.5
226425,4.18662992,-0.7285763,5.1
226431,4.18864832,-0.70952308,6.3
226442,4.1926972,-0.70573033,6.5
226466,4.20280985,-0.85922268,4.7
226500,4.21711079,-0.78842166,4.8
226514,4.22116301,-0.84513109,6.9
226562,4.2381559,-0.7912121,6.7
226564,4.23806114,-0.71767653,6.2
226600,4.25535481,-0.82680023,5.4
226603,4.25598225,-0.74873922,6.2
226612,4.25925947,-0.75267629,6.9
226619,4.26303106,-0.87385509,5.0
226650,4.27298023,-0.74479972,5.6
226678,4.2823869,-0.84105162,6.7
226693,4.2868196,-0.86519932,5.5
226696,4.28688389,-0.76641063,6.0
226730,4.29745055,-0.79149082,6.5
226773,4.30740591,-0.8299923,4.8
226813,4.31840097,-0.80709901,5.5
226855,4.32708348,-0.72984506,5.5
226891,4.33659763,-0.83969623,6.9
226900,4.3375012,-0.76873614,5.1
226926,4.34207993,-0.78967165,6.4
226953,4.34750819,-0.7480311,5.6
226978,4.35457896,-0.805551,6.6
226989,4.35650304,-0.75744865,6.1
227049,4.36916511,-0.85107437,5.6
227058,4.37061584,-0.8665775,5.9
227092,4.37666035,-0.80408434,6.3
227118,4.3797213,-0.71765898,6.3
227123,4.38033282,-0.71755828,6.2
227146,4.38386493,-0.71278868,5.7
227172,4.38996209,-0.81214194,6.7
227233,4.39861769,-0.80188769,6.9
227313,4.41377238,-0.71960904,5.4
227328,4.41707324,-0.73049636,6.6
227331,4.41797644,-0.75035922,6.8
227332,4.41767305,-0.71074791,6.6
227359,4.42313382,-0.75137821,5.7
227374,4.42432537,-0.73294603,6.2
227375,4.42439067,-0.73935807,4.9
227377,4.42454041,-0.72966001,5.3
227382,4.42512989,-0.72999007,6.8
227383,4.42526574,-0.7304233,6.0
227386,4.42670178,-0.86761825,6.5
227390,4.42583668,-0.72989742,6.7
227392,4.4263666,-0.7413956,5.8
227402,4.42695638,-0.73934717,3.8
227425,4.42865488,-0.71822296,6.0
227430,4.42900809,-0.73462275,6.5
227442,4.43153911,-0.78719115,6.5
227444,4.43132938,-0.75600236,6.8
227473,4.43575429,-0.71250691,6.4
227518,4.44662282,-0.85302574,6.9
227541,4.4516277,-0.78519236,6.6
227542,4.45256109,-0.84906331,6.1
227547,4.45293895,-0.79328182,6.5
227572,4.46280799,-0.78284756,6.8
227579,4.46465098,-0.84362695,6.8
227588,4.46671404,-0.82309505,6.3
227601,4.47279389,-0.79415346,6.4
227615,4.47593774,-0.76977921,6.4
227648,4.48610428,-0.85318132,6.9
227688,4.49730231,-0.77767629,5.1
227699,4.50141562,-0.85301479,6.0
227707,4.50361939,-0.75466476,3.4
227768,4.52168013,-0.73895558,6.9
227778,4.52516729,-0.78153628,6.8
227813,4.53261912,-0.77021089,6.1
227816,4.5337253,-0.81391549,5.6
227821,4.53527711,-0.77183826,6.9
227825,4.53724403,-0.8473448,6.8
227874,4.54753791,-0.71770334,6.4
227880,4.54996006,-0.7961187,6.8
227886,4.55211518,-0.82847473,5.5
227911,4.55625728,-0.770782,5.1
227920,4.55844447,-0.78553789,6.8
227923,4.55911606,-0.80636965,6.9
227971,4.56777965,-0.80012006,5.8
227990,4.57238412,-0.82076537,6.7
228010,4.57718596,-0.76749293,6.5
228048,4.58395595,-0.75442783,6.9
228069,4.58952929,-0.87050488,3.0
228075,4.58942072,-0.8034868,6.3
228079,4.58999449,-0.80446448,6.9
228110,4.59511718,-0.71861445,6.1
228126,4.60017056,-0.84694904,6.6
228162,4.60618213,-0.81167628,4.6
228201,4.61342568,-0.75045294,2.0
228220,4.61701619,-0.74840649,6.0
228257,4.6268365,-0.86246361,4.8
228279,4.63066401,-0.81894121,6.1
228360,4.64576853,-0.80358944,6.9
228362,4.64610734,-0.83277983,6.8
228363,4.64563094,-0.74576096,6.2
228385,4.65107251,-0.85406136,6.8
228420,4.65821796,-0.70034817,3.1
228465,4.67084673,-0.84273218,6.8
228466,4.66956711,-0.69971248,4.9
228481,4.67252813,-0.73879506,6.7
228489,4.67550159,-0.71161321,6.0
228490,4.6763576,-0.79588095,6.2
228510,4.68131368,-0.73297914,6.4
228557,4.6952561,-0.73866823,6.8
228562,4.69838104,-0.77391661,5.0
228564,4.69899474,-0.7034647,6.5
228569,4.70005714,-0.73265814,6.8
228578,4.70276923,-0.72808465,4.9
228606,4.71100806,-0.72409735,6.6
228612,4.7135718,-0.82996854,6.9
228693,4.73970811,-0.8111536,6.9
228708,4.74219266,-0.75790588,5.0
228734,4.74948115,-0.79878964,6.4
228774,4.76071133,-0.82925994,6.1
228777,4.76138764,-0.80205365,4.6
228778,4.76078914,-0.72185087,5.9
228815,4.77002913,-0.72144978,5.5
228819,4.7725792,-0.80830328,6.9
228823,4.77265665,-0.75405796,6.9
228845,4.77978371,-0.8526264,6.8
228851,4.78167099,-0.77154975,5.5
228854,4.78171913,-0.77155508,5.5
228895,4.79384081,-0.73807182,6.5
228910,4.79977573,-0.8511084,6.8
228939,4.80413636,-0.76402942,6.6
228982,4.81844049,-0.76986784,5.4
228983,4.81952405,-0.86660353,6.6
229021,4.82975568,-0.83979823,5.5
229023,4.83008468,-0.80229819,3.8
229047,4.83819202,-0.85644921,4.1
229056,4.83986077,-0.76525241,6.5
229064,4.84298331,-0.82414995,5.7
229077,4.84738947,-0.83802895,6.7
229078,4.84794361,-0.83470182,6.7
229080,4.84786885,-0.73152838,6.3
229092,4.85095278,-0.80136696,5.0
229094,4.85173825,-0.75935281,5.7
229095,4.85215946,-0.79861511,5.3
229111,4.85857354,-0.73849273,4.7
229150,4.87497447,-0.71215251,6.8
229162,4.88049211,-0.85034254,6.5
229165,4.88359916,-0.83618181,6.0
229172,4.88510582,-0.75373871,5.4
229184,4.89011891,-0.82077957,6.9
229194,4.89351191,-0.83941446,6.4
229208,4.8972608,-0.83359359,6.8
229262,4.91374376,-0.77183036,6.7
229285,4.92069955,-0.70521885,5.3
229299,4.92549986,-0.76236074,5.6
229306,4.92817131,-0.79953344,5.8
229307,4.92873592,-0.75806665,5.6
229334,4.94014747,-0.72796209,6.5
229336,4.94125502,-0.81323869,5.5
229342,4.94382866,-0.84404098,6.5
229343,4.94361624,-0.81307681,6.3
229358,4.95035844,-0.87054473,6.6
229383,4.95796204,-0.7454406,5.4
229384,4.95906698,-0.8550719,6.8
229397,4.96212574,-0.76649751,6.5
229410,4.96929432,-0.84658766,6.5
229446,4.98354573,-0.7314689,6.4
229459,4.98801574,-0.82119933,6.9
229461,4.98777612,-0.73470076,4.9
229472,4.99453731,-0.84480641,6.6
229493,5.00441311,-0.84297973,6.1
229513,5.01061455,-0.7068009,4.7
229531,5.01765899,-0.73116186,5.9
229573,5.03815854,-0.78877397,6.0
229574,5.03967327,-0.85455688,6.9
229584,5.04558121,-0.79353697,5.3
229635,5.06587357,-0.79192521,6.7
229643,5.07087648,-0.73331914,6.5
229646,5.07296499,-0.77595598,4.3
229654,5.07550291,-0.78190246,4.5
229659,5.07841158,-0.70888254,4.1
229660,5.08046721,-0.76311011,6.1
229666,5.08297016,-0.77134516,6.9
229672,5.08735523,-0.8699136,6.6
229677,5.0906499,-0.81295827,6.5
229712,5.10246083,-0.75827163,5.8
229734,5.11483078,-0.77748416,6.7
229741,5.11975006,-0.7901408,5.9
229746,5.12315193,-0.69873631,5.9
229751,5.12784599,-0.83949043,5.0
229800,5.14741222,-0.79025032,6.2
229843,5.16818731,-0.72621904,6.8
229887,5.19335671,-0.8300306,6.0
229903,5.20040275,-0.69593928,5.4
229927,5.21531062,-0.73074134,4.2
229959,5.23038307,-0.73044061,6.8
229973,5.23782515,-0.86134287,6.3
229976,5.23888522,-0.86583826,6.9
229977,5.23791547,-0.75124697,6.1
229981,5.23950038,-0.78737262,6.0
229993,5.24227218,-0.71234251,6.5
230002,5.24732672,-0.78882104,6.8
230031,5.25838673,-0.80454244,6.8
230067,5.27553903,-0.82148522,6.5
230089,5.28512961,-0.7620443,6.7
230100,5.29008598,-0.7466616,6.3
230106,5.29505559,-0.83275879,6.6
230127,5.30687256,-0.72394231,6.8
230144,5.31859397,-0.8327089,6.3
230150,5.32019495,-0.83043294,6.3
230177,5.33398181,-0.73390557,5.6
230184,5.34021286,-0.7404186,5.7
230185,5.34078961,-0.72947437,6.9
230197,5.34855749,-0.71203087,6.1
230276,5.38398535,-0.77695232,5.3
230279,5.38555476,-0.7583139,6.7
230289,5.39218178,-0.77383075,6.5
230300,5.39990748,-0.82539214,3.2
230302,5.40061201,-0.71956226,6.8
230321,5.41455319,-0.73996448,6.5
230323,5.41667842,-0.73537087,6.5
230370,5.44278324,-0.80031098,6.9
230375,5.44675343,-0.77139001,6.5
230379,5.44754886,-0.7677444,5.1
230388,5.45086339,-0.84167732,6.8
230391,5.45190237,-0.8068117,4.9
230458,5.48760584,-0.7701946,6.6
230492,5.50743125,-0.75052474,6.5
230494,5.50780439,-0.75045003,6.9
230523,5.52582259,-0.72232221,5.6
230535,5.53156537,-0.79202188,6.7
230536,5.53224474,-0.85416559,6.8
230552,5.54026548,-0.7716024,6.6
230555,5.54214912,-0.75716286,6.9
230575,5.55113728,-0.70283357,5.8
230582,5.55803446,-0.75275367,6.9
230596,5.56430746,-0.70697174,6.3
230614,5.57578576,-0.85029207,6.7
230622,5.5782986,-0.75632747,6.9
230644,5.58837206,-0.71226232,4.9
230665,5.6040209,-0.81358339,6.5
230667,5.60431237,-0.71570111,5.9
230692,5.61571482,-0.74260036,5.6
230726,5.63783869,-0.71871786,5.4
230737,5.64348723,-0.78275855,5.7
230741,5.64737633,-0.74918496,6.4
230776,5.67104423,-0.74081596,6.9
230778,5.67173313,-0.75279376,6.9
230807,5.68556552,-0.75914899,6.8
230822,5.69551673,-0.86391379,6.5
230846,5.70837174,-0.82560512,5.8
230858,5.71610049,-0.83295698,6.6
230875,5.72624987,-0.72278225,6.9
230903,5.74179806,-0.81903715,6.7
230920,5.75302271,-0.72817027,6.6
230921,5.75339214,-0.76905107,6.6
230992,5.7955121,-0.81962504,2.2
231005,5.8030709,-0.8396285,6.4
231019,5.80956629,-0.76519942,6.7
231028,5.81412858,-0.70167259,6.7
231045,5.82347998,-0.72224536,6.4
231053,5.82758754,-0.77583366,6.2
231055,5.82772549,-0.72163479,4.9
231063,5.8313376,-0.72653485,5.2
231105,5.8587741,-0.80194059,6.6
231111,5.8605243,-0.80159942,5.8
231123,5.8671535,-0.72326759,6.7
231154,5.88730071,-0.75914225,4.0
231161,5.88943059,-0.76356962,4.3
231175,5.89487449,-0.86277675,6.9
231188,5.90005397,-0.75507816,6.9
231192,5.90754136,-0.77998837,6.9
231211,5.9187951,-0.70830173,6.1
231213,5.91948974,-0.84310316,6.7
231214,5.91976238,-0.75871465,6.7
231217,5.92094091,-0.70844921,5.8
231223,5.92449157,-0.69563549,6.8
231257,5.94552715,-0.82398124,6.3
231258,5.94575986,-0.81829238,2.2
231260,5.94598348,-0.77227174,6.3
231265,5.9493972,-0.72281681,4.9
231278,5.95889848,-0.81240655,5.4
231285,5.96087797,-0.85484123,6.8
231287,5.96235838,-0.8671808,6.5
231290,5.96347953,-0.81925013,6.8
231296,5.96533103,-0.72766233,6.8
231341,5.99196541,-0.78797325,6.9
231343,5.99359977,-0.84819758,6.3
231353,6.00073802,-0.84634099,6.7
231360,6.00350851,-0.71728019,6.8
231364,6.00740576,-0.83721946,5.9
231409,6.03423212,-0.83510727,6.7
231415,6.03757043,-0.71237499,6.7
231419,6.03880627,-0.72393547,5.8
231444,6.05140689,-0.75957728,4.4
231445,6.05261968,-0.86579942,6.3
231464,6.06482506,-0.74805723,5.8
231465,6.06573314,-0.70845629,6.0
231468,6.06658777,-0.78970278,4.1
231493,6.07920046,-0.86601352,6.6
231512,6.08673679,-0.71742632,5.8
231532,6.09408565,-0.77648074,5.9
231533,6.09482152,-0.71897898,6.5
231539,6.10064772,-0.71252233,5.5
231542,6.10326848,-0.82789911,6.7
231553,6.10862657,-0.82973054,6.8
231587,6.12504146,-0.75266282,6.1
231622,6.14797923,-0.77663443,6.5
231637,6.15476194,-0.73284863,6.8
231638,6.15476834,-0.73284712,6.8
231642,6.15860211,-0.78266677,5.9
231645,6.16039885,-0.72871845,6.8
231672,6.1734009,-0.74498637,6.9
231675,6.17443421,-0.74377361,4.8
231707,6.18653625,-0.79399183,4.9
231719,6.19359087,-0.81398283,6.6
231726,6.19589725,-0.82599442,6.9
231749,6.20944893,-0.80829882,6.8
231756,6.21345148,-0.78684155,6.3
231769,6.22218569,-0.70131707,6.3
231788,6.23431202,-0.83164081,6.8
231804,6.24213436,-0.82688808,6.6
231806,6.24396841,-0.84926694,6.9
231814,6.24704936,-0.71258312,6.7
231842,6.25981353,-0.70336953,6.0
231874,6.27952921,-0.73717603,6.9
231888,0.00139706,-0.77301636,6.2
231895,0.00469057,-0.85189356,5.7
231901,0.00739103,-0.7007303,6.8
231943,0.03944393,-0.94251038,6.3
231979,0.06215474,-0.96114729,6.7
232008,0.09754558,-0.88998876,6.7
232027,0.10799639,-0.89089003,6.9
232055,0.1253038,-0.88196229,6.4
232091,0.15037262,-0.91408502,5.5
232099,0.15514734,-0.95682198,5.9
232105,0.15715119,-1.04226288,6.9
232114,0.16276133,-0.94935953,6.4
232134,0.17098903,-1.0117344,6.9
232143,0.17645504,-1.0376763,5.8
232152,0.18226837,-0.98613827,5.8
232162,0.18916787,-1.0029202,4.5
232168,0.19633783,-0.93750773,6.3
232203,0.22115438,-0.88988865,5.2
232227,0.24382962,-0.92838232,6.5
232268,0.27065672,-0.99487854,6.0
232306,0.29838498,-0.96422101,4.1
232324,0.30595738,-1.00695535,6.5
232389,0.35477082,-0.86815484,6.9
232390,0.35521545,-0.88901773,6.6
232465,0.41110038,-0.99485973,6.9
232470,0.4156202,-1.01472478,6.1
232477,0.42213566,-1.01701843,6.1
232481,0.42636394,-0.99896892,0.6
232488,0.43250168,-0.98488125,6.9
232490,0.43544263,-0.98078123,5.3
232497,0.44368488,-0.87334118,6.7
232501,0.44719277,-0.93794852,5.6
232519,0.46293746,-0.88691345,5.5
232520,0.46297091,-0.93413124,5.1
232542,0.48391828,-0.87626403,6.0
232572,0.50529122,-0.96118729,6.9
232573,0.50596339,-0.90074571,3.7
232574,0.50681954,-0.86980951,6.5
232581,0.51051586,-0.90349102,6.1
232600,0.524828,-0.96015105,6.6
232620,0.54361974,-0.9578669,6.5
232656,0.56616067,-0.90286546,6.9
232658,0.56909696,-0.88705394,6.3
232696,0.59563804,-0.89905876,3.8
232717,0.61044985,-0.97641815,5.6
232722,0.61252694,-0.99107247,6.9
232736,0.62356513,-0.89172823,6.0
232745,0.62569014,-0.99158036,6.7
232795,0.65562988,-1.00896442,6.8
232818,0.67156183,-0.89175266,6.3
232835,0.68680408,-0.91705092,5.3
232847,0.69425627,-0.92388233,6.9
232857,0.70101709,-0.95207589,5.3
232864,0.70929105,-0.88663094,5.4
232871,0.71636319,-0.91752836,6.3
232933,0.7596779,-0.88789064,6.1
232937,0.76067245,-0.97527893,6.7
232950,0.77498109,-0.96015837,6.8
232958,0.78165654,-0.96980408,6.9
232961,0.7835519,-0.94087961,6.8
232981,0.8011675,-1.04262028,5.2
233023,0.83188683,-1.00897062,6.7
233037,0.84016492,-1.00045128,5.7
233106,0.89275671,-0.89120841,6.6
233133,0.90883868,-1.01023618,6.7
233152,0.92754869,-0.87927535,5.6
233169,0.93686242,-0.94811414,6.9
233209,0.95843527,-0.98148271,6.7
233252,0.97984551,-0.94726043,6.3
233270,0.9918989,-0.8858296,6.6
233321,1.02348602,-0.91962203,6.4
233347,1.04159315,-0.99662567,6.1
233354,1.04834111,-0.89997534,6.4
233431,1.09947918,-0.93220629,6.9
233457,1.117131,-0.89861035,4.4
233463,1.11911399,-1.03501481,4.4
233476,1.12865578,-0.92258313,6.0
233512,1.15843647,-0.92697447,6.9
233550,1.18418059,-1.04312827,6.9
233564,1.19553752,-0.96071717,3.5
233601,1.21356168,-1.01584766,6.6
233605,1.21767768,-0.90185889,6.4
233622,1.2230626,-1.02875854,6.4
233638,1.23382968,-0.88106344,5.3
233647,1.23804749,-0.91216715,6.7
233664,1.24072504,-1.0425334,5.4
233682,1.25277378,-1.032131,6.8
233694,1.26133614,-0.98901918,6.6
233709,1.26937586,-0.93307881,5.6
233710,1.2694597,-0.93304798,6.4
233715,1.27168827,-0.90278663,6.6
233733,1.28667301,-1.02184383,6.1
233757,1.29644511,-1.01350828,6.9
233767,1.30043617,-1.01592174,6.9
233814,1.33086228,-0.94959321,6.1
233822,1.33304132,-1.00308915,4.8
233886,1.36959281,-0.90811188,5.9
233895,1.37727335,-0.91074703,6.3
233926,1.39350745,-0.88324093,5.5
233940,1.4023074,-0.90015982,6.7
233952,1.4066071,-0.97972846,6.2
233964,1.41679,-0.91303089,6.8
233965,1.41707485,-0.91309164,6.3
233981,1.42383917,-1.02822059,5.1
234009,1.44315545,-0.99762899,6.9
234025,1.45549231,-0.99629599,6.8
234026,1.45620644,-0.95822551,6.4
234037,1.46188458,-1.02749676,6.5
234059,1.47606036,-0.88385388,6.6
234128,1.51174769,-0.92884867,6.6
234134,1.51531776,-0.89127745,3.9
234137,1.51502128,-0.94877713,6.0
234154,1.52640773,-0.98029355,4.4
234162,1.52924098,-0.92097073,6.3
234169,1.53103824,-0.90947299,5.0
234179,1.53765987,-0.90853555,6.8
234181,1.53736462,-0.99756271,6.0
234191,1.54539524,-0.87898102,6.5
234199,1.54826514,-0.91865953,5.3
234224,1.5587545,-0.93246033,6.4
234251,1.57437585,-0.89389277,5.8
234298,1.59308207,-0.98144101,6.6
234359,1.61573034,-0.9593833,4.8
234384,1.63055975,-0.90177313,6.9
234387,1.63045146,-0.99340883,6.6
234418,1.64195653,-1.03347335,6.4
234430,1.64872986,-0.92036767,6.1
234434,1.64975073,-0.93477677,6.8
234442,1.65274077,-0.87893361,6.9
234463,1.66607305,-0.89425251,6.8
234465,1.66538365,-0.98371261,6.5
234473,1.67085031,-0.98384336,5.7
234475,1.67389307,-0.91073389,5.9
234480,1.67531122,-0.91971308,-0.9
234482,1.67456335,-1.0217841,6.6
234488,1.67901925,-0.92164516,6.3
234519,1.68889825,-1.01233062,5.7
234539,1.70090335,-0.87683965,5.3
234541,1.69940266,-0.99227117,5.2
234549,1.70134325,-1.04005077,6.7
234551,1.70738725,-0.90453662,5.6
234564,1.71030442,-1.0254539,5.8
234574,1.71668469,-0.91331364,6.1
234589,1.72340639,-0.92459777,4.4
234592,1.726023,-0.877834,6.8
234623,1.73486346,-0.96592945,6.9
234627,1.73827907,-0.92384636,6.5
234665,1.75758808,-0.88054498,6.9
234682,1.76348715,-0.95523703,6.8
234683,1.7637003,-0.95461278,6.6
234693,1.7690421,-0.91108194,6.3
234699,1.77105082,-0.91472677,5.7
234704,1.77452912,-0.9546027,6.4
234705,1.77535044,-0.8947556,5.3
234710,1.77723634,-0.96935834,5.6
234735,1.78868381,-0.88339433,2.8
234737,1.78833227,-0.93588244,4.4
234762,1.80109638,-0.94405005,6.5
234764,1.80098889,-1.03569811,6.4
234774,1.80658187,-0.88334022,6.1
234815,1.82280944,-0.91888565,6.9
234825,1.82650517,-0.98427213,6.4
234826,1.82675119,-0.97266007,6.1
234854,1.83634054,-0.89714345,5.0
234863,1.83732767,-1.02869798,6.0
234883,1.84747116,-0.91499657,6.6
234890,1.84681724,-1.03285376,5.7
234902,1.85138018,-0.9904713,5.3
234907,1.85561166,-0.87895285,6.5
234940,1.86410654,-0.90701072,6.0
234943,1.86514858,-0.91113328,6.5
234944,1.86432507,-1.04224983,6.5
234952,1.86798539,-1.00062092,6.9
235005,1.88462892,-0.98010128,6.6
235017,1.88832713,-1.00340913,6.8
235022,1.89220882,-0.93667143,6.8
235026,1.89354836,-0.88089642,6.9
235040,1.89957396,-0.91629252,6.0
235101,1.9168168,-1.01320542,6.9
235110,1.92141727,-0.91301223,6.4
235114,1.92152279,-0.98253208,6.7
235116,1.92267674,-0.90907331,5.5
235121,1.92348126,-0.89717273,6.6
235155,1.93273296,-0.96999854,6.9
235171,1.9380032,-1.02087459,6.6
235192,1.94763269,-0.89044245,5.1
235206,1.95223527,-0.89713855,6.9
235221,1.95560092,-1.01356297,6.6
235239,1.96346748,-0.91893306,5.9
235247,1.9655754,-0.8832946,6.7
235252,1.96574376,-0.94944122,5.9
235291,1.97856698,-0.8828637,6.8
235310,1.98382326,-0.89840338,6.3
235336,1.98819829,-0.91689112,4.9
235343,1.98979701,-0.9754219,6.4
235349,1.98993838,-0.99999643,6.8
235351,1.9915819,-0.94574573,6.8
235385,2.0011066,-0.98139272,6.8
235391,2.00279368,-0.92979531,6.2
235414,2.01094306,-0.95481727,6.8
235421,2.01496764,-0.98287994,6.8
235428,2.01669821,-0.96304917,6.9
235430,2.01659451,-1.02330249,6.4
235440,2.01973035,-1.01630711,6.2
235442,2.02177799,-0.91042861,6.6
235446,2.02236253,-0.94669548,6.9
235458,2.02548492,-0.88063525,6.8
235490,2.03153394,-0.98999337,6.4
235529,2.04314016,-0.95493634,6.7
235532,2.04343098,-0.98560765,6.2
235539,2.04688557,-0.98454784,5.5
235552,2.05249687,-0.88155936,5.8
235553,2.05038677,-1.04808864,6.7
235579,2.06164938,-0.94888747,5.8
235612,2.07261347,-0.91774852,6.4
235615,2.07208245,-1.00012525,5.5
235630,2.07779578,-0.89602455,6.7
235635,2.0803372,-0.92471398,3.6
235638,2.08062838,-1.03195181,6.0
235646,2.0872234,-0.89794771,6.4
235680,2.09802997,-0.9451195,5.9
235686,2.1004202,-0.95146571,6.0
235690,2.10104932,-0.96787263,6.3
235694,2.10310313,-0.95403663,6.6
235698,2.104236,-0.9693692,6.8
235730,2.1149369,-0.88297618,6.0
235735,2.11650232,-0.92690897,5.4
235749,2.12495625,-0.9065054,6.8
235781,2.13584667,-0.90482891,6.5
235784,2.13610964,-0.97887722,5.8
235786,2.13588056,-1.03919347,6.6
235819,2.15360002,-0.8760879,5.4
235838,2.16153596,-0.88050969,6.4
235839,2.1616998,-0.9086234,6.5
235871,2.17183514,-0.97346956,6.9
235872,2.1726268,-1.03265789,6.4
235888,2.18150354,-0.9065564,6.8
235908,2.18606256,-0.91155391,6.6
235917,2.18689988,-1.01182118,6.1
235932,2.19263081,-1.03863705,1.7
235933,2.19440596,-0.90973581,5.9
235952,2.20208221,-0.96629883,6.8
235957,2.20414446,-0.96819067,6.7
235959,2.20545113,-0.90282362,5.2
235962,2.20573605,-0.90282624,5.2
235968,2.2056738,-1.01461478,6.9
235976,2.20968901,-0.92166891,6.1
236001,2.2141985,-0.96013655,6.4
236002,2.2148626,-0.92657334,5.1
236028,2.22309895,-0.9461793,6.6
236032,2.22357237,-0.96326418,6.4
236055,2.23180858,-0.94935556,6.2
236062,2.23437334,-0.9287277,5.8
236091,2.24346382,-0.92626349,6.9
236093,2.24485368,-0.89174951,6.6
236100,2.24783914,-0.94607351,6.9
236105,2.2482322,-1.01621592,5.4
236106,2.24853647,-1.01245309,4.8
236110,2.25089958,-0.88959393,6.0
236117,2.2522245,-0.98982034,6.9
236142,2.26346958,-0.92660548,6.5
236151,2.26629578,-0.93270032,5.6
236157,2.26875255,-0.92598385,5.4
236164,2.27021114,-0.92366232,3.7
236165,2.2701931,-0.92528999,5.7
236166,2.26887829,-1.03929489,6.8
236179,2.27209907,-1.00435316,6.5
236181,2.27162151,-1.04302985,4.4
236202,2.27902963,-0.92677017,5.7
236205,2.27950574,-0.92701398,5.0
236206,2.27917296,-0.97344508,6.1
236232,2.28945303,-0.95483987,2.0
236241,2.29113094,-1.02494344,6.9
236251,2.29393234,-0.97484871,6.8
236254,2.29497976,-0.95924372,6.5
236268,2.29821153,-0.99081823,4.6
236284,2.30384865,-0.92241485,6.4
236339,2.31958345,-1.00589584,5.7
236340,2.32023809,-0.97406627,6.7
236358,2.32309025,-0.96589992,6.9
236362,2.32425126,-0.90982399,6.6
236368,2.32592903,-0.98872136,6.0
236402,2.33393922,-1.0164798,6.3
236405,2.33524276,-0.95932948,5.7
236417,2.34015121,-0.92020003,4.8
236436,2.34298395,-1.03374712,5.3
236475,2.35358246,-1.03120539,5.2
236495,2.35895669,-0.89981453,6.7
236518,2.36380289,-0.91086053,5.4
236542,2.36966487,-0.93461785,6.5
236568,2.37603256,-0.98334963,6.7
236578,2.37713997,-1.00971496,6.5
236611,2.38484712,-0.97395059,6.2
236618,2.38781935,-0.89381865,6.5
236623,2.38809605,-1.00293207,6.6
236646,2.39151152,-1.01455238,6.9
236660,2.39499658,-0.93537862,6.9
236673,2.39961232,-0.90902289,6.3
236693,2.4040424,-1.02916898,3.6
236704,2.40691754,-0.94312623,6.7
236707,2.40657938,-1.01173978,6.6
236723,2.41259524,-1.03697608,5.6
236749,2.41859059,-0.96987656,5.2
236772,2.42292061,-1.01907201,6.1
236777,2.4241867,-1.00492703,6.3
236787,2.42689661,-1.00428437,4.2
236808,2.4307639,-1.03454944,2.3
236819,2.43344633,-0.95112062,6.3
236824,2.43515799,-0.89100789,5.3
236834,2.43655163,-0.99960266,6.7
236837,2.43780609,-0.89990383,5.9
236847,2.43977984,-0.98375561,6.9
236851,2.44146561,-0.96318928,6.4
236887,2.45145965,-0.96892065,5.7
236891,2.4526856,-0.96011784,2.6
236913,2.45698922,-0.9393459,6.9
236930,2.46087708,-0.90298361,6.1
236952,2.46669209,-0.95057622,6.9
236956,2.467928,-0.92943495,6.9
236972,2.47095563,-0.9316425,5.2
236987,2.47351429,-0.94862082,6.9
236990,2.4730549,-1.03984627,6.6
237039,2.48540558,-1.01750165,6.8
237042,2.48747343,-0.89914389,5.6
237056,2.48879901,-1.01860436,5.8
237067,2.49242435,-0.99543938,3.0
237107,2.50518169,-0.89458266,5.2
237117,2.50648639,-1.03374955,4.2
237144,2.51664414,-0.92404949,6.1
237149,2.51853535,-0.9366947,5.5
237163,2.52223653,-0.94630099,6.9
237193,2.52831166,-0.95562905,6.9
237221,2.53382087,-1.01200352,5.4
237224,2.53525298,-0.99936879,5.8
237237,2.53856751,-0.96366726,6.2
237260,2.54581361,-0.89410454,6.5
237268,2.54688662,-0.94058489,5.7
237314,2.55548797,-0.9980786,6.6
237321,2.55656978,-1.02615218,6.3
237332,2.55883114,-1.0359026,6.8
237370,2.5685463,-0.98457262,6.1
237418,2.57959453,-1.0371733,5.8
237448,2.58745193,-0.96644514,6.7
237464,2.59109901,-0.89268423,6.0
237480,2.59428947,-1.01963778,6.7
237483,2.59554356,-0.8769193,5.9
237497,2.59661069,-1.001533,6.8
237511,2.6015496,-0.93584331,6.8
237514,2.60214214,-0.89598955,6.5
237522,2.60430417,-0.95238632,3.7
237526,2.60569651,-0.91872372,6.1
237586,2.62049457,-0.9939046,6.4
237603,2.6232279,-0.97907066,6.6
237612,2.62529946,-0.93138681,6.5
237621,2.62657421,-1.0009391,6.1
237640,2.63107599,-1.050315,6.0
237675,2.63993907,-0.89559195,6.6
237677,2.63994219,-0.99305943,6.9
237690,2.64468803,-0.91085112,6.8
237722,2.65422342,-1.01576126,6.6
237736,2.65699304,-0.90427637,5.1
237773,2.66854938,-1.02674147,6.2
237776,2.6693627,-1.01334888,6.1
237784,2.67202614,-0.9104207,6.4
237799,2.6748106,-1.04576963,6.4
237804,2.6763758,-0.89418895,5.5
237807,2.67675301,-0.90331304,6.0
237808,2.67634642,-0.98762738,6.4
237832,2.68399561,-0.9695209,6.7
237834,2.68465317,-0.95948264,6.5
237853,2.68803343,-1.04550938,6.4
237858,2.69073295,-0.89369526,6.4
237902,2.69926579,-0.97930473,6.1
237916,2.70357639,-0.96044727,4.6
237921,2.70469929,-0.90003842,6.9
237959,2.70924711,-0.97813725,4.6
237990,2.71474221,-1.0169286,6.5
238021,2.72205055,-1.01148419,6.4
238040,2.72559932,-0.94809514,6.8
238046,2.7270323,-1.0223491,6.2
238067,2.73500199,-0.95779529,5.6
238077,2.73758049,-1.00598815,4.9
238085,2.73963656,-1.0251984,4.1
238086,2.74036793,-0.99829061,6.9
238130,2.75053404,-0.99619224,6.9
238146,2.75484565,-0.93751403,5.1
238168,2.76108375,-1.02392916,6.2
238177,2.76309466,-0.96668028,6.5
238182,2.76382465,-1.01561412,6.3
238222,2.77327371,-1.0045705,4.5
238230,2.77430113,-1.01621335,6.9
238242,2.77655093,-1.03959975,5.3
238260,2.78061304,-0.93995075,6.7
238271,2.781386,-1.02509165,5.6
238278,2.78398269,-0.99931081,6.4
238295,2.78707818,-1.03293865,4.7
238296,2.78708443,-1.03432371,6.7
238304,2.78812283,-1.02654934,6.1
238309,2.78949866,-0.97046182,4.4
238313,2.78992932,-0.97052742,6.6
238321,2.79236012,-0.91253881,6.8
238353,2.79816858,-1.04156043,6.5
238379,2.804204,-1.03351121,5.4
238394,2.80940879,-1.04925423,6.7
238414,2.81165125,-1.04708154,6.6
238468,2.82289139,-0.99060089,5.5
238480,2.82588804,-1.00300034,6.3
238483,2.82628307,-1.04502146,6.7
238493,2.82781802,-1.04578679,6.1
238514,2.83354939,-1.0353918,6.1
238540,2.84393693,-0.99958962,6.6
238543,2.84477651,-0.96235079,6.3
238544,2.84461601,-1.01953336,6.9
238557,2.84713067,-0.99903398,5.6
238570,2.85078815,-1.02788175,6.6
238574,2.85140374,-1.02718478,3.9
238575,2.85168081,-0.98472587,6.5
238589,2.85631008,-0.97073288,6.6
238622,2.86727206,-0.88602595,6.2
238635,2.87021984,-1.0425175,6.3
238639,2.87141881,-0.97361175,6.9
238652,2.87574461,-0.93444492,6.9
238674,2.88041569,-0.90438977,6.3
238679,2.88095733,-1.00462102,6.9
238687,2.88241977,-0.92698044,6.6
238720,2.89597981,-0.89627719,6.9
238729,2.89746043,-0.94593612,6.6
238730,2.89724801,-1.01151362,6.4
238743,2.90141404,-1.04473237,6.6
238763,2.90639136,-0.89382849,6.4
238770,2.90740285,-0.88046077,6.9
238775,2.90796339,-0.88936384,6.3
238779,2.90810316,-1.02407456,6.1
238813,2.91727079,-1.02930846,4.0
238839,2.92740112,-1.02023794,6.3
238855,2.93242803,-1.01968617,6.4
238877,2.93875711,-1.04055531,6.0
238878,2.9393743,-0.9290693,5.9
238882,2.94018929,-0.92251225,6.9
238914,2.94835453,-1.00104775,6.6
238986,2.97145803,-0.95104736,4.3
239003,2.97692513,-1.01903831,6.9
239012,2.97976536,-0.88639198,6.7
239017,2.98073336,-0.99098961,6.0
239033,2.98426598,-1.01020278,6.5
239074,2.9966768,-0.92781655,5.9
239078,2.99766873,-0.98227722,6.7
239099,3.00475106,-0.95789977,6.9
239145,3.01841197,-1.03746307,5.0
239146,3.01859574,-1.03874468,5.3
239189,3.0314642,-0.94708726,4.8
239196,3.03274279,-0.92925281,6.9
239198,3.03276934,-0.9795195,6.9
239272,3.05386346,-0.88115114,6.8
239284,3.0574267,-0.94192792,6.0
239323,3.06982835,-0.91839317,6.8
239373,3.08625706,-1.00699413,5.4
239443,3.10742158,-0.99462455,5.7
239445,3.10800786,-0.89561483,6.8
239475,3.11624989,-1.00199314,6.3
239487,3.11987414,-0.97906639,6.9
239520,3.12886368,-0.90932076,6.7
239533,3.13397407,-0.98292381,5.6
239548,3.13802084,-0.90227845,6.2
239550,3.13893037,-0.99776192,6.9
239589,3.14806397,-1.00362958,6.4
239632,3.16026746,-0.89836135,6.8
239644,3.16233196,-1.03416319,6.5
239686,3.17684874,-0.88598566,6.5
239687,3.17687739,-0.88420639,4.8
239689,3.17806524,-0.88527361,2.9
239710,3.18424305,-0.90379985,6.9
239735,3.1918697,-0.89639112,6.4
239737,3.19243504,-0.91400382,4.2
239757,3.19774317,-1.04117665,6.9
239791,3.20767336,-1.02536062,3.1
239796,3.21108097,-0.94347404,6.7
239820,3.21978755,-1.00968466,6.8
239838,3.22447783,-0.96242948,5.0
239880,3.23740483,-0.98392379,6.0
239900,3.24096174,-0.91269201,6.8
239901,3.24117401,-1.00663964,5.6
239948,3.2573386,-0.89798552,5.0
239960,3.26149059,-1.02960134,5.4
239961,3.26147045,-1.01781901,6.5
239977,3.26619265,-0.98449922,6.2
239999,3.27205122,-0.98654401,5.8
240019,3.27757947,-0.99681358,1.6
240022,3.27807158,-0.9962512,6.7
240027,3.27978637,-1.03714353,5.4
240037,3.28184571,-0.97964114,6.6
240050,3.28647236,-0.90901843,6.7
240086,3.29957346,-0.91486305,6.8
240089,3.3020567,-0.87852442,6.6
240161,3.32460504,-1.04171251,5.0
240165,3.32531066,-0.95575224,6.6
240176,3.32846142,-0.97646188,6.2
240179,3.32987768,-0.98045931,6.3
240183,3.33126406,-1.0280525,6.5
240203,3.33608524,-0.9998475,6.8
240229,3.34269182,-0.95316416,6.7
240235,3.34395056,-0.98592093,4.9
240259,3.3498172,-1.04176444,1.5
240314,3.36396702,-0.92131578,5.9
240338,3.37027224,-0.93950191,6.3
240347,3.37313269,-0.95909983,5.9
240362,3.37881082,-1.01980577,6.4
240366,3.37980239,-0.99794058,4.3
240367,3.37989009,-0.99777371,5.5
240368,3.38005932,-1.03230184,4.8
240385,3.38571891,-0.99197509,5.6
240388,3.38729741,-0.96971817,6.8
240405,3.39018841,-0.9527317,6.7
240407,3.39062081,-0.89358671,5.3
240535,3.42744806,-0.90957819,6.4
240544,3.43070579,-0.97060809,6.9
240566,3.43569263,-1.04476379,6.1
240573,3.43671758,-0.93305219,6.0
240623,3.45064901,-0.92340663,6.6
240627,3.45127159,-0.91746553,6.3
240637,3.45402244,-0.99325568,6.6
240645,3.45701954,-1.04581515,4.8
240653,3.45982501,-1.04399817,6.4
240655,3.46182137,-0.88488377,6.0
240663,3.46533123,-1.02422785,6.0
240666,3.46555412,-1.0315468,5.0
240721,3.48444448,-0.89511029,6.4
240756,3.49319665,-1.04323939,6.4
240762,3.49340849,-0.92062511,5.7
240765,3.49416887,-0.97390492,6.2
240782,3.50056463,-0.910764,6.1
240807,3.50998373,-0.90539037,6.7
240883,3.53176333,-0.8930044,5.3
240885,3.53271301,-0.92079378,6.9
240897,3.53611611,-1.02388635,6.7
241013,3.56975268,-1.01953306,6.4
241018,3.56984867,-0.87876072,6.7
241026,3.57276737,-1.00571253,6.0
241047,3.57743642,-0.93316317,2.6
241076,3.58553729,-0.95225242,5.6
241080,3.58672826,-1.02602894,5.5
241096,3.59072296,-0.99078861,6.3
241098,3.59062551,-0.88646291,6.3
241114,3.59518518,-1.03386479,6.7
241120,3.59653738,-0.89034733,6.5
241152,3.60515487,-0.95440833,6.7
241157,3.60696608,-0.8976735,4.7
241172,3.61046576,-0.87701006,6.1
241173,3.61048568,-0.87702732,6.1
241177,3.61126396,-0.87827067,5.5
241239,3.63063442,-0.92173921,5.7
241262,3.63778016,-0.9315469,6.1
241271,3.64075595,-0.94966676,6.9
241287,3.64333111,-0.96030638,6.9
241294,3.64426035,-0.9103808,5.8
241306,3.64806444,-0.97655719,6.8
241309,3.64918131,-0.94478226,6.4
241313,3.64964818,-0.90819337,6.6
241315,3.65013433,-0.95477291,6.1
241352,3.66208416,-0.8791237,6.1
241371,3.67087488,-0.99883293,6.9
241403,3.6801889,-0.98111459,5.9
241430,3.690371,-0.95416059,6.3
241439,3.6931948,-1.0422316,6.5
241478,3.70419525,-1.03457218,6.4
241491,3.70699679,-0.89893135,6.2
241496,3.70844636,-0.93268829,4.8
241543,3.72310793,-0.93664684,5.5
241552,3.72481464,-0.95339895,6.2
241563,3.73042144,-0.99633691,5.2
241569,3.73218175,-0.93392098,6.3
241580,3.73749293,-1.04569603,5.3
241595,3.7411947,-0.9732894,6.9
241627,3.74841978,-1.03636909,6.7
241641,3.75387423,-0.98413323,4.4
241673,3.76387205,-1.02030843,5.1
241686,3.76701786,-0.88614468,6.0
241691,3.76906659,-0.92810676,5.9
241737,3.7905281,-1.03319778,6.5
241777,3.80720974,-0.99288092,6.3
241781,3.80750369,-0.88064097,4.6
241792,3.81153554,-0.9599035,6.0
241793,3.81135563,-0.91943916,5.9
241811,3.81915521,-1.0474738,6.4
241848,3.82753308,-0.92608469,6.6
241873,3.83532671,-1.03220891,6.7
241898,3.84208709,-0.98507178,6.3
241912,3.84813982,-1.02304316,6.3
241966,3.86121248,-1.02063112,6.1
241971,3.86233517,-0.97043511,6.2
241976,3.86292589,-0.8956095,6.4
241992,3.87036077,-0.91426717,5.2
241995,3.8711637,-0.91115951,6.3
242025,3.88007848,-1.03686132,6.5
242026,3.87949888,-0.98904047,6.3
242045,3.88452623,-1.02933314,6.9
242061,3.88705957,-0.93145929,6.8
242111,3.90767809,-1.04918728,5.2
242120,3.91079365,-0.92170319,5.6
242128,3.91400309,-0.89791896,6.5
242146,3.9240159,-0.90017693,6.9
242174,3.93416005,-0.98193368,6.9
242229,3.95724566,-0.90809723,6.6
242287,3.97614314,-0.96597274,5.6
242304,3.98059628,-0.9093018,3.5
242384,4.00341013,-1.0262758,4.2
242399,4.00888108,-0.94882789,6.9
242421,4.01520383,-1.00178554,6.9
242427,4.01734477,-0.97970198,6.8
242463,4.02899789,-1.03534332,4.5
242466,4.02803694,-0.90296805,6.5
242471,4.03107222,-1.00060841,6.7
242503,4.03866964,-0.89607211,6.8
242504,4.03933875,-0.92603233,6.9
242569,4.05114161,-0.90054781,6.2
242636,4.06139579,-0.9315564,6.6
242780,4.09294349,-0.95159302,6.9
242793,4.09639473,-0.9140776,5.5
242803,4.10126383,-1.04560024,6.1
242810,4.10232194,-0.99334619,6.6
242880,4.11737664,-0.90110879,6.7
242884,4.11925476,-0.95970449,6.3
242892,4.11972738,-0.87642237,6.9
242915,4.12329818,-0.88636197,6.6
242990,4.13689749,-0.88296246,6.7
243001,4.14008992,-0.91521527,6.0
243022,4.14565788,-0.92868111,6.0
243044,4.15001837,-0.96090513,5.8
243078,4.15763113,-0.88340286,6.4
243219,4.18835082,-0.94284533,6.4
243246,4.19361982,-0.9525625,6.4
243262,4.1978433,-0.89221445,6.8
243265,4.19957459,-0.99229701,6.6
243279,4.20420343,-1.00836902,4.9
243283,4.20668768,-1.03281837,6.6
243296,4.20781953,-0.93742177,6.7
243339,4.22108178,-0.98072291,6.3
243345,4.22406207,-1.02923171,6.8
243355,4.2244851,-0.92640239,6.8
243365,4.22871577,-0.97839124,6.5
243368,4.2294054,-1.01114152,5.8
243422,4.24098784,-0.94864366,6.8
243448,4.24673761,-0.93674502,6.0
243449,4.24715503,-0.96937225,6.0
243454,4.24760373,-0.95348316,5.1
243509,4.25785543,-1.01075997,5.9
243526,4.2617401,-0.93917922,5.4
243533,4.26288678,-0.93717515,6.8
243544,4.26448513,-0.92653533,6.4
243641,4.27480192,-0.89072554,6.7
243643,4.27535963,-0.8753805,4.1
243654,4.27789268,-0.96237232,5.9
243836,4.31205212,-1.02276091,5.8
243874,4.31860256,-1.00803062,6.0
243945,4.33539503,-0.92851623,6.7
243988,4.35003238,-0.9596594,6.9
243994,4.35084359,-0.91424288,6.9
244037,4.3622051,-0.9947347,6.8
244045,4.36212431,-0.87636986,6.9
244058,4.36655693,-0.8984666,6.5
244106,4.38366632,-0.92767871,6.0
244122,4.39104129,-1.02108292,5.9
244133,4.39528513,-1.01824918,5.8
244168,4.40601948,-1.03046823,3.7
244245,4.4244426,-1.01071266,6.0
244280,4.43378113,-0.88444565,6.6
244285,4.43522066,-0.91252533,6.2
244313,4.44316649,-0.88385854,5.7
244315,4.44456988,-0.97721218,3.1
244331,4.4487759,-0.92782692,4.1
244338,4.45104091,-0.95289538,5.9
244356,4.4554563,-0.98707033,6.5
244362,4.45839892,-1.02901568,6.3
244370,4.45830758,-0.89240081,6.6
244388,4.46431624,-0.92915953,5.4
244401,4.46983585,-1.00726868,5.9
244489,4.4992829,-1.01273704,6.8
244539,4.51263867,-0.99288673,6.0
244613,4.53439209,-1.04186673,6.0
244631,4.53569621,-0.87376777,6.5
244672,4.54875978,-0.94746396,6.9
244678,4.55058569,-1.01246909,5.9
244685,4.55144701,-0.98655303,5.8
244693,4.55415816,-1.02390381,6.8
244725,4.56098341,-0.96917949,2.8
244726,4.56139073,-0.98397499,3.5
244734,4.5640341,-0.88372308,5.2
244749,4.56812799,-0.90668226,6.5
244755,4.56930187,-0.88366519,6.1
244763,4.57259007,-0.91275411,5.8
244770,4.57557553,-0.96289204,6.0
244808,4.58752769,-0.99345062,6.3
244852,4.59980935,-0.95810349,6.8
244866,4.60584681,-1.04451081,6.4
244870,4.60475867,-0.93118212,6.3
244894,4.61401168,-0.87371119,5.9
244896,4.61680661,-0.95121118,5.3
244954,4.63413285,-0.88157579,6.2
244967,4.6406169,-0.99522601,6.9
244981,4.64320849,-0.9046759,5.3
244989,4.64663406,-1.00435229,6.1
245015,4.65620189,-1.04709346,6.7
245044,4.66278236,-0.9669461,6.3
245065,4.67081007,-0.93571009,5.9
245072,4.67391574,-0.92730303,6.4
245075,4.67499908,-0.93965414,6.5
245086,4.68126503,-0.98008746,6.7
245133,4.70240962,-0.99302946,6.5
245159,4.71220347,-0.91583573,6.9
245201,4.72573137,-0.90145325,6.9
245238,4.73923825,-0.90310748,6.7
245242,4.74132043,-0.87426471,3.9
245273,4.75584928,-1.03044399,6.4
245295,4.76351506,-0.96625325,6.8
245320,4.76883926,-0.8824185,6.8
245354,4.78269695,-0.98874289,6.8
245369,4.78710907,-0.97779289,5.5
245372,4.78663209,-0.89131575,6.3
245386,4.79241487,-0.94827263,6.8
245395,4.79566373,-0.90695007,6.9
245403,4.80121417,-0.98114537,6.8
245510,4.84304309,-1.00397161,5.8
245547,4.85852482,-1.02466884,6.5
245556,4.86257522,-0.94402091,6.9
245559,4.86301206,-0.92313848,6.3
245561,4.8637776,-0.88527366,6.8
245562,4.86462176,-0.91433902,6.9
245584,4.87248578,-0.98133765,6.8
245622,4.8884306,-1.02589809,6.9
245637,4.89282614,-0.88090723,6.6
245681,4.91046276,-0.99277135,6.3
245693,4.91280499,-0.88789868,6.6
245702,4.91739826,-0.87431115,6.6
245772,4.94216034,-0.90944734,5.3
245783,4.94452388,-0.90637033,6.5
245809,4.95568919,-0.98477692,6.9
245834,4.96747903,-0.92395045,5.0
245896,4.99170253,-1.0115924,6.5
245899,4.99145607,-0.89044076,6.0
245921,5.00181802,-0.91352196,5.2
245925,5.00433791,-0.87830514,6.5
245937,5.01288043,-0.97250027,6.5
245976,5.02989942,-0.88115502,6.2
246003,5.04665524,-0.91521672,6.9
246017,5.05341315,-0.93177229,6.4
246028,5.0598132,-0.90011124,6.7
246053,5.07290652,-0.89415259,6.5
246055,5.07389801,-0.94987125,5.2
246065,5.07722519,-0.94154366,6.7
246110,5.09549901,-0.94815307,5.6
246125,5.10455065,-0.96763599,6.2
246131,5.10759835,-0.9618525,6.4
246151,5.11772592,-0.92826606,5.9
246178,5.13105791,-0.9251666,6.7
246188,5.14188251,-1.01199664,6.2
246204,5.15004905,-0.94976663,6.3
246208,5.15177235,-0.94615346,6.9
246226,5.15989475,-0.88430941,6.8
246271,5.18371522,-0.98371362,5.5
246277,5.18763494,-0.92307235,6.3
246293,5.19560891,-1.03311575,5.5
246305,5.1998321,-0.88974621,6.9
246311,5.20381479,-0.95942688,6.1
246312,5.20391573,-0.95952283,6.8
246334,5.21516663,-1.03316457,6.8
246348,5.22273082,-1.01099099,6.4
246349,5.22335121,-1.02802492,5.4
246379,5.23660378,-0.87643812,6.8
246389,5.24359514,-1.0363065,5.1
246443,5.2682173,-0.92294485,4.9
246444,5.26908,-0.96021572,6.3
246453,5.27158396,-0.91765039,6.7
246470,5.28450929,-1.0039816,6.5
246495,5.29845811,-0.91534719,5.7
246517,5.31334969,-0.90612928,6.7
246535,5.32560372,-0.96082576,6.2
246546,5.33060205,-0.87265755,6.4
246574,5.34789936,-0.9902141,2.1
246709,5.4281448,-0.90619308,4.7
246725,5.4386575,-0.88671201,6.6
246762,5.46070639,-0.90073597,5.2
246784,5.47514222,-1.02021757,3.7
246786,5.47415335,-0.88536767,6.5
246820,5.49933612,-0.89474968,5.9
246824,5.50093281,-0.93792365,6.3
246846,5.51623658,-0.88025506,6.5
246854,5.52063459,-0.9551659,5.2
246880,5.53203574,-0.94626225,6.9
246897,5.54827377,-0.98641282,6.9
246927,5.56622878,-1.0058554,6.8
246929,5.56656453,-0.92961666,5.8
246965,5.58447059,-0.93287126,4.6
246983,5.59060695,-0.87157923,6.4
246985,5.59110844,-0.90325356,6.8
247031,5.61235979,-0.95400458,6.2
247038,5.62070974,-0.91284375,6.7
247043,5.62434489,-0.9373442,6.5
247080,5.64306064,-0.92044408,6.4
247093,5.64999498,-0.90455586,6.8
247128,5.6722992,-0.91383515,6.3
247132,5.67476673,-0.97280304,6.4
247151,5.68969111,-1.00051348,6.8
247190,5.71118906,-0.98216198,6.7
247229,5.74236813,-0.91566435,6.7
247230,5.74315237,-1.01053662,6.3
247244,5.75050464,-0.95980324,4.6
247247,5.75304242,-1.02996141,6.3
247262,5.7613395,-0.97533604,6.2
247287,5.77424446,-0.99110277,4.7
247303,5.78510681,-1.04084659,5.6
247400,5.83925718,-0.9359809,5.4
247410,5.8494883,-1.00373813,6.3
247441,5.8684057,-1.0087542,5.4
247502,5.91470696,-0.90065772,6.8
247505,5.91614817,-1.01026125,6.3
247531,5.9303702,-0.91965364,6.8
247544,5.9376856,-1.00220689,5.9
247570,5.95869253,-0.93375193,4.9
247572,5.96061457,-0.9610402,6.6
247593,5.9714474,-0.89564732,3.7
247657,6.01260575,-1.0313056,6.7
247680,6.02522812,-0.92073284,4.2
247683,6.02629393,-0.88924763,5.6
247711,6.0417185,-0.94187037,5.3
247738,6.05294082,-0.88465484,6.8
247739,6.05299601,-0.88464263,6.1
247798,6.08853419,-0.98945391,6.7
247814,6.09743617,-1.01640272,4.1
247838,6.11228579,-0.87801614,6.2
247851,6.1233474,-0.96958324,6.5
247854,6.12569101,-0.93913336,6.5
247858,6.12705862,-0.90567317,5.7
247867,6.13188257,-0.9922031,5.6
247874,6.13748813,-0.92016536,5.5
247880,6.13985523,-0.87541032,6.3
247882,6.14027964,-1.02059752,5.6
247899,6.14914438,-0.95122573,6.5
247901,6.14978594,-0.91941686,6.9
247933,6.17425145,-0.99178553,6.9
248018,6.22762253,-0.87661285,5.4
248023,6.23132445,-0.88821406,6.9
248085,6.2767281,-0.9997357,6.7
248087,6.27851161,-0.92058851,5.1
248097,0.0024836,-0.92672547,6.5
248103,0.00581929,-0.87855123,5.4
248114,0.02375822,-1.18612823,6.9
248123,0.0334989,-1.15074236,6.9
248130,0.04306622,-1.08727618,6.6
248139,0.06259449,-1.09557323,6.6
248163,0.08757371,-1.13227891,4.3
248167,0.09008968,-1.2151851,5.4
248201,0.13764386,-1.09882686,4.5
248202,0.13770437,-1.09895883,4.5
248208,0.14281506,-1.10010178,5.2
248225,0.15980169,-1.13664088,6.4
248237,0.18532204,-1.1426308,5.5
248238,0.18630117,-1.05177996,5.8
248243,0.19433259,-1.09079428,6.2
248244,0.19482805,-1.14580337,6.7
248245,0.19595786,-1.10297997,6.9
248269,0.22866089,-1.21307922,6.6
248276,0.23400204,-1.09731415,5.6
248281,0.24000168,-1.21347584,5.3
248293,0.25470164,-1.05935139,6.4
248301,0.26756087,-1.06220733,6.9
248308,0.27364661,-1.14242461,6.2
248324,0.29370081,-1.07818107,5.3
248346,0.33060339,-1.20211331,5.1
248347,0.33372586,-1.17689491,6.9
248350,0.33624008,-1.158866,6.3
248381,0.37126535,-1.12345962,5.8
248421,0.44418208,-1.06097586,5.6
248460,0.50149673,-1.18066734,4.7
248464,0.50515406,-1.0622293,6.2
248472,0.5144046,-1.1418774,6.4
248474,0.518234,-1.07459636,3.0
248476,0.52221226,-1.15307533,6.1
248482,0.53161275,-1.11042778,6.8
248497,0.55406008,-1.15097143,6.8
248518,0.58575759,-1.18406118,5.4
248521,0.59112244,-1.18239861,5.5
248545,0.61850069,-1.19833094,4.3
248555,0.6322413,-1.0526423,5.5
248556,0.63459437,-1.16055155,6.4
248567,0.646067,-1.12224317,6.4
248595,0.67003525,-1.09234839,6.7
248598,0.67132032,-1.06435399,6.9
248616,0.69607708,-1.12193129,6.6
248621,0.69634427,-1.19147956,4.3
248626,0.70103716,-1.20835708,6.7
248632,0.71315506,-1.16438444,6.3
248634,0.71298343,-1.20706414,6.7
248642,0.72194795,-1.11185322,5.7
248644,0.72231891,-1.18013332,4.9
248656,0.73750866,-1.09618133,5.4
248663,0.74557644,-1.1784898,6.7
248667,0.74874276,-1.10900053,6.7
248673,0.75188639,-1.09798077,6.1
248676,0.75448256,-1.14241539,6.6
248681,0.76074052,-1.1246127,6.5
248682,0.76268685,-1.11704912,6.6
248701,0.78014327,-1.11825054,5.1
248742,0.81951673,-1.20891341,6.0
248744,0.82396063,-1.12687818,6.9
248748,0.82927865,-1.11550426,6.7
248764,0.85164664,-1.12475746,6.8
248770,0.86293238,-1.09214686,5.5
248774,0.86487348,-1.09094229,5.2
248776,0.86388344,-1.16809505,6.1
248797,0.89029812,-1.21517953,6.2
248804,0.89711065,-1.21015046,6.0
248819,0.91358271,-1.098468,4.8
248821,0.92012027,-1.08224468,6.7
248825,0.92004995,-1.16046559,5.8
248834,0.9287758,-1.0649427,6.3
248842,0.93555022,-1.14780507,6.8
248877,0.97825566,-1.13109611,3.8
248912,1.03003398,-1.10764713,6.0
248918,1.0417242,-1.07163711,4.4
248922,1.04715472,-1.08027013,6.7
248925,1.05111,-1.08488779,4.5
248927,1.0528818,-1.06602738,4.8
248945,1.07931197,-1.12089311,6.4
248969,1.11013914,-1.09037312,3.4
248973,1.11182666,-1.08545623,5.4
248977,1.1185437,-1.06375268,6.3
248986,1.12429558,-1.10401815,6.2
249009,1.14270786,-1.10630162,5.2
249016,1.15666322,-1.06881205,5.6
249027,1.16546193,-1.09606105,6.9
249029,1.16834864,-1.09119628,5.8
249053,1.19354668,-1.10005761,6.8
249054,1.19365693,-1.09648119,5.9
249066,1.20759345,-1.08345439,4.8
249095,1.24339961,-1.10356407,6.3
249125,1.27123274,-1.18803733,6.8
249138,1.28068188,-1.16370744,6.3
249198,1.34201966,-1.10653065,5.2
249225,1.36901779,-1.17260523,4.8
249281,1.42680834,-1.19769351,6.1
249286,1.43443368,-1.14229535,6.8
249288,1.43679664,-1.08759019,6.5
249297,1.44105364,-1.11575103,6.3
249309,1.452953,-1.12098391,5.3
249311,1.45571462,-1.09065455,3.8
249314,1.46154104,-1.06772093,6.4
249322,1.47005396,-1.16169648,6.4
249329,1.47793339,-1.20603463,6.3
249346,1.5043587,-1.14730135,4.5
249368,1.52669687,-1.16764655,5.1
249376,1.53320179,-1.11759507,6.4
249381,1.54133175,-1.0793055,6.9
249390,1.54506196,-1.10112415,4.5
249391,1.54548214,-1.12542714,6.6
249415,1.57136792,-1.12242342,6.9
249424,1.58019514,-1.04888824,6.5
249448,1.59766225,-1.15260899,5.8
249451,1.60158619,-1.08480406,5.0
249453,1.60067695,-1.17431681,6.9
249461,1.60892028,-1.20154283,5.2
249469,1.61987971,-1.14475273,4.9
249475,1.62549124,-1.07292288,6.8
249509,1.65649577,-1.1139308,6.7
249513,1.65804003,-1.07041344,6.9
249514,1.65479139,-1.21796124,6.9
249526,1.66900804,-1.05102583,6.6
249531,1.67124664,-1.11148123,6.2
249532,1.66956618,-1.22145273,5.6
249535,1.67651448,-1.05210445,6.0
249539,1.67743216,-1.10704281,6.5
249542,1.67956096,-1.11400449,6.4
249550,1.68195998,-1.21632398,5.4
249552,1.68948446,-1.05991392,6.9
249554,1.69213896,-1.08471922,6.8
249568,1.70191964,-1.14438374,6.4
249572,1.70682954,-1.08000257,6.3
249583,1.71378773,-1.07909955,6.7
249604,1.73664908,-1.07395495,6.3
249631,1.75590937,-1.18407805,6.9
249636,1.7660021,-1.06856722,6.8
249647,1.78106778,-1.08108128,3.3
249654,1.7890408,-1.05154536,6.1
249662,1.79081261,-1.22149015,6.7
249686,1.81375954,-1.19564154,6.9
249695,1.82876377,-1.06190006,6.7
249700,1.83256335,-1.07052393,6.7
249704,1.83190144,-1.18536184,5.1
249740,1.8598006,-1.20143841,6.5
249754,1.87368491,-1.05383455,6.9
249774,1.88510031,-1.10287336,6.1
249809,1.9060279,-1.18607985,4.0
249822,1.9178605,-1.06717648,6.7
249864,1.95850711,-1.12590986,6.3
249881,1.97816686,-1.20022361,6.7
249943,2.02552841,-1.21861545,6.2
249944,2.02777283,-1.15317448,6.4
249975,2.04733034,-1.05214847,5.8
249978,2.04937601,-1.15533805,5.9
250018,2.07809751,-1.06639254,6.8
250019,2.07829262,-1.05638395,5.6
250030,2.0822138,-1.10474028,6.1
250035,2.08471711,-1.05248944,5.7
250041,2.08432601,-1.15031863,6.4
250047,2.08729838,-1.06214717,6.6
250055,2.08933881,-1.06158624,5.9
250063,2.09276635,-1.05744375,5.1
250064,2.09295397,-1.05081989,6.4
250069,2.09584685,-1.10946048,5.0
250085,2.10106953,-1.22214068,6.8
250098,2.1090286,-1.22122705,6.8
250099,2.11135527,-1.20317981,6.8
250101,2.11496723,-1.09669649,6.4
250111,2.12320976,-1.10856309,6.6
250120,2.13024278,-1.06600057,6.6
250127,2.13108556,-1.11353727,6.4
250128,2.12899676,-1.19759592,4.5
250131,2.13370952,-1.06992179,4.8
250164,2.16100203,-1.09808917,5.3
250174,2.16807396,-1.12027352,6.8
250186,2.17430929,-1.14516681,5.0
250202,2.18658325,-1.11886252,6.0
250226,2.20723333,-1.12749724,6.0
250228,2.20669213,-1.15430865,3.6
250235,2.21343696,-1.22336105,5.6
250288,2.25721549,-1.09699965,5.4
250290,2.26222247,-1.0968255,6.6
250291,2.26552805,-1.05273252,6.4
250304,2.27361722,-1.16617805,6.9
250315,2.28596608,-1.19051623,6.2
250317,2.28855818,-1.14887239,6.0
250347,2.31509024,-1.16575752,5.4
250369,2.32919366,-1.05337936,6.0
250374,2.33458135,-1.05844853,4.0
250412,2.35152653,-1.18925004,6.9
250417,2.35952051,-1.06402243,5.8
250421,2.36117311,-1.19875763,5.8
250422,2.36687285,-1.15883191,4.2
250441,2.38292704,-1.12573276,6.4
250471,2.40540158,-1.08763935,4.2
250485,2.41223723,-1.06319383,6.5
250495,2.41379617,-1.21679488,1.8
250524,2.43137258,-1.18117382,6.7
250526,2.43161882,-1.19885643,5.4
250529,2.43413195,-1.17025878,5.9
250540,2.44578028,-1.08198642,6.9
250544,2.4476104,-1.08916826,4.9
250561,2.45854249,-1.05247843,6.3
250563,2.46132665,-1.07597706,5.1
250572,2.46362918,-1.22305877,6.6
250575,2.46724783,-1.08123651,6.0
250576,2.4665001,-1.13918198,6.8
250583,2.47285368,-1.13323739,6.4
250590,2.48178467,-1.08686903,6.0
250591,2.48059327,-1.16416719,6.2
250597,2.48512633,-1.08840676,6.6
250611,2.4938473,-1.16447301,6.3
250614,2.49688577,-1.09587144,4.0
250636,2.51364261,-1.13359974,6.9
250653,2.52788806,-1.07037596,4.7
250657,2.52963011,-1.09856909,6.7
250664,2.53556481,-1.1533222,6.9
250672,2.54039908,-1.1678844,6.7
250683,2.55361595,-1.09096949,4.2
250695,2.56171305,-1.13571866,3.1
250696,2.56175806,-1.13572841,6.0
250714,2.57398002,-1.1941504,6.8
250721,2.57840792,-1.09510989,5.6
250750,2.59657076,-1.20756917,6.8
250760,2.60601619,-1.1255577,6.5
250761,2.60487991,-1.20605693,6.3
250771,2.61403722,-1.10558618,6.6
250782,2.62671856,-1.05454355,6.1
250789,2.6303127,-1.08483596,6.4
250795,2.6335785,-1.08007921,6.3
250802,2.63792794,-1.12832778,6.9
250808,2.64302794,-1.06765567,6.9
250811,2.64366665,-1.11413335,6.9
250826,2.65263605,-1.08596922,6.6
250836,2.65600075,-1.14869431,5.4
250840,2.65885451,-1.07423474,5.4
250844,2.65947868,-1.198749,6.1
250875,2.67625755,-1.07614757,6.5
250880,2.67694099,-1.1584269,5.4
250885,2.67793307,-1.22239196,3.6
250905,2.69252795,-1.07045077,3.4
250907,2.69447748,-1.14196995,6.8
250917,2.70124347,-1.12881472,6.2
250921,2.70396145,-1.13685439,6.6
250940,2.71821032,-1.16765455,5.3
250966,2.73764143,-1.14676252,6.2
250969,2.74149185,-1.10243339,6.7
250979,2.74399458,-1.12001657,5.3
250981,2.74478739,-1.13754054,6.5
250989,2.74952793,-1.16910894,6.4
250992,2.75174551,-1.07086843,6.7
251006,2.75772225,-1.0766127,3.6
251014,2.76728425,-1.06443656,6.4
251025,2.77115881,-1.21041691,6.8
251042,2.78508319,-1.13520219,6.9
251050,2.78981645,-1.11896544,6.6
251059,2.79334944,-1.13621666,5.8
251062,2.79558011,-1.12842062,6.9
251078,2.80227149,-1.12514934,5.2
251083,2.8054229,-1.1238944,3.0
251085,2.80630036,-1.06759463,6.9
251086,2.80631578,-1.06764956,6.3
251090,2.8079529,-1.0570863,4.5
251095,2.80934211,-1.12135625,6.1
251096,2.81048333,-1.11633096,5.1
251113,2.8199316,-1.05772838,6.5
251115,2.81990455,-1.12599849,5.5
251117,2.8208687,-1.12160438,5.4
251120,2.82242764,-1.12370115,5.1
251121,2.82218191,-1.20793651,6.6
251126,2.82595735,-1.1265601,6.7
251127,2.82526925,-1.21193288,6.7
251128,2.82698106,-1.12159289,6.5
251161,2.84824709,-1.19050348,6.6
251173,2.85576459,-1.07907846,6.0
251178,2.85922856,-1.05622056,6.2
251185,2.86318282,-1.05512018,6.5
251195,2.86814596,-1.20495088,6.8
251205,2.87644878,-1.07024031,6.3
251235,2.89333535,-1.06309299,6.7
251267,2.90773599,-1.13166441,6.4
251269,2.90832634,-1.08950487,4.8
251286,2.91715677,-1.08117858,5.4
251316,2.93477266,-1.05273989,4.7
251320,2.93544498,-1.11997812,5.5
251334,2.94685682,-1.16085606,6.8
251341,2.95535882,-1.18374605,6.1
251357,2.96389814,-1.12717838,6.1
251382,2.98169068,-1.13367129,6.8
251383,2.98173395,-1.13367959,5.7
251402,2.99201532,-1.1165358,5.3
251406,2.99580508,-1.06666166,5.5
251408,2.9975635,-1.07109596,6.8
251412,3.00072909,-1.05585211,6.8
251422,3.00744643,-1.10922694,6.6
251437,3.01615053,-1.06951105,6.4
251451,3.0208699,-1.16870917,5.9
251457,3.02560796,-1.22513794,6.7
251466,3.03352238,-1.06281427,6.7
251469,3.03558259,-1.06967797,6.7
251472,3.0359142,-1.09990242,3.3
251479,3.03849307,-1.06556452,5.8
251486,3.04127956,-1.06959609,5.1
251489,3.04227426,-1.21605035,6.7
251497,3.04370034,-1.06296873,6.7
251501,3.04475379,-1.18019901,5.9
251505,3.0461278,-1.07907439,5.3
251511,3.04708547,-1.10606949,6.9
251522,3.05210315,-1.14140693,5.1
251533,3.0570116,-1.0920384,6.8
251535,3.05822293,-1.08367285,4.9
251540,3.05944764,-1.06710502,6.8
251555,3.06968378,-1.09064505,5.2
251559,3.07126657,-1.09743205,6.2
251575,3.07878931,-1.16463547,3.8
251579,3.0827419,-1.067765,4.2
251597,3.09027474,-1.16613922,4.7
251602,3.09657829,-1.11331925,4.5
251604,3.09768984,-1.2256693,4.9
251605,3.0999371,-1.09343942,5.6
251611,3.10326886,-1.07941744,6.7
251617,3.10604662,-1.13806104,5.1
251637,3.1186575,-1.15848105,6.5
251640,3.11976258,-1.10442539,6.0
251659,3.131416,-1.08993654,5.7
251660,3.1318399,-1.05507054,6.9
251664,3.13633819,-1.12293204,5.7
251670,3.13908869,-1.09660976,6.6
251699,3.153045,-1.20763447,6.1
251702,3.15440475,-1.08516467,6.6
251705,3.15479541,-1.10501837,4.5
251716,3.15969695,-1.21339207,6.9
251717,3.16043952,-1.10244828,5.0
251720,3.16185724,-1.19256806,5.4
251723,3.16319656,-1.06411129,6.0
251734,3.16728157,-1.14401576,6.5
251737,3.16921336,-1.19818114,6.2
251738,3.16945305,-1.1468414,6.2
251742,3.17161406,-1.12772132,4.3
251757,3.17829155,-1.06198311,6.2
251776,3.18967662,-1.19138347,6.6
251778,3.18994431,-1.06949394,6.2
251785,3.19398976,-1.12592417,6.7
251790,3.19555314,-1.09869839,6.2
251791,3.1973584,-1.22438347,6.2
251803,3.20390331,-1.12413991,6.4
251826,3.21620868,-1.14655347,6.2
251830,3.21825202,-1.18613836,4.2
251841,3.22203182,-1.11706492,4.3
251848,3.22840242,-1.09701017,6.9
251854,3.23089846,-1.14917442,6.4
251861,3.23476284,-1.08701428,6.6
251862,3.2347896,-1.05420049,3.6
251866,3.23812369,-1.17848374,5.3
251868,3.23844934,-1.19219131,5.8
251877,3.24295418,-1.18039575,6.4
251878,3.2447078,-1.07563633,6.6
251893,3.25193593,-1.14791139,6.4
251903,3.25728398,-1.10169575,5.1
251904,3.25765327,-1.10128579,1.6
251911,3.26119003,-1.1133322,6.2
251919,3.26496423,-1.07801818,6.5
251920,3.26513818,-1.12297039,6.3
251924,3.26562113,-1.0785299,6.2
251934,3.27389545,-1.06447495,6.8
251946,3.2809156,-1.10838976,6.1
251957,3.29388747,-1.18258279,6.2
251962,3.29641921,-1.07934385,6.3
251974,3.30383235,-1.20664138,2.9
251980,3.31121459,-1.17273913,6.5
251987,3.31580226,-1.16084539,6.4
251996,3.32522667,-1.21139061,5.9
252002,3.32850491,-1.10058858,6.0
252012,3.33806291,-1.20132976,6.3
252016,3.34069676,-1.06432316,4.7
252019,3.3435343,-1.1887121,3.3
252046,3.3607759,-1.09329519,6.5
252047,3.36062915,-1.05419351,6.0
252054,3.36541433,-1.05294996,5.9
252069,3.37443368,-1.0529312,5.8
252070,3.3755936,-1.05344001,6.9
252077,3.37641769,-1.05377482,6.1
252080,3.37719443,-1.05303922,6.8
252106,3.39263245,-1.14575242,6.9
252144,3.42534727,-1.12471979,6.8
252162,3.43880768,-1.13980923,5.6
252163,3.44031157,-1.18328645,6.5
252185,3.45513887,-1.22071668,6.1
252187,3.45525195,-1.10484214,6.4
252196,3.45930468,-1.15587688,6.0
252218,3.46462343,-1.09352164,6.6
252224,3.46992523,-1.18498461,5.0
252225,3.47071085,-1.21614014,6.4
252236,3.47646629,-1.1368765,6.1
252240,3.47851312,-1.16559468,4.8
252245,3.48158265,-1.19548455,6.8
252252,3.48336405,-1.10740448,6.8
252268,3.49080635,-1.09129402,6.7
252283,3.50198242,-1.06416501,6.5
252284,3.50214117,-1.0644464,4.6
252293,3.50814939,-1.12636283,4.5
252304,3.51347723,-1.12547988,5.5
252321,3.52893692,-1.21523829,6.2
252326,3.52957404,-1.08388966,6.6
252329,3.53048132,-1.12880527,6.2
252342,3.54109227,-1.07481084,6.6
252345,3.54282909,-1.1400849,6.6
252356,3.54534418,-1.0881118,6.6
252361,3.54998086,-1.14550322,6.4
252375,3.55691971,-1.09311285,6.7
252387,3.5657249,-1.07672697,5.6
252395,3.57502808,-1.18108699,6.8
252400,3.57871633,-1.12708064,5.8
252421,3.58959031,-1.07752973,6.9
252422,3.58990483,-1.08022606,6.8
252439,3.60538714,-1.08998818,6.6
252442,3.60677511,-1.09798532,6.6
252448,3.60924548,-1.09240153,6.2
252481,3.62936978,-1.21128221,5.7
252511,3.64256644,-1.18075785,5.7
252530,3.65366353,-1.09063904,6.7
252531,3.65493071,-1.11154062,4.7
252534,3.65873524,-1.14843741,6.2
252552,3.66645236,-1.07305068,6.5
252554,3.66898817,-1.15660749,6.1
252582,3.68187838,-1.05370729,0.9
252599,3.69610717,-1.10732851,6.6
252616,3.70111881,-1.10318834,6.5
252636,3.71332601,-1.21683643,6.2
252661,3.72913229,-1.14671501,6.8
252665,3.73076061,-1.07699003,6.5
252678,3.73781487,-1.16217834,5.9
252703,3.75183721,-1.06941884,5.3
252725,3.76786464,-1.16317226,6.7
252735,3.77472328,-1.19023509,5.7
252737,3.77714936,-1.15494085,6.4
252745,3.78350883,-1.14880412,5.8
252746,3.78380059,-1.16184173,6.6
252767,3.80165094,-1.18189004,5.8
252824,3.82997211,-1.18563726,6.1
252838,3.83799117,-1.0617776,0.1
252853,3.85066153,-1.13403108,3.4
252860,3.85483956,-1.09898016,6.6
252869,3.86279833,-1.09738852,5.3
252894,3.87785638,-1.16228369,6.0
252900,3.88169378,-1.20315164,6.6
252928,3.89463292,-1.11369372,5.8
252945,3.90161787,-1.15925816,6.9
252948,3.90473874,-1.21930413,6.6
252951,3.90389342,-1.15176895,6.2
252960,3.90939106,-1.06301353,6.8
252964,3.91231747,-1.08847439,6.7
252965,3.91273831,-1.09573244,5.4
252990,3.93152693,-1.1270661,6.8
253005,3.94794589,-1.11756128,5.2
253024,3.96166615,-1.13927438,6.0
253025,3.96158964,-1.06690319,6.7
253031,3.96843628,-1.17083992,5.8
253034,3.96811376,-1.11077815,6.4
253043,3.97386862,-1.07202636,6.4
253052,3.98150799,-1.10015966,6.9
253059,3.9837863,-1.07763294,6.1
253064,3.98801305,-1.07063155,6.5
253082,3.99945412,-1.06297479,6.0
253084,4.00093024,-1.06390782,5.2
253088,4.00399263,-1.11021281,4.8
253097,4.0094998,-1.19868234,3.1
253101,4.00908427,-1.05586074,5.5
253115,4.01721569,-1.17777286,6.5
253136,4.02810487,-1.05866524,5.6
253155,4.04150711,-1.19221861,6.0
253174,4.04718924,-1.12629049,5.7
253179,4.05466987,-1.15000952,6.9
253222,4.08533938,-1.14516875,6.5
253223,4.08613357,-1.16144913,6.8
253226,4.08721095,-1.15745373,4.1
253259,4.11038216,-1.12016303,6.6
253269,4.11862142,-1.05220956,6.6
253297,4.13596505,-1.14218865,5.8
253302,4.14054465,-1.05361096,6.7
253323,4.15800921,-1.13712564,6.6
253328,4.15990857,-1.09269819,6.2
253342,4.16912071,-1.1973506,5.2
253344,4.16643734,-1.0601733,6.3
253346,4.16759413,-1.10707267,3.0
253349,4.1693252,-1.05029992,6.0
253353,4.17177114,-1.05562172,6.0
253362,4.18428922,-1.13512535,5.9
253368,4.18808073,-1.13192388,6.9
253377,4.19392962,-1.11311078,6.4
253390,4.20132596,-1.09155577,6.4
253444,4.2323718,-1.09897992,6.5
253474,4.25615024,-1.11152447,4.0
253481,4.2633666,-1.18580234,6.2
253522,4.28874856,-1.16741055,6.9
253539,4.29947368,-1.10173608,6.3
253549,4.30875985,-1.2099735,6.6
253554,4.3130082,-1.22320518,4.9
253555,4.31076327,-1.1180218,5.3
253582,4.32328157,-1.07570508,5.1
253586,4.32730913,-1.12527587,6.6
253614,4.34475988,-1.14311517,5.4
253638,4.35842835,-1.06447932,6.2
253649,4.3693808,-1.19199225,6.0
253651,4.36699203,-1.0549856,6.2
253669,4.37489692,-1.07834479,6.9
253673,4.37801895,-1.1769206,6.3
253688,4.39241326,-1.17128615,5.3
253689,4.3935462,-1.18860442,6.6
253700,4.40113394,-1.20475986,1.9
253717,4.41523155,-1.14101564,6.3
253718,4.41694888,-1.18127185,6.4
253734,4.43056667,-1.10426715,6.1
253740,4.43434385,-1.07583239,6.8
253748,4.43966063,-1.05766856,6.8
253753,4.44299443,-1.13802531,6.6
253756,4.44868595,-1.20895937,6.0
253783,4.47052009,-1.1916905,6.3
253810,4.49059799,-1.20160761,6.8
253818,4.49466672,-1.07643826,6.5
253827,4.50858717,-1.17280366,5.9
253856,4.52662653,-1.16851335,6.8
253867,4.53289576,-1.09736835,6.6
253870,4.53878675,-1.22252353,6.6
253882,4.54654634,-1.18281589,4.7
253899,4.5551495,-1.14672107,6.9
253903,4.55538076,-1.0971863,5.9
253908,4.55666889,-1.05895288,6.0
253921,4.56665312,-1.09821643,6.9
253928,4.57332064,-1.10019452,6.4
253938,4.57923178,-1.07797638,6.7
253945,4.58628574,-1.05913172,3.8
253990,4.62837472,-1.18428036,6.6
254020,4.6501389,-1.12964303,3.6
254047,4.669284,-1.12232549,6.6
254048,4.6682315,-1.07712287,6.6
254050,4.67061191,-1.08078011,6.8
254057,4.67569896,-1.05006619,5.8
254063,4.68318104,-1.14300027,6.5
254079,4.69669054,-1.14706733,6.5
254122,4.72793063,-1.16129894,6.9
254141,4.74644748,-1.12660814,6.4
254147,4.7498268,-1.11122234,4.4
254157,4.75792106,-1.08214302,5.5
254179,4.77465702,-1.11159123,6.4
254189,4.78080989,-1.10052599,5.6
254196,4.7909989,-1.19082113,6.3
254209,4.79821882,-1.11503632,6.2
254226,4.81373065,-1.07327151,4.3
254237,4.8237628,-1.09993107,6.4
254273,4.84928133,-1.08696022,4.8
254343,4.89728778,-1.12823445,6.5
254353,4.90271968,-1.12662928,5.8
254358,4.91067816,-1.13221981,4.9
254359,4.90957802,-1.06631128,6.2
254374,4.92458058,-1.13582212,5.9
254393,4.94022637,-1.08538089,4.4
254413,4.96088125,-1.17344696,4.2
254415,4.96071283,-1.09608713,6.5
254422,4.96751888,-1.1170386,6.9
254423,4.96811135,-1.05069786,5.1
254426,4.97443999,-1.16332163,6.1
254433,4.9750542,-1.05075434,6.9
254436,4.97892694,-1.09720186,6.9
254446,4.98943855,-1.20000554,5.9
254475,5.01729269,-1.19423592,5.3
254496,5.03334005,-1.09820897,6.7
254508,5.04607761,-1.20760383,6.5
254514,5.0484122,-1.13844172,6.7
254515,5.04923694,-1.16346305,5.6
254551,5.07930228,-1.19330013,6.5
254558,5.07981359,-1.09951995,6.7
254578,5.09684145,-1.21530156,6.8
254590,5.11024304,-1.19439484,6.0
254619,5.14691335,-1.21480108,6.9
254622,5.14816104,-1.16388328,6.4
254627,5.1558098,-1.149373,6.0
254658,5.19186896,-1.16610523,6.5
254666,5.19392925,-1.06572189,6.4
254669,5.19681173,-1.14502214,6.1
254683,5.21275728,-1.06763254,6.3
254693,5.23027595,-1.2071386,5.8
254696,5.23111429,-1.20012941,6.5
254702,5.23766073,-1.16848635,5.7
254704,5.24039457,-1.13111589,6.9
254707,5.24415968,-1.1683937,5.2
254721,5.26019009,-1.17496995,6.0
254731,5.27238267,-1.1581078,6.3
254733,5.27405717,-1.15509419,3.6
254756,5.29903138,-1.10681582,6.2
254758,5.29895494,-1.08697802,6.7
254763,5.31083518,-1.17730957,6.8
254770,5.31770647,-1.0804836,6.8
254772,5.31910695,-1.10358987,6.3
254775,5.32967732,-1.16499826,6.6
254776,5.33019881,-1.17482887,6.8
254820,5.39246365,-1.21494212,6.1
254823,5.39123799,-1.0573496,4.8
254825,5.39663477,-1.21214552,6.8
254827,5.39584712,-1.10167325,6.6
254835,5.39999555,-1.07389765,5.0
254844,5.40989447,-1.09794799,6.4
254846,5.41070801,-1.05677737,5.3
254854,5.41903767,-1.16519403,5.4
254862,5.43215316,-1.15546178,3.6
254867,5.44007005,-1.1328826,6.9
254871,5.45110162,-1.20037768,5.5
254883,5.46130453,-1.08959674,6.6
254884,5.46134081,-1.08959514,6.6
254915,5.49820428,-1.21438705,6.8
254916,5.49642062,-1.09741998,6.6
254918,5.50419541,-1.19048467,6.5
254939,5.53012133,-1.04705569,6.8
254941,5.53508679,-1.11576887,5.8
254948,5.54196506,-1.11746771,6.9
254966,5.57634892,-1.12890761,6.4
254970,5.57954178,-1.07080628,6.7
254999,5.61316999,-1.1408573,4.3
255003,5.62322316,-1.21309963,5.3
255038,5.66483646,-1.21527024,6.9
255040,5.66380075,-1.13139514,6.3
255080,5.71596559,-1.12943737,5.6
255087,5.71938316,-1.21526486,5.5
255101,5.7386076,-1.08012207,5.9
255160,5.80610959,-1.19256859,6.8
255175,5.81944631,-1.1890328,6.8
255193,5.84032197,-1.05172828,2.9
255205,5.85149644,-1.09167189,6.7
255222,5.87885084,-1.13387889,4.8
255227,5.88449916,-1.17790531,5.7
255247,5.90357874,-1.08179463,4.9
255299,5.95277332,-1.05591382,6.4
255301,5.95428615,-1.09167916,6.8
255315,5.96699724,-1.21255644,6.9
255316,5.96724668,-1.14424818,6.5
255321,5.97057968,-1.07659277,6.3
255324,5.97303135,-1.11209292,6.7
255336,5.98539185,-1.04512032,6.4
255339,5.98719797,-1.10284883,6.1
255395,6.04262847,-1.20113622,5.6
255418,6.06389545,-1.18466749,6.6
255420,6.06587203,-1.16688341,6.5
255421,6.06699319,-1.05703922,6.7
255435,6.08294979,-1.09432037,6.2
255446,6.09539079,-1.08212653,5.7
255453,6.0999762,-1.06471445,6.7
255455,6.10136578,-1.17759003,6.0
255474,6.12151393,-1.04817275,6.1
255486,6.13971837,-1.16206145,6.5
255488,6.1398692,-1.09497143,6.7
255497,6.14799443,-1.10148578,5.7
255531,6.19035553,-1.09755486,6.7
255557,6.21424684,-1.12407121,5.7
255558,6.21464216,-1.12293224,6.9
255578,6.23843674,-1.09675482,6.4
255594,6.25552627,-1.15100154,6.7
255606,6.27152382,-1.09879593,6.0
255609,6.27265268,-1.12221888,5.2
255612,6.27604342,-1.09960732,6.9
255619,6.28282199,-1.1445365,4.7
255631,0.02045889,-1.24680931,5.6
255642,0.04644372,-1.27800789,6.8
255647,0.06140883,-1.30745693,6.9
255650,0.06946323,-1.32490431,6.6
255652,0.07338011,-1.37498221,6.7
255663,0.09370658,-1.35135361,5.9
255670,0.11237135,-1.34834262,2.9
255679,0.14568903,-1.24383454,6.1
255687,0.16071195,-1.33185469,6.8
255690,0.16877472,-1.27648553,6.9
255701,0.19455454,-1.3627892,6.6
255710,0.21201111,-1.30765968,5.0
255721,0.23993528,-1.29683539,6.8
255794,0.40864594,-1.37016559,6.1
255806,0.44224214,-1.38140115,6.2
255835,0.50544415,-1.36744326,6.2
255839,0.52769804,-1.37654472,6.9
255842,0.53507722,-1.22905659,6.9
255857,0.56898235,-1.33733968,6.7
255858,0.5711078,-1.32573528,6.9
255864,0.58606462,-1.33269555,6.5
255880,0.6233903,-1.28536188,6.0
255898,0.6618098,-1.38071722,5.3
255910,0.69328834,-1.23359624,6.7
255919,0.72263518,-1.24330881,6.8
255929,0.74384129,-1.31016214,4.7
255945,0.79524749,-1.25493377,5.5
255951,0.80718424,-1.29712603,6.9
255962,0.81827173,-1.37862559,5.7
255973,0.85504044,-1.35068418,5.5
255988,0.89282383,-1.33947528,6.9
255998,0.91621095,-1.36749776,5.6
256005,0.94467669,-1.36699525,6.1
256007,0.94425781,-1.38053217,6.8
256025,0.98350016,-1.2506723,6.5
256029,0.99152017,-1.2957143,3.2
256053,1.05037565,-1.24209415,6.7
256059,1.05793358,-1.37240732,6.7
256106,1.19671525,-1.27773703,6.7
256116,1.2145299,-1.35534624,5.9
256122,1.23511315,-1.23797983,5.7
256139,1.27885598,-1.26374991,6.2
256145,1.28799532,-1.30789627,5.3
256153,1.30995578,-1.36659746,6.2
256154,1.32085732,-1.24466231,5.3
256160,1.33587123,-1.27474446,6.3
256172,1.37628244,-1.28436128,6.6
256182,1.40734733,-1.28807543,6.9
256201,1.44811655,-1.33240185,5.1
256208,1.46059013,-1.28702596,5.6
256213,1.47059188,-1.28629607,6.7
256214,1.46435226,-1.37568258,6.1
256239,1.51762036,-1.26889553,6.5
256248,1.52835661,-1.38511734,5.6
256274,1.61547566,-1.30468646,5.1
256277,1.6163556,-1.34574034,6.9
256285,1.63667174,-1.25144805,6.5
256286,1.63492343,-1.28502891,6.8
256317,1.71933192,-1.35590024,6.7
256326,1.74953251,-1.25271744,6.4
256330,1.76112666,-1.27615862,6.3
256331,1.76686007,-1.22930108,5.9
256339,1.77797207,-1.34131161,6.9
256344,1.79528319,-1.23854663,5.5
256346,1.80037199,-1.23063694,6.9
256355,1.81763599,-1.38614461,5.5
256373,1.87056783,-1.23040694,5.8
256374,1.87076737,-1.23043996,3.9
256408,1.93999608,-1.2473906,6.5
256415,1.94444492,-1.38045159,5.4
256428,1.98689271,-1.29635077,6.5
256431,1.98996224,-1.35496096,6.5
256438,2.01506792,-1.26721448,3.9
256440,2.00854497,-1.36811182,6.9
256463,2.09120246,-1.27836117,6.4
256482,2.13001538,-1.37347682,6.8
256489,2.1585734,-1.28817085,6.6
256496,2.17523512,-1.34250139,4.1
256497,2.18086526,-1.24817207,5.4
256499,2.18171342,-1.24800093,5.7
256503,2.18446602,-1.35236003,4.3
256505,2.19072004,-1.28107889,5.4
256516,2.21468487,-1.31525055,6.9
256522,2.23289163,-1.30646418,6.7
256524,2.23709046,-1.28031333,6.0
256532,2.25989653,-1.30157779,6.7
256535,2.26493871,-1.22848253,5.3
256536,2.26290271,-1.29284033,6.9
256538,2.27021921,-1.25443383,6.9
256543,2.2747239,-1.37817292,5.6
256549,2.28291873,-1.3800282,6.1
256550,2.28948081,-1.30529403,6.6
256551,2.29356015,-1.3452196,6.9
256552,2.29475985,-1.387612,5.8
256556,2.31185535,-1.26625116,6.1
256580,2.37057324,-1.23232433,6.9
256582,2.37867819,-1.2671566,4.5
256583,2.38079818,-1.23113426,4.9
256594,2.40954491,-1.33801415,6.3
256599,2.43221572,-1.30715227,5.5
256600,2.4323632,-1.30436634,6.0
256623,2.47446665,-1.24969249,5.5
256625,2.47757247,-1.2528176,6.6
256634,2.4941003,-1.27550519,5.5
256647,2.54229684,-1.25997626,6.9
256658,2.55844433,-1.3399952,5.4
256660,2.56717542,-1.32256838,6.9
256666,2.57876513,-1.39732859,6.5
256672,2.60124759,-1.24597897,6.4
256683,2.64851656,-1.247531,6.5
256710,2.724429,-1.29209604,4.1
256711,2.7259382,-1.29104778,6.3
256714,2.73500199,-1.27702551,6.7
256722,2.75034074,-1.25651179,4.9
256723,2.75339885,-1.27796009,4.9
256730,2.77249377,-1.33184175,6.2
256731,2.77274786,-1.37196284,4.1
256733,2.77956366,-1.25126537,6.7
256739,2.78829867,-1.31174229,6.9
256742,2.78937103,-1.30015932,6.0
256745,2.80061997,-1.39248098,6.2
256747,2.80389813,-1.3170877,6.9
256750,2.81138807,-1.23673803,6.3
256751,2.81231324,-1.2366545,6.5
256752,2.81190941,-1.26438429,6.3
256765,2.84269891,-1.32440272,6.8
256768,2.8468893,-1.38857557,6.1
256770,2.85230106,-1.23430373,6.1
256775,2.86783456,-1.31073858,6.0
256800,2.90959513,-1.23705369,5.8
256808,2.92993796,-1.24679782,6.2
256823,2.96082483,-1.39048859,6.3
256826,2.96533767,-1.31148205,6.3
256827,2.96640938,-1.27337031,6.6
256828,2.96734189,-1.25653932,6.5
256832,2.9755789,-1.35452245,6.4
256834,2.98530933,-1.26111737,5.7
256837,2.98970974,-1.28513068,6.9
256843,3.00328687,-1.26491894,6.3
256849,3.01854105,-1.28984394,6.9
256853,3.0357985,-1.27134093,6.5
256857,3.0423613,-1.32464338,5.7
256864,3.06413181,-1.31296029,6.5
256865,3.06708353,-1.38415756,6.3
256892,3.13544648,-1.35832688,6.8
256894,3.13993881,-1.36522951,5.0
256895,3.14192936,-1.36471328,6.9
256896,3.149636,-1.2793007,6.9
256897,3.15239573,-1.2477145,6.4
256898,3.1579069,-1.29527647,6.3
256899,3.16242381,-1.33551024,5.0
256902,3.16857552,-1.28380423,6.6
256905,3.17576227,-1.31539924,5.2
256915,3.20236618,-1.3713673,6.4
256919,3.21311297,-1.26736827,6.3
256924,3.22163353,-1.38425888,4.4
256927,3.22777621,-1.34042799,6.9
256934,3.23869841,-1.28289244,6.8
256939,3.25010057,-1.26717071,6.8
256954,3.28194985,-1.2741177,6.0
256955,3.28325507,-1.25895767,4.0
256965,3.31137836,-1.32759924,6.8
256967,3.31282036,-1.31544651,6.5
256983,3.35865831,-1.25639897,5.6
256992,3.38823102,-1.25986999,5.8
257000,3.41330464,-1.24876427,3.6
257003,3.41686133,-1.24749178,6.0
257011,3.43976899,-1.36913638,6.6
257019,3.46574466,-1.36916964,5.8
257026,3.48544899,-1.39584157,6.5
257028,3.48764796,-1.25726102,6.1
257033,3.50320706,-1.25919678,6.1
257041,3.51299705,-1.30703766,5.0
257042,3.51612002,-1.2326829,5.8
257047,3.52253214,-1.30361817,6.8
257055,3.54381622,-1.39033452,6.8
257069,3.57443096,-1.32093237,6.4
257070,3.57249939,-1.2294985,6.0
257074,3.57796765,-1.23549119,6.5
257077,3.58330051,-1.25433871,6.9
257078,3.58512859,-1.31099907,6.7
257089,3.61095583,-1.24321878,6.9
257107,3.66758915,-1.37166095,6.2
257112,3.68844598,-1.34035595,6.1
257116,3.70206071,-1.30638724,6.0
257119,3.71105134,-1.22705446,6.0
257131,3.73899566,-1.35549222,6.2
257140,3.75228096,-1.2909865,6.6
257142,3.76283387,-1.39816397,5.2
257152,3.78416623,-1.37217999,6.5
257163,3.79440143,-1.33917581,6.0
257167,3.80412124,-1.33123258,6.9
257170,3.81252333,-1.3954846,6.7
257174,3.82005886,-1.28620701,6.7
257182,3.84842584,-1.34410603,6.6
257183,3.84790886,-1.31142338,6.6
257193,3.8740232,-1.37959143,3.8
257202,3.88993682,-1.34696895,6.5
257204,3.88991421,-1.30783062,6.8
257206,3.89744523,-1.27740847,5.6
257212,3.91774239,-1.3380157,5.0
257218,3.92784966,-1.34669935,6.0
257219,3.92670153,-1.30956412,6.3
257225,3.93299657,-1.24776167,6.8
257238,3.95816334,-1.25498327,6.5
257241,3.96633279,-1.26200851,6.8
257243,3.97128538,-1.31706099,6.9
257247,3.98180986,-1.27008148,6.1
257252,3.99442816,-1.3811855,6.6
257258,3.99672407,-1.22894504,6.7
257264,4.01200035,-1.25301594,6.5
257268,4.02511097,-1.29851512,6.6
257284,4.06147396,-1.25060016,6.7
257289,4.06449127,-1.2808904,5.6
257303,4.09851829,-1.35992681,6.0
257307,4.10306625,-1.28188756,5.8
257308,4.10236855,-1.22570178,6.5
257310,4.10987551,-1.32787912,6.0
257341,4.18839176,-1.36182326,6.5
257347,4.19219534,-1.26472603,6.6
257350,4.19867684,-1.28308142,6.8
257357,4.214665,-1.26363244,5.7
257379,4.26902219,-1.27484438,6.9
257380,4.2775682,-1.37350116,4.8
257381,4.27800547,-1.37300442,5.2
257394,4.29383568,-1.22425863,6.9
257407,4.33475849,-1.37701344,3.9
257409,4.33852804,-1.23898141,5.6
257413,4.34512087,-1.25478294,6.7
257420,4.37584216,-1.37922642,6.5
257421,4.36674216,-1.26187872,6.7
257424,4.37675533,-1.3529356,4.2
257446,4.43759983,-1.24112967,6.6
257472,4.50439097,-1.23431551,6.3
257478,4.5230049,-1.30084712,6.4
257491,4.54700922,-1.22388208,5.6
257520,4.64010362,-1.37344618,6.8
257525,4.64400931,-1.26049225,6.7
257542,4.70234097,-1.32954645,6.1
257545,4.7095121,-1.35828353,6.8
257563,4.7498228,-1.31083113,6.9
257569,4.76152582,-1.324555,5.7
257571,4.76725748,-1.28581412,5.9
257584,4.81536893,-1.30976634,5.6
257593,4.83707028,-1.35028067,6.7
257601,4.85605198,-1.29095101,5.9
257615,4.90025477,-1.36250781,6.8
257620,4.90016983,-1.24665703,4.1
257625,4.9210572,-1.35903883,6.3
257626,4.91425049,-1.27083551,6.8
257630,4.92935413,-1.27399834,6.2
257643,4.97178345,-1.31580062,6.7
257644,4.97196722,-1.22991428,6.7
257645,4.97408714,-1.25545397,6.9
257662,5.01840541,-1.24876184,6.8
257665,5.03158338,-1.35898608,6.9
257671,5.04562004,-1.32296127,6.8
257736,5.18983485,-1.26542208,5.5
257757,5.23856764,-1.27252819,4.1
257758,5.24009902,-1.29175827,6.5
257788,5.31650329,-1.27373523,6.6
257794,5.33500028,-1.37812914,6.8
257823,5.38913247,-1.24248113,6.5
257838,5.41947633,-1.32960239,6.1
257879,5.51836487,-1.34431731,5.2
257887,5.53617646,-1.33016133,6.5
257890,5.5386765,-1.27710982,5.8
257893,5.54729137,-1.26613408,6.2
257896,5.55599504,-1.22393677,5.1
257904,5.57748986,-1.3150494,6.8
257920,5.60818991,-1.25313603,6.1
257942,5.66770513,-1.38654463,6.3
257948,5.67876957,-1.35071176,3.7
257955,5.69621879,-1.23933057,6.2
257979,5.73979326,-1.22375651,6.8
257980,5.74024741,-1.22292137,6.7
257983,5.74682338,-1.33013399,6.6
257990,5.7677418,-1.35546531,6.6
257991,5.76880354,-1.32084549,6.5
257993,5.77292768,-1.32851403,5.9
258000,5.79403824,-1.22671712,6.8
258002,5.80066824,-1.23751388,6.9
258003,5.80630689,-1.3243666,6.5
258006,5.81160498,-1.32847855,6.2
258017,5.82628952,-1.23312394,6.8
258020,5.83740087,-1.3528337,5.6
258033,5.86698435,-1.26109594,5.4
258034,5.86944032,-1.22926215,6.0
258036,5.87238214,-1.30926431,6.2
258042,5.88982111,-1.36507059,6.8
258049,5.91418991,-1.3748248,6.1
258053,5.91827761,-1.26907791,6.7
258069,5.97636042,-1.34478618,6.7
258070,5.97465335,-1.22779923,6.4
258084,5.99807668,-1.22301761,6.1
258105,6.05799805,-1.38720039,6.2
258106,6.05888752,-1.28432424,6.1
258127,6.10487636,-1.3870595,6.3
258154,6.16679039,-1.35062799,5.8
258166,6.18894138,-1.34163367,6.0
258178,6.21521673,-1.23028928,6.0
258179,6.21631847,-1.37517619,5.7
258207,0.00696285,-1.34504958,4.7
258215,0.04379642,-1.43508011,5.3
258217,0.05814972,-1.48342044,5.7
258219,0.07078357,-1.3936761,6.7
258238,0.17311659,-1.49575929,6.8
258271,0.42728649,-1.44818656,5.9
258273,0.42527805,-1.47951047,5.6
258280,0.47026035,-1.3993474,6.1
258356,0.97099139,-1.48810874,6.7
258372,1.1256709,-1.39999947,5.6
258378,1.13867688,-1.42383723,5.8
258379,1.14688676,-1.44686307,6.8
258395,1.30395461,-1.43938094,5.9
258401,1.34087661,-1.46363093,6.8
258405,1.36324163,-1.42317458,6.5
258418,1.44091125,-1.47977876,6.2
258421,1.4711541,-1.40444997,5.6
258427,1.48349023,-1.4994876,6.7
258451,1.74552306,-1.41046185,5.6
258460,1.7757987,-1.51887142,6.4
258485,2.03991261,-1.42412909,6.9
258496,2.20055766,-1.41221818,5.6
258500,2.24451007,-1.44106324,6.9
258515,2.34176811,-1.49510242,5.4
258530,2.46157885,-1.41000099,5.4
258538,2.5040542,-1.41269534,5.2
258543,2.52349783,-1.42609486,6.8
258554,2.62115961,-1.43491692,5.6
258561,2.63599709,-1.42359065,6.6
258569,2.6974001,-1.44706625,6.7
258586,2.75247404,-1.50256312,6.7
258592,2.81548348,-1.40446165,5.5
258593,2.81772405,-1.40569279,4.6
258599,2.8763666,-1.42342228,6.7
258600,2.87643416,-1.47644111,6.3
258605,2.91770007,-1.50501574,6.6
258621,3.05886928,-1.45036449,6.2
258622,3.0701244,-1.40469877,6.6
258632,3.15178458,-1.49455225,5.9
258640,3.22342482,-1.54313237,6.6
258644,3.25339954,-1.50360978,6.2
258646,3.26818349,-1.46261267,6.6
258654,3.38148438,-1.48568171,5.4
258660,3.81922124,-1.56681043,6.6
258674,3.58198337,-1.49724791,5.6
258683,3.64622363,-1.4427963,5.8
258691,3.72434449,-1.47556971,6.9
258693,3.74472114,-1.41384968,5.0
258697,3.7716027,-1.44598216,6.4
258698,3.78262809,-1.46027898,4.1
258713,3.93500093,-1.45259468,5.6
258714,3.94783863,-1.44929004,5.5
258717,3.97558762,-1.4798224,5.9
258719,3.96405994,-1.40173472,6.9
258720,4.05055853,-1.5382103,6.5
258731,4.11584242,-1.47419681,5.7
258748,4.38903925,-1.45279428,6.4
258751,4.45483576,-1.50734144,6.1
258754,4.5203504,-1.5283202,6.5
258768,4.57598466,-1.44477648,6.8
258769,4.58783269,-1.41125908,5.9
258779,4.71920362,-1.48727907,6.4
258787,4.73611331,-1.4222068,6.3
258795,4.8350561,-1.47282629,6.5
258796,4.84034278,-1.40032503,5.9
258799,4.95143924,-1.52901106,5.2
258804,4.89667502,-1.42781571,6.3
258810,4.93904522,-1.45413348,6.8
258814,4.96618065,-1.45597596,6.6
258815,4.956707,-1.40896557,6.8
258833,5.12688555,-1.42685374,6.7
258844,5.21864042,-1.41982263,6.3
258856,5.34466003,-1.45404224,6.3
258857,5.5359964,-1.55258464,5.5
258861,5.38126736,-1.41310394,5.8
258864,5.4031479,-1.41875827,5.8
258880,5.53862414,-1.43164026,6.9
258899,5.63772168,-1.48021262,6.4
258902,5.64568998,-1.44308937,6.5
258904,5.64327132,-1.3969467,6.7
258914,5.7199008,-1.44371939,5.5
258916,5.73497164,-1.48411731,6.7
258928,5.84695793,-1.4039382,5.1
258931,5.95795127,-1.55017293,6.5
258932,5.89757154,-1.50041268,5.7
258937,5.93414455,-1.45302825,6.8
258941,5.96053567,-1.42037687,4.3
258946,5.97941664,-1.39842834,5.5
258961,6.07461643,-1.41219501,6.5
258970,6.14382775,-1.52685374,5.6
258989,6.24877156,-1.43149903,5.1
258992,6.25620535,-1.44875137,6.8
258996,6.27247677,-1.43413501,5.7
