Star ID,Ra,De,Magnitude
143,0.23946317,1.46097003,5.5
181,0.29996312,1.50546977,4.5
308,0.66240416,1.55795187,2.1
623,1.09094932,1.51191003,5.8
650,1.09103106,1.40845545,5.3
685,1.17031242,1.46272142,5.4
691,1.16519773,1.41064613,5.6
693,1.17810277,1.45456574,5.7
783,1.3104868,1.41710365,5.3
1168,2.00936688,1.51878799,5.3
1179,1.96818147,1.43835313,5.1
1551,2.51801938,1.41941442,4.6
1701,2.74754749,1.47047815,5.6
1714,2.75358742,1.44092032,5.3
2102,3.35638131,1.4558294,5.3
2459,3.88484272,1.44010496,5.7
2770,4.38936664,1.43182119,4.4
2859,4.53618992,1.39864553,5.9
2937,4.59116008,1.51121976,4.4
2940,4.58497994,1.51787896,5.9
3408,5.35920589,1.42109454,5.6
3458,5.42180591,1.44044147,5.7
3467,5.44349228,1.40590218,5.6
3721,5.81708473,1.50286709,5.4
3794,5.96676817,1.45130934,5.0
3816,5.99700345,1.47212036,5.0
3916,6.13927593,1.52380256,5.6
4216,0.19918825,1.30878769,5.6
4226,0.20842853,1.30633575,5.4
4341,0.31537321,1.39057382,5.7
4453,0.4298538,1.27478863,5.5
4470,0.44912347,1.2325968,5.3
4554,0.5321338,1.23756134,4.6
4560,0.53858672,1.26399062,4.1
4562,0.54593921,1.34881207,5.4
4565,0.54768519,1.3284592,5.3
4694,0.68954941,1.27091924,5.3
4810,0.81213981,1.38611446,5.7
4840,0.8374889,1.29841331,4.9
4875,0.8741027,1.35672767,5.5
5000,1.00020718,1.23693336,5.4
5006,1.00512879,1.24498311,4.7
5309,1.2602968,1.32542393,6.0
5407,1.32934755,1.2927134,6.0
5455,1.36299401,1.29061096,5.4
5483,1.38850352,1.27876769,5.8
5496,1.40742573,1.38284405,5.2
5861,1.69402748,1.23107831,6.0
5919,1.74742765,1.36128599,5.9
5946,1.7725329,1.38866773,5.6
6022,1.83288697,1.34350913,4.8
6041,1.83852598,1.23583555,5.8
6378,2.09524624,1.29011156,5.6
6392,2.115272,1.3871827,5.3
6487,2.17964011,1.32220772,5.7
6792,2.42547134,1.27315103,5.9
6897,2.5066482,1.2187703,4.6
6936,2.54361333,1.26104538,5.4
7164,2.77111241,1.32144012,5.0
7500,3.16451028,1.342257,6.0
7522,3.19481923,1.35465926,5.1
7532,3.20766144,1.22522443,5.9
7540,3.22377512,1.31179994,5.4
7593,3.28768937,1.21803445,3.9
7600,3.29314446,1.22211115,5.2
7821,3.52099,1.37259174,5.9
7854,3.56563225,1.24341183,5.7
7958,3.70380102,1.35345867,5.0
8024,3.78529357,1.32114429,4.4
8102,3.88643918,1.29425734,2.2
8207,4.00159935,1.2535632,5.1
8220,4.01743712,1.25374045,3.1
8274,4.06406556,1.35000069,5.3
8328,4.1192328,1.35777007,4.3
8417,4.2041563,1.34030267,5.6
8446,4.23602594,1.32431337,5.5
8470,4.26517519,1.32217771,5.0
8527,4.30100979,1.37818116,5.5
8890,4.63358482,1.25923532,4.9
8939,4.66635578,1.34325479,5.0
8961,4.6913814,1.25672879,5.5
9084,4.80296088,1.24508124,4.2
9087,4.80426537,1.26942848,3.7
9151,4.84219319,1.35345135,5.8
9241,4.91213784,1.29303464,5.4
9250,4.91471453,1.31657172,5.4
9283,4.94974365,1.24437094,4.9
9341,5.01417641,1.33623193,5.1
9366,5.04203848,1.28029413,4.6
9404,5.06839579,1.33621714,5.8
9540,5.18438339,1.22640549,4.0
9665,5.27477421,1.3563196,4.4
9802,5.37346392,1.30820475,5.2
10057,5.62284202,1.23151726,3.3
10126,5.68070478,1.24462018,4.9
10131,5.68570165,1.26222478,5.4
10216,5.75631128,1.27722996,5.1
10265,5.80237808,1.26259305,5.0
10402,5.88997114,1.37574284,5.5
10414,5.90038857,1.33040209,5.7
10425,5.91565642,1.28531646,5.2
10629,6.05584912,1.31576179,4.6
10664,6.08518541,1.29557928,5.7
10671,6.08958095,1.23723283,5.6
10737,6.14040327,1.22800978,5.6
10818,6.19307279,1.3549406,3.4
10937,0.01135409,1.15364421,6.0
10956,0.02050478,1.17227885,5.8
11256,0.14398712,1.09836673,4.2
11444,0.23155778,1.06681665,4.9
11482,0.2474378,1.05970623,2.8
11612,0.30829467,1.20041603,5.3
11617,0.31280845,1.13479194,5.5
11751,0.37495737,1.18909272,5.0
11919,0.44655151,1.18757487,5.5
12031,0.49914308,1.11125244,3.4
12038,0.50614163,1.19878206,5.0
12076,0.52199889,1.12785838,5.2
12298,0.65042385,1.17639342,4.6
12421,0.71919688,1.18376321,5.8
12517,0.76772263,1.07374697,5.6
12704,0.87261765,1.14584977,4.8
12743,0.89306542,1.12723937,5.5
12874,0.96933485,1.10334087,5.3
12890,0.98619582,1.17288918,5.8
12891,0.98627792,1.10557949,5.0
12916,1.0014708,1.14364488,4.7
12968,1.03470957,1.06655141,5.2
12969,1.03595058,1.10081731,4.9
13075,1.12091088,1.0794907,5.6
13098,1.13739399,1.13691577,5.4
13113,1.14228971,1.06003959,5.7
13291,1.27446851,1.1083773,5.8
13298,1.28303735,1.15789802,4.4
13351,1.32391194,1.05491608,4.2
13460,1.39790859,1.0935152,5.9
13518,1.44063891,1.1007315,5.8
13570,1.49417957,1.14663977,5.8
13756,1.62687034,1.14700275,5.4
13772,1.63920145,1.04718213,5.6
13787,1.64896519,1.07364433,5.3
13788,1.6530313,1.20985913,4.7
13973,1.79311826,1.17935233,5.0
13986,1.80512467,1.20232697,5.1
14211,1.96732532,1.19495136,5.8
14456,2.15030323,1.19509806,5.5
14573,2.22644984,1.05973226,3.5
14590,2.24538317,1.13699683,5.4
14616,2.26986941,1.12273458,4.8
14691,2.32729162,1.08144649,5.7
14703,2.34147067,1.12755256,5.6
14742,2.36730046,1.18035963,5.0
14769,2.39281608,1.16715917,5.3
14788,2.4015132,1.17171962,4.9
14796,2.40383303,1.10852003,4.7
14819,2.41878272,1.07203892,5.2
14908,2.49376432,1.1006373,3.8
14966,2.5405326,1.20842302,5.7
15135,2.69668387,1.13635547,5.7
15163,2.7232845,1.14434941,4.9
15260,2.80040442,1.19456278,5.9
15261,2.80100634,1.14696576,5.1
15269,2.80591195,1.20560693,5.2
15273,2.81277393,1.20036265,5.9
15384,2.89606083,1.07775618,2.0
15486,2.97951265,1.12277845,6.0
15520,3.00665914,1.07823634,5.9
15532,3.01682154,1.21005578,4.1
15542,3.02093564,1.06609292,5.5
15567,3.03707797,1.2099128,5.4
15606,3.0651156,1.16491768,5.5
15816,3.27297624,1.20778859,5.3
15871,3.32295345,1.09454901,5.9
15901,3.34804423,1.09573341,5.8
15902,3.34916663,1.16571181,5.7
15907,3.35389734,1.05278144,5.9
15941,3.38364982,1.14211636,5.3
15960,3.40303563,1.16234235,5.5
16080,3.52753433,1.0462525,5.4
16142,3.58445846,1.13136261,5.7
16186,3.62050547,1.07319006,6.0
16199,3.62780611,1.12963396,4.8
16273,3.68434271,1.12357035,3.6
16305,3.71784801,1.21182772,5.4
16406,3.79944026,1.10279768,6.0
16558,3.91644568,1.15073698,4.9
16574,3.93331756,1.05076854,5.9
16660,3.9908634,1.17542316,5.2
16712,4.02569413,1.08292735,5.8
16713,4.02577231,1.10551477,5.8
16794,4.09128164,1.20922112,5.9
16848,4.1306106,1.09256782,5.1
16962,4.2164008,1.18350995,5.4
17062,4.28396323,1.20618827,5.4
17073,4.29256639,1.07680852,5.6
17074,4.29347273,1.07362596,2.9
17107,4.3108906,1.20023006,5.0
17188,4.36733622,1.12729134,5.0
17281,4.43326138,1.13681546,4.8
17365,4.4889304,1.14693711,3.2
17391,4.50531825,1.09736559,5.5
17472,4.56267856,1.04804229,5.7
17526,4.59006067,1.18918067,5.2
17546,4.6032718,1.07992146,5.3
17576,4.61181976,1.20005281,4.9
17828,4.77302325,1.12394448,5.0
17888,4.82576782,1.14429899,5.0
17958,4.87626623,1.09129203,5.6
18222,5.02896887,1.18091678,3.2
18299,5.06437193,1.146934,4.6
18396,5.1153879,1.21581643,4.8
18658,5.24242678,1.13133949,5.4
18676,5.24828076,1.18461692,4.7
18700,5.26019365,1.08202579,5.6
18751,5.28652216,1.0834781,5.7
18807,5.32155638,1.08659749,5.6
18826,5.32844526,1.11666883,5.9
18897,5.36506104,1.09945411,4.3
18979,5.41181812,1.0560152,6.0
19004,5.42441277,1.16339256,5.6
19019,5.4336023,1.079291,3.6
19229,5.5393851,1.19538032,5.2
19302,5.57885645,1.09232411,2.6
19313,5.58230777,1.13222602,5.2
19541,5.66324763,1.08353419,4.9
19624,5.69609662,1.06675867,4.5
19753,5.7449822,1.11047689,4.9
19827,5.77612542,1.12796867,4.6
19849,5.78205001,1.08698902,5.2
19922,5.8060512,1.224046,5.5
20190,5.92823224,1.10975742,5.2
20268,5.97635832,1.15541519,3.7
20398,6.03686888,1.17302333,5.5
20554,6.10265638,1.18877139,4.9
20614,6.12976003,1.08704032,5.2
20838,6.22476717,1.16557126,5.9
20853,6.23044335,1.18345225,5.0
21133,0.04004942,1.03235736,2.4
21489,0.13863812,0.95159326,4.9
21551,0.1576825,0.94541853,5.1
21566,0.16131911,0.94067846,3.7
21609,0.1767484,0.98676276,2.5
21637,0.18354311,0.88160983,4.9
21729,0.21307998,0.88956426,5.0
21732,0.21424207,1.00907767,3.6
21832,0.23999186,1.0292673,5.0
21855,0.24724189,1.03290398,4.8
22070,0.31024558,0.96254598,4.5
22191,0.34942277,1.01633291,5.3
22268,0.37444483,1.05130349,2.8
22397,0.40985625,1.03379439,4.9
22554,0.45230535,0.88468481,4.2
22690,0.48864994,0.96250404,5.5
22859,0.53364242,0.95098768,5.0
23047,0.58296484,0.89126741,5.4
23256,0.62114814,0.97469187,5.2
23319,0.63540224,0.8775277,4.9
23655,0.7448066,0.97556017,4.0
23685,0.76034229,0.92087949,4.1
23763,0.78919389,0.91370953,5.4
23789,0.8063267,0.93386382,3.1
23791,0.80957177,0.98970418,5.1
24054,0.91223655,1.04615491,4.4
24061,0.91592341,1.02762785,4.8
24064,0.91631327,0.96781867,5.0
24384,1.06662539,1.03245868,5.1
24412,1.07592465,0.87879529,4.3
24512,1.12014657,0.93570219,5.1
24531,1.12680209,0.87782324,4.6
24743,1.2213457,0.92641388,5.3
24744,1.22159194,0.93328214,5.4
24829,1.25665771,0.99060045,5.4
24904,1.28740722,0.96445406,5.6
24929,1.29715633,0.93815151,4.4
25001,1.33579262,1.02926201,5.3
25019,1.33813077,0.90055028,5.0
25161,1.41136152,1.00433808,5.3
25447,1.548819,1.04524841,5.3
25450,1.54830834,0.97227115,4.9
25502,1.5687332,0.94744655,3.9
25597,1.61436374,1.02862405,5.4
25665,1.65641905,1.02993513,4.4
25681,1.66578587,0.93291509,5.4
25733,1.68779847,1.01957248,5.5
25842,1.73503872,0.99235291,5.8
25939,1.77253697,1.03745483,4.9
25947,1.77511453,0.99779033,5.5
26012,1.80242021,1.03757424,5.4
26051,1.82070842,1.01966731,4.5
26223,1.89101923,0.89760053,5.7
26248,1.90203648,1.04087127,5.3
26312,1.93237444,0.96484293,5.6
26333,1.94147532,0.90560306,5.9
26474,2.02024813,1.02468998,5.0
26488,2.024883,0.88023349,5.3
26618,2.10026566,1.03057145,5.8
26687,2.13129653,0.89896087,4.9
26732,2.15476866,0.98527846,5.9
26756,2.17223919,1.03971242,5.5
26819,2.19828212,0.92885705,5.6
26935,2.26181363,0.93203021,5.7
26946,2.2658457,0.9199917,6.0
27105,2.37367556,0.9474323,5.7
27136,2.39490226,0.90066916,4.5
27185,2.42527215,0.99032193,5.5
27191,2.42683429,0.9428592,4.9
27289,2.49955976,0.90193957,3.3
27298,2.50814424,0.90846962,4.6
27377,2.55921148,0.99707233,5.4
27401,2.57867859,1.03042053,3.9
27408,2.58354951,0.94360067,4.5
27430,2.59930329,0.86952163,5.3
27438,2.60589307,1.00213669,6.0
27464,2.6173881,0.99155224,5.7
27503,2.63808916,0.94058833,5.7
27670,2.75162632,0.97704525,4.8
27695,2.77141574,0.99628024,5.2
27724,2.78856898,0.93668868,5.7
27748,2.80876847,0.99831398,5.8
27791,2.84132999,0.98754574,5.8
27793,2.8422484,1.03532849,5.7
27815,2.85175244,0.95268996,5.4
27876,2.88782833,0.98405818,2.4
28017,2.9930319,0.9747738,5.9
28064,3.03286671,0.95618358,5.8
28081,3.04508809,0.88344906,6.0
28142,3.0845502,0.97089437,5.4
28179,3.1146735,0.93715042,2.5
28191,3.12402366,0.98783144,5.9
28315,3.208902,0.9954066,3.4
28346,3.23255347,1.00991746,5.7
28366,3.24641916,0.899932,5.0
28394,3.26195347,0.97237073,5.8
28405,3.27229803,1.01937317,5.4
28444,3.30036846,1.03824144,5.5
28553,3.37733988,0.97668407,1.7
28572,3.38721669,0.94421246,6.0
28601,3.40657843,0.98377975,4.9
28737,3.50778818,0.95862883,2.4
28751,3.51345672,0.95972335,4.0
28803,3.55227568,0.96601395,5.5
28832,3.57577188,0.92365117,5.3
28843,3.58114212,0.95437638,4.8
28885,3.60669759,0.95003129,5.5
28928,3.63835736,0.93774301,5.6
29046,3.72402546,0.90390869,4.6
29071,3.73572637,0.89652783,4.9
29137,3.77513263,0.90496694,4.1
29165,3.79011381,0.86995592,5.6
29227,3.8321017,0.94288601,5.5
29315,3.8896407,1.03487519,5.7
29407,3.95438536,0.95218784,5.2
29487,4.01463187,0.90684714,5.5
29520,4.03576541,1.02915138,3.5
29588,4.08385963,0.95348195,5.7
29628,4.11394401,0.91387117,5.5
29655,4.13023397,0.96821665,5.9
29668,4.13482681,0.96650662,5.8
29698,4.15509204,0.97436123,5.9
29727,4.17914835,0.95556418,5.0
29737,4.18473639,0.87058817,5.9
29765,4.19703158,1.02215692,4.1
29874,4.26408473,1.04292101,5.6
29931,4.29535245,0.96351105,5.7
30012,4.34670258,0.92328174,5.6
30026,4.35463204,0.97765772,5.4
30076,4.38643376,0.99103111,4.9
30239,4.47384298,0.95068729,5.1
30354,4.54552067,0.9323608,6.0
30429,4.58337693,0.91283178,3.0
30447,4.59098235,0.96314783,5.0
30538,4.64252243,0.93901831,5.7
30591,4.66470244,0.88629637,5.2
30631,4.68415195,0.99261485,3.9
30653,4.69758095,0.8986519,2.4
30784,4.75832714,0.94748214,5.9
30949,4.81671204,1.02626494,4.9
31039,4.8545203,0.99563539,5.0
31051,4.86050329,0.91374434,5.4
31119,4.89840748,0.96934675,5.1
31219,4.93580276,1.03652302,4.8
31241,4.94463289,0.88502495,5.0
31311,4.97519506,0.88197479,5.2
31323,4.97734247,0.97142122,5.5
31371,4.99565388,0.93194881,5.4
31468,5.02513504,0.99237967,5.2
31497,5.03492626,1.00714234,5.3
31537,5.04881239,0.93145585,4.0
31702,5.10380517,0.90285499,3.9
31782,5.12398111,0.89424659,5.6
31815,5.13319244,0.87652151,4.6
31822,5.13485938,0.87615199,5.6
32042,5.19509789,0.92481584,5.2
32085,5.2067108,1.0039769,5.0
32114,5.21691814,0.91523233,4.8
32122,5.21819732,1.02705621,5.1
32378,5.29444785,0.98729329,4.3
32627,5.36449511,0.97857867,5.9
32809,5.42016668,0.87860025,5.4
32862,5.43387319,1.00495661,4.6
33034,5.49124972,0.88073023,5.5
33665,5.68145825,0.89342905,4.8
33693,5.68762377,1.02590502,4.0
34137,5.80694946,1.0158031,3.6
34143,5.80830413,0.88703446,5.4
34149,5.80981616,1.03697879,5.2
34151,5.81111992,0.99203225,5.4
34227,5.8251811,0.99559743,4.2
34395,5.86238781,0.91156845,4.6
34508,5.88686867,1.0195366,4.0
34542,5.89612175,0.87759562,3.9
34628,5.92265868,0.89963331,4.8
35039,6.02175673,0.99388846,5.5
35147,6.05024647,1.03707202,4.9
35361,6.11974199,1.04952587,5.9
35478,6.15242851,1.02187224,4.9
35642,6.19216304,0.88089667,5.3
35763,6.22671867,1.02366911,5.1
35879,6.25868161,1.00355477,4.8
35938,6.27626479,0.8968993,4.8
35947,6.27886067,0.97310697,4.9
36123,0.04503386,0.8041128,5.1
36173,0.05896915,0.71620332,5.7
36390,0.12317334,0.7748301,5.2
36509,0.16046564,0.77647279,5.4
36602,0.18966733,0.82073502,5.0
36617,0.19390281,0.83538691,5.5
36620,0.19515195,0.84272127,4.7
36699,0.21735487,0.71696157,4.4
36950,0.29677084,0.76693622,5.2
36972,0.30326361,0.82452505,4.3
36984,0.3067939,0.73446058,5.7
37155,0.3592777,0.79462659,5.0
37228,0.38246883,0.79249739,5.0
37275,0.39314959,0.8204309,5.3
37362,0.42235739,0.72266114,4.2
37375,0.42757476,0.84872244,3.8
37406,0.43349608,0.77468417,5.2
37418,0.43886166,0.7082023,4.9
37419,0.43922709,0.75568805,5.5
37434,0.44412484,0.74374578,5.1
37587,0.49432044,0.71086911,5.6
37734,0.54061406,0.73879283,2.3
37867,0.58128962,0.77198967,5.1
37948,0.60772314,0.82693685,5.1
37960,0.61509592,0.87530817,5.6
37986,0.62324108,0.7224997,5.9
38005,0.630128,0.87277865,5.5
38288,0.71645693,0.85919936,4.2
38592,0.8210415,0.71481142,2.9
38597,0.82495969,0.86591646,4.2
38609,0.82683192,0.78290792,4.0
38714,0.8688569,0.87432206,5.1
38750,0.87895996,0.75624496,5.0
38787,0.89152662,0.87024206,1.9
38849,0.90779549,0.85630769,4.9
38872,0.91354147,0.86409327,4.7
38890,0.91880546,0.83767523,4.5
38980,0.9446151,0.84112076,4.3
39053,0.97269308,0.83405023,3.1
39078,0.98259419,0.74313521,3.9
39195,1.0296087,0.83551006,5.3
39336,1.08499004,0.83274075,4.0
39404,1.11220023,0.84490211,4.3
39409,1.11216365,0.70657463,4.9
39483,1.14123662,0.81155662,4.9
39639,1.20728293,0.72020551,4.5
39688,1.22784706,0.84301109,5.7
39699,1.23440797,0.75686475,5.3
39799,1.27040495,0.85068303,5.8
39955,1.31758832,0.76486,3.5
39966,1.3198094,0.71690805,3.9
40026,1.33742253,0.7196776,3.3
40077,1.35574987,0.819644,5.6
40186,1.38181775,0.80281742,0.2
40233,1.39251574,0.69986059,4.9
40269,1.40414844,0.7296298,5.1
40466,1.46723358,0.83279297,6.0
40583,1.50927587,0.86963275,5.5
40750,1.56874069,0.78448051,2.1
40756,1.57051424,0.80174904,4.6
40778,1.57505798,0.8360467,5.7
40801,1.58306446,0.87101602,6.0
40840,1.59286209,0.75017233,5.9
41076,1.67943536,0.86023696,5.1
41239,1.74241252,0.74157004,5.1
41288,1.75878123,0.77709946,5.2
41330,1.7747339,0.76056974,5.3
41346,1.77874962,0.85153853,5.3
41380,1.79230384,0.72922348,5.0
41463,1.82220322,0.78704255,4.8
41644,1.90169185,0.8244947,5.5
41681,1.91345791,0.86332673,4.8
41708,1.92550075,0.7893843,5.6
41738,1.93793077,0.70986574,5.3
41764,1.94915724,0.85890547,4.5
41797,1.95852107,0.84096581,5.6
41808,1.96320343,0.86694916,5.4
41879,1.99197496,0.80599843,5.8
41934,2.01239895,0.84005373,5.8
42058,2.07131916,0.83015912,5.7
42319,2.19403529,0.75377474,4.4
42490,2.27336815,0.79995382,5.5
42576,2.3210589,0.76317266,5.2
42612,2.34237446,0.79642772,5.9
42630,2.3527367,0.8384841,3.1
42642,2.35898636,0.72924632,4.1
42661,2.37201365,0.82303769,3.7
42682,2.3797648,0.84701372,5.6
42759,2.4164234,0.75429324,5.3
42790,2.43264122,0.81711564,5.7
42876,2.48127213,0.79589768,5.6
42958,2.52358116,0.7023139,5.2
43046,2.56820742,0.80321807,5.2
43115,2.60788864,0.71655632,5.2
43268,2.69259209,0.74899729,3.5
43310,2.71542281,0.7243033,3.2
43379,2.76299431,0.70555648,4.8
43444,2.8080094,0.80640941,5.3
43512,2.85352213,0.75380698,4.8
43557,2.87746391,0.70564103,5.1
43562,2.88086061,0.79458456,5.7
43627,2.92186508,0.75411503,6.0
43629,2.92195642,0.77664558,3.1
43675,2.95264905,0.86352356,6.0
43719,2.97939361,0.75891779,5.1
43787,3.012956,0.75351478,5.9
43837,3.04709616,0.76140716,5.5
43886,3.0807264,0.8339078,3.9
44002,3.15081657,0.75128948,5.1
44097,3.21195538,0.70965364,5.9
44127,3.22804027,0.8549347,5.6
44155,3.24537037,0.74250951,6.0
44230,3.28882158,0.72182362,4.3
44317,3.33851314,0.79308295,5.4
44383,3.38132453,0.82373936,6.0
44465,3.42901057,0.79008578,5.7
44519,3.4632404,0.70079919,5.0
44531,3.47116543,0.71305679,5.7
44549,3.47993593,0.70812618,4.7
44556,3.48299142,0.86711685,5.1
44570,3.49203659,0.70075881,5.7
44668,3.55372925,0.85548952,4.6
44742,3.60508993,0.71713349,5.7
44752,3.61082733,0.86068032,1.9
44901,3.69978931,0.76540547,5.4
44905,3.70135371,0.86320901,5.4
44965,3.73667902,0.80439307,4.3
45121,3.8164253,0.86164084,5.9
45145,3.83190579,0.761698,5.9
45153,3.8346509,0.77500502,5.4
45190,3.85604835,0.70615071,5.8
45226,3.88035329,0.80488006,5.8
45288,3.91121188,0.86618179,5.7
45337,3.93548112,0.70494818,3.6
45357,3.94352476,0.83172599,4.9
45370,3.95068613,0.84039359,5.6
45497,4.01727924,0.77552474,5.9
45580,4.06194571,0.7126716,5.1
45590,4.06567126,0.71382977,5.0
45643,4.09204144,0.70430091,5.4
45650,4.09397665,0.81677453,5.8
45772,4.15683112,0.74092014,4.6
45788,4.1653636,0.7529093,5.5
45863,4.20038217,0.82449892,5.8
45865,4.2010006,0.80349354,4.6
45911,4.22705539,0.7842622,4.3
46028,4.2749254,0.80832083,3.9
46108,4.31376458,0.7309754,5.0
46147,4.32748999,0.79584294,5.5
46161,4.33759385,0.740666,4.3
46184,4.34668323,0.81355997,6.0
46210,4.35785945,0.85396236,5.1
46305,4.40362925,0.8025597,4.9
46524,4.49227125,0.71169422,5.1
46561,4.50151314,0.86824521,6.0
46645,4.53939245,0.80705649,5.8
46664,4.54539071,0.69768698,5.7
46723,4.5672538,0.84229721,5.8
46792,4.59510613,0.71983414,5.8
46838,4.61040699,0.84798014,5.5
46872,4.6227877,0.80296214,3.8
47037,4.68315908,0.69827065,5.1
47121,4.71210653,0.79414895,5.9
47237,4.74502555,0.75855136,5.1
47342,4.78066095,0.7358184,5.4
47417,4.80639161,0.85733496,5.1
47919,4.95383514,0.76700482,4.3
48011,4.98046952,0.81916665,5.1
48601,5.12553663,0.7402415,5.3
48649,5.13402424,0.78007476,5.2
48691,5.14628227,0.74731959,5.4
48718,5.1523763,0.79455663,5.0
48796,5.17043137,0.78767999,3.0
49011,5.22390637,0.70454928,5.4
49098,5.24192246,0.8744914,5.3
49332,5.29402134,0.81708801,5.0
49337,5.29546712,0.8157906,4.0
49385,5.30349607,0.83277275,4.2
49528,5.33297788,0.70261196,2.3
49712,5.36714583,0.85436747,4.9
49941,5.41676969,0.79029134,1.3
50099,5.44952515,0.8048452,4.9
50121,5.45451287,0.76898097,5.1
50180,5.46831704,0.77470502,4.7
50274,5.48545421,0.71850347,4.0
50335,5.49702807,0.82939777,4.9
50424,5.51930305,0.76668566,3.9
50456,5.52659308,0.83162175,4.9
50690,5.57830129,0.76700133,5.1
50867,5.61498695,0.85233377,5.3
51035,5.64605679,0.79572746,4.2
51079,5.6550392,0.7919384,5.1
51101,5.65900888,0.70534956,5.1
51293,5.70196267,0.86061502,4.3
51650,5.78591068,0.78564959,5.3
51904,5.85132969,0.81221767,4.7
51970,5.86655769,0.86352603,4.6
52055,5.88844361,0.83264146,4.6
52079,5.89261262,0.75264687,4.5
52251,5.93636337,0.7727677,4.6
52436,5.98662791,0.75594627,5.2
52516,6.0058258,0.8680141,5.1
52526,6.00862785,0.84969803,5.2
52609,6.02976859,0.7387283,3.6
52623,6.03275514,0.74626478,5.1
52649,6.03963654,0.8735737,4.9
52787,6.07614788,0.86230275,4.6
52871,6.09881134,0.85547876,5.0
53204,6.18529103,0.81084822,4.0
53216,6.18778968,0.75517061,4.3
53264,6.19770163,0.77377257,4.3
53355,6.22224874,0.81018722,5.1
53777,0.07457734,0.6751205,4.4
53798,0.0799707,0.6420246,4.5
53803,0.08132325,0.5500794,5.8
53820,0.08904379,0.53993263,5.8
53825,0.09057881,0.57441093,6.0
53828,0.09216007,0.66267766,5.2
53860,0.10486564,0.67330076,5.6
54033,0.16092437,0.58851324,4.5
54038,0.16298088,0.61783802,5.6
54058,0.17160252,0.5386265,3.5
54079,0.17942057,0.68868273,5.4
54281,0.2476348,0.67193998,3.9
54374,0.27409487,0.55509121,5.5
54471,0.30426485,0.62169564,2.4
54493,0.31028805,0.54846482,5.0
54655,0.36510724,0.65825141,5.5
54912,0.44531247,0.61515157,5.5
55107,0.50682463,0.65016438,5.8
55218,0.53653996,0.58091519,5.4
55289,0.56063488,0.66076687,4.8
55306,0.56524051,0.610643,3.1
55347,0.57757883,0.52888674,5.4
55397,0.59313917,0.58222056,5.3
55420,0.59801089,0.59732633,5.1
55427,0.59914746,0.59074625,4.1
55635,0.66367367,0.63088945,5.4
55687,0.67972015,0.60541312,5.6
55793,0.70794445,0.70151478,5.0
55928,0.74430933,0.66878724,4.3
55946,0.74837515,0.61190676,4.7
55975,0.75795162,0.66911725,5.3
56031,0.77356221,0.55735645,5.2
56047,0.77999441,0.69224572,4.6
56052,0.78130144,0.61406186,5.0
56138,0.80798505,0.67789083,3.7
56224,0.83465943,0.69135241,4.8
56285,0.85233976,0.53331672,5.5
56340,0.86712335,0.59729661,4.9
56628,0.96486652,0.65589643,5.6
56646,0.9702974,0.5928004,5.0
56673,0.97877606,0.56353671,3.9
56675,0.97966836,0.63635073,5.6
56727,1.00157523,0.57755272,5.1
56799,1.02159393,0.5564737,2.9
56824,1.0318308,0.6122792,5.5
56840,1.03783241,0.69830943,3.0
56856,1.04268224,0.6246705,4.0
57006,1.08476525,0.66391937,5.6
57171,1.13625639,0.60330404,5.1
57212,1.15403737,0.59568975,5.6
57229,1.16110188,0.54871222,5.3
57447,1.2649745,0.65429359,5.1
57475,1.27685197,0.64059009,5.0
57522,1.29587883,0.57885735,2.9
57548,1.30575099,0.66130816,5.0
57755,1.36758917,0.67168031,4.8
57799,1.37622069,0.57050784,5.1
57853,1.38831379,0.58244498,4.8
57906,1.39632812,0.59267721,5.2
57981,1.41656376,0.65249876,5.2
58051,1.42963548,0.60171506,5.3
58164,1.45179978,0.56185746,4.9
58280,1.47757262,0.53219287,5.5
58465,1.5235611,0.68384065,4.6
58496,1.53170648,0.65110666,5.0
58502,1.53366343,0.68327032,4.2
58636,1.56958187,0.649479,2.7
58749,1.59952881,0.67164934,5.3
58852,1.62462766,0.57060796,6.0
59128,1.69544876,0.53220369,5.0
59194,1.71240107,0.56644438,5.6
59280,1.73026604,0.67099707,5.1
59316,1.73947774,0.68749959,5.7
59319,1.74017893,0.69642981,5.3
59521,1.78759989,0.56910009,5.8
59570,1.80113165,0.59273505,3.6
59631,1.81954443,0.58784405,6.0
59773,1.85961748,0.60168403,5.6
59858,1.88120081,0.52787944,4.5
59866,1.88345155,0.68627267,5.1
60010,1.92878335,0.64159302,5.2
60118,1.95961721,0.55474132,4.2
60198,1.98356626,0.55655903,1.6
60243,2.00079048,0.61171327,5.6
60247,2.00348854,0.60361199,4.9
60328,2.03616408,0.6548023,5.5
60340,2.03987851,0.58321399,5.3
60890,2.23801934,0.6635114,6.0
60907,2.2459363,0.63564072,5.8
61125,2.33108226,0.53371063,5.6
61146,2.34285959,0.57439416,5.5
61177,2.35420503,0.56581034,5.6
61202,2.36230852,0.56290999,5.8
61254,2.38468401,0.6711172,4.7
61306,2.40264097,0.54040756,5.3
61387,2.43662355,0.6172194,5.8
61391,2.43841913,0.64232717,3.8
61414,2.44806368,0.60026314,3.3
61540,2.49381327,0.61266472,5.5
61570,2.50552072,0.63525728,4.6
61578,2.50919296,0.6915233,5.0
61586,2.51179045,0.62500575,5.5
61594,2.51639194,0.54387659,5.7
61636,2.53947697,0.69390878,5.5
61656,2.54623576,0.52315313,5.7
61808,2.62240607,0.55717406,5.6
61874,2.65041002,0.61513742,4.5
62010,2.7188113,0.59180794,5.8
62019,2.7233365,0.58849904,5.8
62038,2.73106634,0.58985235,4.8
62053,2.73965853,0.64066286,4.4
62101,2.75699139,0.56512869,5.8
62121,2.76423116,0.61066617,5.6
62173,2.78694371,0.55808978,4.8
62178,2.78871937,0.66165796,5.8
62236,2.81811711,0.53550691,5.4
62297,2.85060962,0.59716232,3.9
62314,2.86120478,0.58480631,5.2
62354,2.88345737,0.6843804,5.1
62484,2.95912852,0.55028893,3.9
62486,2.96042275,0.57760411,3.7
62491,2.96327171,0.66646309,4.8
62572,3.00663231,0.68655968,5.3
62655,3.05890943,0.59692985,5.5
62658,3.06118388,0.55407082,5.7
62718,3.09663079,0.60967303,5.8
62784,3.13850815,0.5788799,6.0
62802,3.14882624,0.62905113,5.6
62928,3.2136005,0.57703048,5.1
63000,3.25437961,0.68100309,5.2
63070,3.28841179,0.58027926,5.4
63177,3.33790234,0.68554574,6.0
63217,3.3605341,0.65479639,5.9
63257,3.38606019,0.66878215,2.9
63288,3.40459057,0.53730077,5.1
63338,3.42844115,0.62480921,5.1
63468,3.4866044,0.61309553,6.0
63623,3.55522143,0.64895593,5.0
63648,3.56684503,0.63346507,4.9
63701,3.58981393,0.6106732,6.0
63735,3.60548961,0.6720209,6.0
63739,3.6084515,0.67269833,5.6
63760,3.61564386,0.54437309,5.8
63781,3.62658969,0.60500728,6.0
63793,3.62937356,0.60116659,5.0
64053,3.74371619,0.61975798,4.8
64072,3.75156247,0.6770824,6.0
64178,3.79534172,0.55486014,6.0
64202,3.8040752,0.53008175,3.8
64203,3.80515804,0.66860509,3.0
64344,3.87948397,0.65993032,6.0
64355,3.88551365,0.65051888,5.5
64449,3.92531617,0.6853077,5.6
64589,3.99463476,0.58145295,3.5
64656,4.02215169,0.57480281,5.4
64673,4.02824333,0.52862237,5.0
64686,4.03385187,0.65235443,4.5
64769,4.07067388,0.54731867,4.2
64790,4.08079461,0.68085183,5.4
64834,4.09881085,0.63941601,5.1
64948,4.15053382,0.62233831,4.8
64974,4.17044069,0.66230004,5.5
65024,4.19335082,0.58125893,5.4
65108,4.22793569,0.63688519,4.9
65165,4.25284066,0.5909426,5.4
65233,4.27570877,0.69304562,5.5
65254,4.28520765,0.53916939,4.7
65257,4.28634247,0.58990505,5.4
65259,4.28690825,0.58824039,5.3
65290,4.29962799,0.65264992,5.5
65485,4.36893844,0.55157543,3.0
65504,4.37596062,0.67932335,3.6
65627,4.41990409,0.55329822,5.4
65716,4.45185394,0.53976867,3.9
65736,4.45759673,0.58587668,5.3
65812,4.48564468,0.62718988,5.4
65890,4.51624597,0.64244169,3.4
65913,4.52618722,0.57770626,4.6
65921,4.52769737,0.65086028,4.8
65930,4.53082005,0.67738769,6.0
65963,4.54073316,0.56666894,5.4
66001,4.55392639,0.64831947,4.5
66103,4.58551911,0.54381492,5.8
66175,4.61034285,0.53730237,5.8
66485,4.69604063,0.65014465,4.0
66524,4.7058565,0.52690506,4.5
66531,4.70673819,0.63333941,6.0
66648,4.74304256,0.53340714,5.2
66737,4.76432642,0.54812487,5.0
66869,4.7990525,0.62944577,4.3
66943,4.81811274,0.6895298,5.0
67090,4.85564728,0.53326945,5.4
67174,4.87356548,0.67690258,0.1
67310,4.90585669,0.69237304,5.1
67315,4.90604024,0.69137592,4.5
67321,4.90774754,0.65633286,4.3
67452,4.93090508,0.5822893,3.8
67559,4.95020602,0.64400628,4.5
67612,4.96121519,0.57423689,5.2
67663,4.96957881,0.57053999,3.3
67682,4.97425105,0.56104641,5.1
67834,5.00604943,0.63006788,5.1
67835,5.0065939,0.56726076,5.0
68010,5.03422173,0.68322698,4.5
68065,5.04560775,0.66555911,4.5
68301,5.08829836,0.63386538,5.1
68447,5.11281943,0.60131868,4.9
68637,5.14600142,0.52627626,4.8
68778,5.16738184,0.65195591,5.0
68827,5.17676277,0.58865888,5.0
68943,5.19481689,0.57446072,4.2
69101,5.21793298,0.67171968,4.9
69116,5.21987146,0.61232118,4.0
69231,5.23563818,0.64652227,5.1
69518,5.2771208,0.64297304,4.8
69678,5.29940335,0.64239253,5.0
69773,5.31359455,0.66380141,4.9
69806,5.31737224,0.61056349,5.2
69950,5.34009599,0.5618258,4.6
70095,5.36425048,0.53003085,4.1
70203,5.38391968,0.61524378,4.9
70467,5.43522691,0.53616229,4.3
70474,5.43762317,0.59289281,2.6
70499,5.4418492,0.59994079,5.2
70505,5.44284738,0.63688587,4.5
70917,5.52616365,0.54427559,5.7
70968,5.53552138,0.52718926,5.7
71070,5.55423269,0.52756004,3.4
71121,5.56232593,0.66401987,3.8
71165,5.57377798,0.68756703,4.3
71173,5.57596859,0.60906454,4.4
71358,5.61715079,0.64781129,5.2
71371,5.62055637,0.56243705,5.7
71480,5.64952687,0.67254639,5.0
72064,5.79984873,0.57896702,5.6
72077,5.80316486,0.57906883,4.4
72132,5.81542696,0.60396566,5.4
72155,5.82014531,0.6931546,4.6
72191,5.82926909,0.65884133,4.2
72406,5.89061974,0.56849946,5.5
72575,5.93089729,0.68155621,4.9
72627,5.94056329,0.702068,5.2
72851,6.00280827,0.63445453,5.6
73187,6.11225772,0.53084063,5.8
73205,6.11700691,0.55523074,5.4
73241,6.12980155,0.56522163,5.5
73311,6.15791575,0.68480238,5.3
73341,6.16953521,0.54673118,5.2
73345,6.17251849,0.58463915,5.7
73346,6.17246984,0.70225936,5.5
73535,6.23816454,0.63573923,5.9
73656,6.28094503,0.58860478,5.8
73765,0.03659875,0.50772379,2.1
73838,0.06516376,0.38893315,6.0
74041,0.1314334,0.5192642,5.3
74084,0.14220521,0.35420342,5.5
74164,0.1682312,0.51158655,4.5
74182,0.17421018,0.37416911,5.6
74267,0.20655455,0.42354172,4.3
74359,0.23984038,0.41239284,5.6
74373,0.24423854,0.47489129,5.9
74388,0.24961539,0.4087167,4.6
74395,0.25235636,0.50600862,5.6
74482,0.28659332,0.37477911,5.5
74506,0.29650279,0.36196786,5.6
74544,0.31177478,0.36712395,4.9
74546,0.3126785,0.52516254,4.7
74571,0.3217881,0.42906297,4.6
74637,0.34673838,0.47584797,4.7
74647,0.35396492,0.50157849,5.6
74883,0.44722528,0.35375347,5.3
74996,0.49341178,0.51624871,3.6
75012,0.50021151,0.36316777,2.7
75051,0.51456153,0.41182934,4.8
75146,0.55224385,0.39528779,5.1
75151,0.5548982,0.40949598,2.2
75171,0.56471175,0.45273535,5.1
75204,0.57945389,0.37020058,5.4
75238,0.59215894,0.43708431,5.6
75276,0.60628513,0.49990642,5.3
75382,0.64649752,0.5178278,5.4
75495,0.69296684,0.3832983,5.4
75510,0.70112014,0.47230064,5.4
75532,0.71319338,0.48358109,4.6
75578,0.73263991,0.51045936,4.6
75596,0.74169396,0.47578611,3.7
75673,0.78195812,0.3724586,4.6
75723,0.80915471,0.44078775,5.4
75810,0.85041873,0.36729509,5.0
75871,0.87414866,0.50699124,4.7
75886,0.87801908,0.36908473,5.2
75892,0.88225768,0.48184129,5.6
75899,0.88468158,0.36201469,5.3
76131,0.98120403,0.42085779,3.8
76140,0.98265498,0.42703383,4.4
76155,0.98535435,0.42529723,4.0
76172,0.98753558,0.41797756,4.3
76199,0.99258867,0.42071322,3.0
76228,0.99990895,0.41981151,3.8
76229,1.00001403,0.42126411,5.2
76430,1.06768459,0.3854023,4.5
76461,1.07777536,0.50616745,5.3
76532,1.12251164,0.35916413,4.8
76558,1.13600943,0.47735996,5.1
76601,1.15788924,0.38909997,4.4
76608,1.16198509,0.39817146,4.4
76654,1.19831398,0.50546645,5.7
76707,1.22753028,0.49942514,5.7
76721,1.23152606,0.40067335,4.3
76862,1.30095548,0.43721055,5.6
76920,1.3225039,0.37681542,4.7
76974,1.34438516,0.42350749,5.5
77097,1.39310588,0.38565639,5.1
77168,1.42371714,0.49929327,1.8
77184,1.42957606,0.38287201,4.8
77285,1.46368293,0.41957177,5.3
77336,1.47325286,0.36900638,3.0
77360,1.48238456,0.45198923,5.0
77592,1.52286988,0.42878173,5.0
77675,1.54168234,0.48192322,4.5
77705,1.54628398,0.35388577,4.6
77775,1.56204597,0.45298096,4.9
77911,1.58790063,0.35148042,4.7
77915,1.58877395,0.40602205,4.3
78135,1.63571159,0.39281709,3.7
78143,1.63789602,0.51483717,4.5
78297,1.67097953,0.39293553,3.2
78423,1.69717155,0.35276716,4.1
78524,1.72439105,0.48907975,5.0
78571,1.73827383,0.50587055,5.5
78593,1.74337514,0.49328347,5.8
78682,1.76248598,0.4386201,3.2
78692,1.76608653,0.50563716,5.5
78805,1.79572672,0.37980503,5.2
78816,1.79768862,0.41192689,5.8
78999,1.84312427,0.42263894,5.2
79031,1.85052323,0.35901903,3.9
79294,1.92039785,0.38366405,3.5
79328,1.92835815,0.35680711,5.2
79352,1.93502465,0.43721681,5.1
79374,1.94484918,0.48516779,3.9
79403,1.95363124,0.37428804,5.3
79427,1.9606154,0.49075493,5.0
79434,1.96267634,0.48722883,5.1
79533,1.98933661,0.46941842,4.2
79638,2.0215812,0.50411179,4.3
79653,2.02653488,0.42582495,3.7
79666,2.03032283,0.48914927,1.2
79774,2.06601881,0.46715066,5.0
79896,2.10974498,0.48510224,5.0
79959,2.12827093,0.37667167,5.4
79995,2.14000608,0.44518661,5.8
80016,2.15176495,0.51760376,5.6
80104,2.18194154,0.47503756,5.2
80112,2.18318676,0.36211291,5.9
80113,2.18399674,0.41926658,5.9
80181,2.20985569,0.48683172,5.8
80229,2.23187491,0.42029361,5.7
80243,2.23711177,0.35676518,5.5
80378,2.28326533,0.37469587,4.7
80416,2.29814898,0.50195553,4.2
80511,2.33726283,0.48742542,5.3
80595,2.36813981,0.42678497,5.5
80650,2.39110515,0.51756251,5.4
80666,2.39703047,0.38476496,5.2
80807,2.46376909,0.45696797,4.6
80885,2.49459895,0.40086567,4.5
81004,2.55625816,0.4149385,3.1
81035,2.57363968,0.36965118,6.0
81054,2.58257962,0.42577782,5.3
81064,2.58641934,0.45390662,4.1
81129,2.61626673,0.51740766,5.9
81154,2.63027758,0.38308479,5.6
81258,2.68885505,0.51156439,5.4
81260,2.69015263,0.41020614,5.9
81264,2.69085265,0.44281287,6.0
81265,2.69081818,0.40870855,3.6
81270,2.69323008,0.40327898,5.9
81298,2.70514006,0.34630207,2.6
81485,2.80575051,0.45946694,5.5
81490,2.8074309,0.40471383,5.0
81583,2.86065348,0.43196429,4.5
81637,2.88995705,0.3522023,4.4
81692,2.91826869,0.43037177,5.6
81727,2.94135234,0.35820585,2.6
81736,2.94613316,0.40309257,4.9
81893,3.03817746,0.48487021,5.8
81941,3.05774929,0.37267783,5.4
81998,3.08916864,0.35288701,4.5
82211,3.21289837,0.41792534,5.1
82273,3.23979026,0.45109983,4.8
82291,3.247659,0.45550602,5.1
82310,3.25678911,0.47592002,5.1
82313,3.25913112,0.49337617,4.6
82314,3.25935416,0.46819572,5.0
82330,3.26774323,0.45226276,5.4
82333,3.27008816,0.42077886,5.5
82336,3.27127287,0.36470512,5.7
82346,3.27689669,0.42877829,5.4
82390,3.29365832,0.39495395,4.8
82421,3.31229145,0.3676107,5.5
82537,3.36717057,0.48067541,5.1
82550,3.37414141,0.37079287,5.1
82659,3.43471437,0.48214149,4.9
82706,3.45519909,0.48656565,4.3
82825,3.51296214,0.41633753,5.8
82905,3.56476802,0.42958288,5.9
82942,3.58086686,0.34829233,5.6
82946,3.58245679,0.39262481,5.8
82993,3.60725472,0.44858734,5.9
83015,3.62030651,0.3711287,5.1
83055,3.63539793,0.50000333,5.8
83084,3.6502237,0.47982698,5.2
83103,3.65929418,0.37866959,5.4
83203,3.71056555,0.43793181,4.8
83416,3.81651337,0.51915076,4.5
83488,3.85465914,0.4629976,4.9
83500,3.8614849,0.47253403,2.7
83551,3.88324436,0.49944095,5.7
83553,3.88451052,0.41733964,5.8
83624,3.9361911,0.4364748,4.9
83645,3.94638892,0.47032435,4.7
83671,3.95884846,0.43404758,5.0
83682,3.96362681,0.45904171,5.7
83729,3.99019842,0.50901311,5.3
83755,4.00731334,0.35906256,5.7
83768,4.01487804,0.51689797,5.6
83831,4.04841854,0.50799015,3.7
83893,4.07834577,0.46625976,2.3
83958,4.1134919,0.45894368,3.9
84019,4.14338699,0.45497679,4.7
84037,4.15067774,0.36613275,4.9
84098,4.17826449,0.46910741,4.2
84152,4.19509164,0.52099877,4.9
84155,4.19880752,0.39801099,4.8
84240,4.23954802,0.41006089,6.0
84281,4.26185863,0.50876687,5.7
84411,4.32064983,0.37506394,2.8
84416,4.32213503,0.35743102,5.3
84423,4.32502799,0.38738189,6.0
84641,4.40979005,0.52022282,5.9
84651,4.41461261,0.43033614,5.2
84687,4.42842158,0.36579498,5.5
84758,4.45481663,0.395005,5.7
84835,4.47808158,0.38543837,5.7
84951,4.51617848,0.43352631,3.2
85001,4.53265665,0.50305703,5.8
85016,4.53857229,0.44571389,5.3
85021,4.54179643,0.42759738,5.1
85095,4.56760759,0.35047976,5.4
85163,4.58471182,0.45571759,4.5
85182,4.58945671,0.49580494,5.6
85397,4.65330769,0.48381787,3.5
85437,4.66360317,0.44720256,5.3
85590,4.70263775,0.51047259,3.8
85648,4.71896516,0.37691452,5.1
85672,4.72279492,0.36361438,5.1
85725,4.73870804,0.38779126,5.3
85750,4.74529964,0.50200052,3.8
85769,4.75060646,0.36328107,4.3
85770,4.75113958,0.34985556,5.2
85941,4.8009576,0.38329801,5.0
85957,4.80409323,0.50387636,5.0
86003,4.81579167,0.37995343,3.9
86406,4.91162726,0.35860107,4.3
86418,4.91342786,0.46534075,4.9
86521,4.94047733,0.37393946,5.3
86567,4.9512735,0.39523335,4.6
86673,4.97313295,0.45780854,5.3
87010,5.04494838,0.37333456,4.6
87036,5.05153591,0.40187161,5.4
87136,5.07388027,0.45836511,4.9
87159,5.0794611,0.51698946,4.9
87261,5.09944018,0.43048401,4.6
87301,5.10823758,0.48798722,3.2
87813,5.19701572,0.39461778,4.9
87883,5.20745984,0.42026898,4.5
88071,5.24079177,0.48439262,4.7
88212,5.26605098,0.41214986,5.1
88391,5.29813129,0.50081757,5.2
88410,5.30259388,0.44666277,4.8
88416,5.30363461,0.41030359,5.4
88428,5.30479147,0.48545068,4.7
88580,5.33222877,0.42666367,5.4
88944,5.40407249,0.37003113,4.8
88945,5.40411467,0.42090472,5.0
89084,5.43179254,0.44105643,5.1
89216,5.4605696,0.49306477,5.4
89228,5.46343892,0.47293066,4.8
89272,5.47405292,0.48969799,5.2
89332,5.49024928,0.38966114,5.6
89678,5.60242196,0.42366515,5.7
89685,5.60497879,0.45683038,5.7
89720,5.61851062,0.48185991,5.4
89752,5.62846089,0.41257513,4.8
89940,5.69039921,0.50165761,4.7
89949,5.69258872,0.44759012,4.3
89972,5.6988162,0.40053348,5.5
90040,5.71527619,0.52663885,5.0
90065,5.72685484,0.50253997,5.6
90075,5.7293167,0.4524785,5.0
90217,5.78392129,0.50551649,5.6
90238,5.79017895,0.44235481,4.0
90252,5.79378691,0.37878624,5.7
90337,5.81912022,0.49930767,6.0
90440,5.85262189,0.49446007,4.9
90544,5.88686663,0.46710552,6.0
90717,5.94178516,0.51151382,4.9
90734,5.94721953,0.52746027,3.1
90775,5.96261792,0.41129775,4.1
90816,5.9777676,0.42937907,3.7
90896,6.0103278,0.36248326,5.6
90981,6.03785456,0.49013727,2.6
91019,6.05241613,0.44450511,5.0
91022,6.05402154,0.36886011,5.9
91186,6.11143364,0.41434737,4.6
91253,6.13212604,0.40847952,4.6
91278,6.14213071,0.43924949,5.9
91340,6.16741907,0.39267654,5.5
91457,6.21333323,0.51245533,5.0
91522,6.2380548,0.50339455,5.9
91611,6.2734071,0.43880035,4.8
91669,0.00947001,0.47267133,5.9
91701,0.02487,0.23381294,5.7
91734,0.03944357,0.3178599,5.7
91750,0.04379831,0.19452863,5.5
91781,0.05775265,0.26500304,2.9
91792,0.06371724,0.3526733,4.9
91910,0.12238627,0.31229496,5.3
92072,0.20311131,0.27010037,5.6
92080,0.20518236,0.20898471,5.7
92099,0.21370924,0.295669,5.2
92145,0.23818232,0.33489906,5.8
92230,0.28400565,0.26085909,5.6
92283,0.30464766,0.34310511,5.6
92326,0.32344376,0.28158284,5.9
92436,0.37635589,0.33462044,5.3
92444,0.37827575,0.33580862,5.6
92484,0.39917236,0.26783401,3.7
92531,0.41849803,0.30427241,5.9
92536,0.42367373,0.21191065,5.6
92637,0.4720328,0.29593037,5.7
92659,0.48374455,0.19274398,5.9
92680,0.49536837,0.33677611,4.8
92721,0.51203881,0.31097443,5.2
92877,0.60268706,0.34734103,5.7
92932,0.63188591,0.18519088,5.5
93022,0.68343385,0.21725286,5.7
93062,0.70845605,0.34926719,5.7
93082,0.71798075,0.26724055,5.8
93083,0.71977204,0.2172198,5.2
93127,0.73867563,0.30480915,5.3
93144,0.74828083,0.2632309,5.5
93189,0.76710806,0.31994726,5.9
93195,0.76984568,0.3145635,5.6
93276,0.81330103,0.2301621,5.8
93320,0.83185781,0.20721499,5.9
93328,0.83614019,0.34429591,4.5
93463,0.91807926,0.19785818,5.1
93469,0.92010769,0.22578796,4.3
93611,0.99602217,0.19448917,5.0
93719,1.05016621,0.21799807,4.0
93868,1.13356284,0.27275303,3.9
93897,1.14726986,0.30617429,3.9
93923,1.15841749,0.31290486,4.2
93932,1.16215381,0.27259086,4.6
93954,1.17206124,0.33476137,3.6
93955,1.17187798,0.27859251,4.0
93957,1.17225876,0.27699941,3.6
94007,1.19488869,0.25908361,4.8
94026,1.20276958,0.17734058,4.4
94027,1.20393125,0.28814106,1.1
94044,1.21369033,0.21835659,4.3
94201,1.28672617,0.17716352,4.7
94218,1.29316397,0.23587107,4.3
94290,1.32893325,0.2688512,4.6
94332,1.34150471,0.32541635,5.0
94359,1.35131892,0.27222332,4.9
94526,1.41556718,0.30339853,5.1
94554,1.42753992,0.31349851,5.3
94628,1.44955252,0.3245319,4.7
94759,1.48918291,0.28857274,4.9
94864,1.51719857,0.24259301,5.2
94888,1.52519567,0.22080495,4.9
95166,1.58587284,0.34366638,5.2
95259,1.60383534,0.25775817,4.4
95362,1.62289535,0.24798966,4.4
95365,1.62339655,0.28153038,4.9
95432,1.635582,0.33434046,5.2
95447,1.63807426,0.28175185,5.3
95476,1.6425455,0.21418918,5.1
95659,1.68192246,0.25694694,4.7
95788,1.70956935,0.20149021,5.1
95912,1.73534648,0.28622139,1.9
96015,1.7558245,0.30796795,5.1
96051,1.76273113,0.23086997,4.6
96074,1.76840832,0.22506981,3.4
96265,1.80922881,0.22999522,4.7
96429,1.84845123,0.19114172,5.3
96535,1.86910364,0.27804394,5.6
96638,1.8909388,0.28202722,5.3
96672,1.89605181,0.21146201,5.8
96746,1.91153994,0.2886841,3.6
96871,1.941546,0.2036727,5.3
96952,1.96260718,0.20955427,4.9
97016,1.97923762,0.27622706,5.1
97120,2.00484568,0.30848069,5.2
97157,2.01608872,0.24798627,5.8
97221,2.03385116,0.32306078,5.0
97224,2.03448791,0.18794263,5.3
97399,2.0812647,0.27559219,6.0
97472,2.09783544,0.30209279,5.8
97485,2.1009611,0.28719883,5.9
97542,2.11653853,0.22895472,5.1
97645,2.14767804,0.3080112,5.1
97781,2.19633877,0.31995798,5.9
97819,2.21103349,0.22086613,5.8
97843,2.21928308,0.2480252,5.9
97881,2.23225691,0.315807,5.6
98069,2.28291895,0.22132317,5.7
98087,2.28936969,0.31685187,4.2
98089,2.28965716,0.17595842,5.6
98117,2.29917946,0.21135763,5.7
98230,2.33604343,0.30074384,5.9
98235,2.33841977,0.20291319,5.7
98247,2.34419026,0.2674305,5.2
98250,2.34566332,0.2719479,5.6
98267,2.34959409,0.20695654,4.3
98378,2.38999723,0.18619541,5.1
98456,2.42265205,0.26077929,5.6
98627,2.49558441,0.19721867,5.1
98673,2.51782638,0.2868964,5.9
98709,2.53574815,0.17265325,3.8
98733,2.54700988,0.24472483,5.6
98755,2.55860294,0.2061228,5.9
98769,2.56370716,0.19946951,5.0
98876,2.61023945,0.2172021,5.2
98955,2.64998802,0.29256324,3.6
98964,2.65248369,0.17449094,4.6
98967,2.6545234,0.20886753,1.3
99034,2.69077004,0.23960433,5.7
99065,2.70410646,0.33983151,5.0
99136,2.73863809,0.17038937,5.9
99172,2.75847696,0.24674074,5.7
99281,2.82049083,0.32971926,5.6
99282,2.82054436,0.24774338,5.6
99305,2.83291852,0.18404861,5.3
99512,2.94192721,0.26929664,3.4
99525,2.94901608,0.23226134,5.5
99587,2.98418534,0.18376824,4.0
99598,2.98879657,0.19949496,6.0
99601,2.99151921,0.28722045,5.6
99629,3.00937356,0.26901322,6.0
99637,3.01280379,0.3213092,5.7
99673,3.03123483,0.29316378,6.0
99800,3.09204697,0.249307,5.9
99809,3.09385659,0.25433035,2.2
99812,3.09468009,0.28348884,6.0
99869,3.12272361,0.2730874,5.5
99997,3.20020088,0.17910816,5.8
100012,3.21141826,0.26003951,5.1
100053,3.23198696,0.31054372,4.9
100160,3.29487263,0.32073993,5.2
100211,3.32434862,0.17864478,5.0
100252,3.34512212,0.28933079,5.3
100260,3.34766062,0.20870768,6.0
100283,3.35497661,0.24648344,5.6
100357,3.39870009,0.30384888,5.0
100374,3.40845619,0.2988537,6.0
100384,3.41288947,0.19127344,3.0
100436,3.44356385,0.17492305,6.0
100443,3.44697342,0.30594521,4.5
100460,3.45814586,0.20169548,5.8
100473,3.46675535,0.19777557,5.8
100497,3.47870438,0.23868527,5.5
100582,3.52744161,0.24048446,5.2
100592,3.53087445,0.18881287,5.8
100654,3.57607943,0.18755638,5.5
100706,3.60961258,0.30467704,4.5
100725,3.61927705,0.27572518,4.3
100745,3.6316222,0.21232178,6.0
100751,3.63558621,0.31298636,5.7
100766,3.64199862,0.32110044,2.8
100801,3.65936661,0.25567886,6.0
100925,3.72665342,0.22618609,5.5
100934,3.72997776,0.17629222,5.4
100944,3.7335274,0.33479667,0.2
100949,3.73530712,0.33007517,5.8
100975,3.74927914,0.22696737,5.3
100980,3.75138277,0.28460842,5.0
101025,3.78062707,0.33557155,5.4
101137,3.84280653,0.23621422,6.0
101138,3.84289467,0.28655441,4.9
101145,3.84473636,0.23960404,3.9
101152,3.84725392,0.20351615,5.6
101184,3.86259348,0.29608396,4.7
101250,3.88941519,0.33337709,4.6
101276,3.89817194,0.33427874,6.0
101293,3.91049956,0.25213501,5.8
101299,3.9147546,0.28602994,5.8
101379,3.95901601,0.32186795,6.0
101429,3.97966282,0.33119421,6.0
101545,4.03952063,0.26926911,5.5
101624,4.07884508,0.18394292,4.2
101640,4.08622339,0.17470722,5.4
101682,4.10829227,0.34331174,4.5
101683,4.10933627,0.22422904,5.3
101686,4.10986474,0.32225696,5.8
101725,4.12852369,0.26916148,3.7
101739,4.13332619,0.24635744,5.7
101752,4.13965897,0.31662997,4.3
101771,4.14818977,0.26412916,5.6
101826,4.17331415,0.27334755,3.9
101834,4.17676009,0.25157942,5.7
101879,4.19419265,0.31098839,5.3
101939,4.22206498,0.17264302,5.6
101951,4.22402695,0.29752492,5.3
102040,4.25632521,0.32826647,5.9
102107,4.28443548,0.33428548,3.8
102153,4.29968893,0.24492632,4.5
102234,4.33105679,0.20050362,4.9
102365,4.38677919,0.2748081,5.8
102434,4.41523664,0.26077852,5.9
102458,4.42444463,0.17741776,4.3
102476,4.4303877,0.32172163,5.6
102553,4.46425028,0.24594933,5.1
102584,4.47405664,0.22237007,4.9
102646,4.50497507,0.18474717,5.6
102680,4.5145037,0.25115894,3.5
102725,4.53181802,0.18962343,5.3
102757,4.53922825,0.31515609,5.2
102805,4.55760024,0.28450709,5.7
102912,4.5962387,0.33609243,5.6
102917,4.59743774,0.28479434,5.7
102932,4.60302047,0.21921437,2.1
103033,4.63375368,0.27841628,5.6
103106,4.65624996,0.30887266,5.6
103285,4.71263798,0.29235826,4.7
103648,4.81095172,0.20994536,5.9
103655,4.81194722,0.31113587,5.5
103800,4.84797416,0.29545811,5.7
103879,4.86602064,0.31770946,5.7
104093,4.91755767,0.31732655,4.4
104296,4.96653321,0.3030055,5.4
104308,4.97024131,0.2377553,5.4
104318,4.97254216,0.26299087,4.2
104461,4.99779475,0.24196295,3.0
104488,5.00462967,0.19323044,5.1
104691,5.0519281,0.20237873,5.1
104722,5.05995276,0.21598052,5.4
104807,5.08314069,0.20846862,5.2
104818,5.08535239,0.34554984,5.3
104990,5.12507761,0.34511001,4.9
105120,5.14914155,0.31440017,4.4
105133,5.15329878,0.30501345,4.5
105168,5.15991802,0.20641321,5.3
105223,5.17603497,0.18523717,2.8
105259,5.18095731,0.32348422,3.8
105298,5.18789477,0.33409248,5.0
105338,5.19683609,0.1817871,5.2
105438,5.21957003,0.19938195,5.3
105471,5.22620191,0.29302454,5.4
105500,5.2305648,0.34020258,3.7
105615,5.25125982,0.27979916,5.5
105659,5.25849392,0.34891052,5.3
105878,5.29828423,0.2652468,5.0
106230,5.38090673,0.19727966,4.0
106248,5.38412483,0.2273686,5.2
106274,5.39005197,0.25611364,4.7
106316,5.39982734,0.25473386,3.7
106322,5.40100333,0.19857828,5.4
106357,5.40894225,0.27771723,3.9
106425,5.42561356,0.26310043,4.5
106458,5.43438726,0.31573612,5.6
106476,5.43957241,0.28142169,4.5
106665,5.47863703,0.23948569,5.4
106666,5.47877622,0.21936176,5.5
106712,5.4909448,0.18918031,5.6
107073,5.59415797,0.34565393,4.3
107195,5.63374917,0.21183919,5.9
107288,5.66253452,0.33717206,5.3
107340,5.68344756,0.1889252,6.0
107365,5.69200666,0.30281298,4.5
107425,5.71658569,0.3016917,5.3
107445,5.72280401,0.3460425,5.7
107528,5.74623156,0.21077512,5.6
107587,5.76433884,0.22898506,5.7
107625,5.77406047,0.19872978,5.8
107675,5.79221139,0.33991203,5.8
107712,5.805952,0.20288682,5.9
107854,5.85347739,0.21302131,4.9
108064,5.92921901,0.34072584,5.8
108094,5.93794864,0.25393464,5.8
108103,5.94049951,0.18904238,3.6
108165,5.96332427,0.21245486,4.3
108231,5.99100701,0.29393468,5.7
108307,6.0178813,0.20470676,5.8
108378,6.04215941,0.26538163,2.6
108443,6.06811726,0.30707861,5.9
108580,6.12207578,0.21491684,5.3
108638,6.14859919,0.22271478,4.7
108732,6.18695891,0.32115353,5.4
108789,6.21063568,0.18031942,5.4
108878,6.25040911,0.33371224,5.2
108879,6.25097882,0.19106861,5.4
109087,0.06536345,0.15395438,5.9
109152,0.089875,0.14294654,5.6
109192,0.11084412,0.03385216,6.0
109224,0.12362829,0.17784488,6.0
109262,0.14135698,0.12139802,5.7
109471,0.21111066,0.09216124,5.8
109474,0.2124177,0.13238419,4.5
109627,0.27464312,0.13770798,4.5
109697,0.29832098,0.09860752,5.7
109739,0.32171407,0.13221417,5.6
109793,0.33946218,0.06308357,5.3
109926,0.39350884,0.1072293,5.1
110065,0.44257899,0.0957762,4.7
110110,0.45986728,0.15983148,4.5
110138,0.47313345,0.06432227,6.0
110206,0.49548072,0.05563247,4.8
110266,0.52426469,0.05405454,5.8
110291,0.53252977,0.04823469,4.3
110390,0.57312904,0.14957195,5.7
110408,0.58032183,0.15440472,4.5
110495,0.61934637,0.00690666,5.6
110543,0.6464653,0.14765573,4.3
110589,0.66105065,0.03957006,5.4
110635,0.68012979,0.0976198,5.0
110636,0.68103191,0.12019942,5.9
110665,0.69587332,0.0057337,4.0
110707,0.71253416,0.05647376,3.6
110723,0.71969597,0.17652464,4.4
110889,0.78415513,0.15546278,4.7
110920,0.79534487,0.07137878,2.8
110921,0.79576171,0.0759719,5.6
111044,0.83967645,0.11625372,5.8
111120,0.86987879,0.05882104,5.0
111142,0.87752159,0.06415166,5.8
111172,0.89366675,0.15758306,3.8
111195,0.90394674,0.16986785,3.8
111246,0.92764068,0.16359883,5.6
111292,0.94628654,0.00700992,4.4
111334,0.95928633,0.05335171,5.8
111400,0.98468771,0.10559334,5.4
111469,1.01230769,0.11405412,5.6
111579,1.06096907,0.10453315,3.9
111585,1.06353158,0.09486892,5.3
111590,1.06536876,0.04933808,5.4
111696,1.11497945,0.15520025,4.3
111928,1.20963345,0.01742343,5.3
112106,1.26466652,0.12149751,3.3
112124,1.26803413,0.15533702,4.4
112142,1.27062624,0.09782672,3.8
112197,1.28391394,0.04259685,3.9
112281,1.30266139,0.02991722,4.7
112440,1.34338807,0.14832462,5.5
112467,1.3496954,0.17155869,5.4
112528,1.36698987,0.04993498,4.6
112697,1.40862317,0.06186135,5.0
112740,1.41865125,0.11082191,1.7
112849,1.44332075,0.10381432,4.3
112904,1.45856744,0.06574316,5.3
112914,1.46093076,0.1656237,4.5
112921,1.46231393,0.17338178,3.7
112958,1.47002654,0.16215253,4.4
113001,1.47997521,0.07193307,4.5
113150,1.51845427,0.11264476,5.3
113220,1.53781324,0.03237872,5.0
113271,1.54973028,0.12927765,0.6
113321,1.56567539,0.00965046,5.3
113389,1.58119682,0.16837982,4.2
113430,1.59249302,0.07258107,5.7
113507,1.60991461,0.04362494,5.6
113675,1.64545148,0.17352669,5.3
113810,1.67450474,0.08016016,4.5
113905,1.68960816,0.00522285,5.3
113906,1.69009191,0.05075655,5.8
114034,1.71436667,0.1279833,4.5
114258,1.74959716,0.17271201,4.7
114269,1.75008418,0.00864573,5.6
114410,1.77731365,0.14027555,5.0
114428,1.77962803,0.04209957,4.7
115119,1.89513922,0.05430466,5.6
115425,1.94450557,0.16189781,5.1
115456,1.9510627,0.14467567,3.1
115477,1.95491988,0.12115979,5.3
115478,1.9554802,0.15578261,4.6
115581,1.97264901,0.0334138,5.3
115610,1.97743215,0.05742516,5.7
115644,1.98209924,0.05884368,5.8
115756,2.00408326,0.09119321,0.5
115773,2.00763631,0.0912973,5.8
116043,2.0581777,0.03083764,5.1
116120,2.07486101,0.15468693,5.8
116182,2.08716915,0.03882965,5.4
116244,2.0997649,0.08516712,5.7
116260,2.10427956,0.04074428,4.5
116569,2.16645778,0.16031765,3.8
116747,2.20606432,0.03668537,5.9
116752,2.20746095,0.13202742,5.2
116965,2.25870178,0.0995483,4.2
116988,2.26350689,0.05831795,4.5
117050,2.28299844,0.05931666,4.3
117112,2.29849587,0.11202847,3.5
117146,2.30572357,0.10188679,4.4
117264,2.33609622,0.10376855,3.3
117420,2.38225669,0.08887823,5.4
117527,2.41887217,0.04039094,3.8
117717,2.48036412,0.15807083,5.5
117718,2.4804868,0.142911,5.9
117751,2.49564659,0.16957183,5.3
117807,2.51856,0.11930644,5.1
117821,2.52398659,0.08114409,4.8
117901,2.55862469,0.03116242,5.7
117959,2.58397247,0.04283101,5.9
118001,2.60242816,0.15591031,5.9
118044,2.6189253,0.14039782,4.9
118164,2.67386965,0.08054059,5.9
118286,2.72818168,0.15332475,5.9
118355,2.76115931,0.16243062,3.9
118376,2.76983723,0.12136724,5.2
118380,2.77086705,0.15097631,5.7
118576,2.86244738,0.10795375,6.0
118610,2.88224036,0.06313646,5.0
118615,2.88305245,0.1064886,5.1
118648,2.90168529,0.12803764,4.7
118668,2.90991619,0.03413035,5.7
118731,2.93983077,-0.00121654,5.4
118735,2.94101185,0.14068639,5.9
118764,2.95523505,0.03508887,5.4
118778,2.96232996,0.0288053,6.0
118804,2.97201857,0.10523191,4.1
118831,2.98467999,0.02457167,5.5
118875,3.00169375,0.04984966,5.2
118929,3.02974294,0.0534096,5.8
118965,3.0476058,0.14197007,5.5
119029,3.07738337,0.14413433,5.1
119035,3.07989214,0.11395851,4.2
119058,3.08886124,0.14391869,5.2
119076,3.10099382,0.03079973,3.8
119111,3.12000569,0.14737507,5.6
119156,3.14136838,0.06379338,5.2
119164,3.14540242,0.11544107,4.6
119213,3.16432142,0.15241883,4.2
119249,3.18547452,0.10135195,5.7
119341,3.23038577,0.05781408,5.1
119508,3.30903031,0.03236791,6.0
119538,3.32464395,0.11879836,5.5
119574,3.34063713,0.13392425,5.2
119580,3.34394264,0.16650257,5.9
119674,3.38420927,0.05929616,3.7
119847,3.47658868,0.16448235,5.2
119855,3.48020762,0.09546757,5.0
119899,3.49804961,0.03642851,5.7
119905,3.50009295,0.0899661,5.9
120004,3.55232193,0.06385976,4.9
120082,3.59128633,0.06174859,5.6
120185,3.64976606,0.01833599,5.9
120228,3.67104105,0.15525184,5.9
120238,3.67237644,0.0269568,4.3
120339,3.71869762,0.04205153,4.9
120426,3.76719916,0.14742185,5.1
120433,3.76997838,0.14387927,5.7
120434,3.770736,0.10157952,5.1
120499,3.79539641,0.01446699,5.8
120601,3.84690857,0.1424496,5.0
120642,3.86373856,0.01251944,5.5
120648,3.86699134,0.03303516,3.8
120758,3.91632002,-0.00292464,5.7
120798,3.93491228,-0.00245427,5.9
120809,3.93964838,0.03649784,4.6
120916,3.99326766,0.08620748,5.4
120920,3.99601001,0.00649636,5.6
120946,4.01126164,0.0308119,5.2
120955,4.01876459,0.01248405,5.5
121020,4.0519441,0.03214703,5.1
121152,4.11909717,0.04389721,5.8
121157,4.12014728,0.11214875,2.8
121170,4.12505005,0.09506896,5.6
121186,4.12963852,0.12833711,4.4
121215,4.1464331,0.0383347,5.3
121218,4.14871781,0.07815167,3.8
121315,4.19250754,0.0772728,5.9
121383,4.2257357,0.14894999,5.9
121431,4.24663878,0.08763313,5.6
121540,4.28510002,0.01796002,4.8
121568,4.29429718,0.12126911,5.7
121623,4.31342998,0.01160741,5.5
121658,4.32367747,0.03462753,3.9
121676,4.33101338,0.09636346,5.6
121776,4.36613573,0.073648,5.7
121790,4.37077329,0.02061631,5.9
121834,4.38729952,0.01780764,6.0
121843,4.38876843,0.14979497,5.4
121859,4.39457405,0.03603358,6.0
121865,4.3972415,0.09157301,5.3
121895,4.40836601,0.12649521,5.5
121911,4.4131317,0.02122684,5.5
121962,4.44041549,0.1636252,3.4
122056,4.4736355,0.01226002,5.9
122224,4.52143367,0.0381543,6.0
122226,4.52270965,0.02112867,6.0
122346,4.55513751,0.15450779,5.9
122387,4.56628194,0.07226211,4.4
122418,4.57637562,0.00576691,5.2
122465,4.58740457,0.04755145,5.6
122526,4.60161271,0.16731909,5.8
122671,4.64027467,0.07971404,2.9
122754,4.65956135,0.04725086,3.7
122935,4.69627312,0.01170064,5.7
123005,4.71353704,0.07624519,4.8
123013,4.71520427,0.05116462,4.0
123035,4.72004014,0.02278038,4.4
123107,4.73619433,0.04362489,4.1
123140,4.74426691,0.1524356,4.7
123142,4.74445839,0.16692101,3.7
123198,4.75558893,0.05445088,5.7
123212,4.75895509,0.05802177,5.7
123353,4.79598472,0.12670678,5.6
123377,4.80344223,0.05894185,4.9
123462,4.82429375,0.14018446,5.7
123497,4.83110453,0.00342506,5.4
123516,4.83447229,0.10810686,5.6
123690,4.87149138,0.15921761,5.4
123693,4.87231139,0.11644628,5.4
123879,4.90800628,0.03595243,5.0
123886,4.91080528,0.09598618,5.7
124050,4.95436826,0.11545872,5.7
124068,4.95769442,0.07336647,4.5
124089,4.96230471,0.04425001,5.6
124266,5.00198572,0.14363997,5.5
124318,5.01345122,0.10599753,5.4
124408,5.03401724,0.04003412,5.1
124455,5.04625738,0.08438061,5.4
124487,5.05508925,0.01893963,5.3
124603,5.08544562,0.05436318,3.4
124628,5.08989512,0.00591056,4.9
124799,5.12293194,0.12878615,4.6
124903,5.145203,0.09421035,5.2
125122,5.19577253,0.15478196,0.9
125159,5.20314451,0.01755147,4.0
125210,5.21088898,0.14767924,4.9
125219,5.21306598,0.0047775,5.6
125235,5.2155381,0.11181893,3.9
125403,5.25404588,0.12702361,5.6
125747,5.33712166,0.09325226,5.4
126059,5.40672284,0.17603619,5.2
126062,5.40796763,0.00848972,5.4
126222,5.44457867,0.10486588,5.6
126428,5.49374503,0.0749378,5.3
126518,5.5177612,0.09604091,5.9
126593,5.54291452,0.17682769,4.8
126643,5.56097192,0.17465495,4.6
126662,5.56683244,0.09159207,4.1
126719,5.58976592,0.12835859,6.0
126749,5.59768026,0.11887627,5.1
126956,5.66591587,0.10073255,5.8
126965,5.67037788,0.03915656,5.3
126997,5.68178361,0.02243204,5.8
127002,5.6821718,0.09913659,5.6
127029,5.69058538,0.17235126,2.5
127060,5.70388028,0.04688236,5.5
127219,5.76016154,0.11723745,6.0
127235,5.76431521,0.01055803,5.8
127239,5.76462166,0.14411421,5.9
127285,5.78437013,0.08828758,4.9
127340,5.80409155,0.10817313,3.7
127420,5.82937621,0.1492258,6.0
127453,5.84886107,0.10104487,5.4
127520,5.8698789,0.02403929,4.6
127540,5.88114522,0.08195281,4.9
127544,5.88670541,0.15933067,5.8
127551,5.89034013,0.07734805,5.5
127810,5.98823048,0.17166506,5.3
127839,6.00056451,0.15386745,5.0
127881,6.01901787,0.01680471,5.6
127934,6.03830194,0.06667269,4.6
127976,6.0519486,0.16422559,4.7
127993,6.05926793,0.0371377,5.6
128001,6.06294337,0.15144639,5.4
128007,6.06512685,0.17142629,5.3
128022,6.07259657,0.15219455,5.1
128085,6.0962852,0.05728651,3.9
128126,6.11014987,0.09392019,5.2
128186,6.13890141,0.02191377,4.9
128196,6.14342152,0.11133295,4.5
128281,6.18015896,0.03668876,5.6
128310,6.19570315,0.09819702,4.3
128335,6.20440653,0.12654515,5.9
128336,6.2048502,0.0310688,4.6
128374,6.2238079,0.06085779,5.3
128401,6.23718657,0.0187812,5.8
128427,6.24812033,0.05114401,5.9
128513,6.28018232,0.11978699,4.0
128547,0.01088562,0.14809865,5.8
128572,0.02328167,-0.09961627,4.7
128621,0.0450039,-0.09160637,6.0
128655,0.06309358,-0.13579699,5.4
128660,0.06505257,-0.16702108,5.8
128694,0.08476955,-0.15400582,3.8
128791,0.13107139,-0.06906825,6.0
128839,0.15379783,-0.06270721,5.2
128843,0.15509999,-0.00882487,5.9
129009,0.23129292,-0.01997238,4.9
129032,0.24306779,-0.12823458,6.0
129094,0.27507582,-0.08441649,5.7
129193,0.32463459,-0.13828132,5.2
129196,0.32646165,-0.01699577,5.8
129204,0.33424895,-0.04363939,5.5
129235,0.34821726,-0.00888145,6.0
129274,0.36662161,-0.14282883,3.8
129277,0.36801605,-0.12068254,6.0
129371,0.40890563,-0.12261486,5.9
129465,0.44822448,-0.0644074,5.3
129490,0.46245596,-0.100067,5.5
129624,0.52555282,-0.1487659,5.7
129655,0.53753567,0.00224139,5.6
129665,0.53963959,-0.07162007,5.9
129752,0.57941273,-0.04177673,5.7
129798,0.59770575,-0.11208786,5.7
129825,0.60800937,-0.05196921,2.0
129858,0.62049066,-0.01544636,5.6
129959,0.66390958,-0.01806542,5.5
129984,0.6750535,-0.13717183,5.8
130004,0.6806819,-0.13668764,5.7
130026,0.68808173,-0.05927347,5.8
130047,0.69902865,-0.16498728,5.9
130055,0.7035087,-0.01214599,5.7
130197,0.76981026,-0.15530226,4.0
130199,0.77066788,-0.06479195,5.3
130215,0.77972933,-0.04856558,5.2
130228,0.78402415,-0.04302212,5.5
130243,0.79048929,-0.13374303,5.9
130254,0.79720132,-0.13413486,5.5
130269,0.8040457,-0.13265996,5.4
130284,0.81401182,-0.10626646,5.6
130355,0.84113605,-0.02087554,5.1
130387,0.85448549,-0.15393305,4.9
130408,0.86556754,-0.01623462,5.6
130528,0.91899235,-0.08857764,4.8
130564,0.92908632,-0.16507736,3.8
130652,0.96271823,-0.09094523,5.5
130686,0.97410578,-0.17040328,3.7
130698,0.97960226,-0.02029978,5.1
130704,0.98149114,-0.00517713,5.8
130789,1.01531526,-0.09357331,5.5
130806,1.02229148,-0.05156929,5.0
130878,1.05389045,-0.02704693,5.3
130893,1.05859557,-0.004693,5.4
131001,1.09246659,-0.12084534,5.6
131019,1.098971,-0.11933829,4.1
131063,1.11383429,-0.13356564,4.5
131132,1.13757935,-0.13251543,5.7
131176,1.15052446,-0.06537043,5.2
131270,1.18629287,-0.00076833,5.0
131309,1.19516904,-0.11761672,5.7
131315,1.1963939,-0.14366401,5.5
131316,1.19640473,-0.15656079,5.5
131346,1.20566959,-0.05851139,4.1
131358,1.21126628,-0.04316989,5.3
131468,1.2457393,-0.05680392,4.2
131568,1.27799349,-0.09516844,4.5
131794,1.34324677,-0.08877506,2.9
131824,1.34890549,-0.15278782,4.3
131907,1.372431,-0.14314609,0.3
131952,1.38581979,-0.11945727,3.7
132028,1.40395347,-0.00667661,4.6
132067,1.41348573,-0.13627608,4.2
132071,1.41579931,-0.04183641,3.4
132220,1.44865215,-0.00522052,2.5
132222,1.44832032,-0.12743512,4.6
132301,1.46190923,-0.10475456,4.7
132320,1.46339844,-0.08444427,4.6
132323,1.46360271,-0.10314702,2.9
132346,1.46700829,-0.02097813,1.8
132406,1.47805826,-0.04537929,3.8
132444,1.48684046,-0.03390559,2.0
132542,1.51737427,-0.16876781,2.2
132715,1.56674934,-0.16682584,5.1
132732,1.57103958,-0.05365457,4.7
132793,1.58922984,-0.11709521,5.1
132944,1.62255937,-0.11432619,5.1
133012,1.63561684,-0.10951524,4.1
133114,1.65681168,-0.13653614,5.1
133118,1.65803028,-0.05138894,5.2
133290,1.69279237,-0.08311418,5.0
133317,1.69656628,-0.12277184,4.6
133404,1.71754201,-0.02129675,5.0
133469,1.73044479,-0.09095085,5.5
133585,1.75379708,-0.16000054,5.3
133679,1.77857363,-0.15705176,5.3
133687,1.78161996,-0.02302201,5.7
133718,1.78579224,-0.03965238,5.6
133870,1.8082099,-0.01967161,5.3
134076,1.84105911,-0.09987283,5.4
134106,1.84530157,-0.07398882,4.9
134282,1.87722386,-0.07395198,5.0
134316,1.882308,-0.00526997,5.4
134330,1.88436356,-0.00860016,4.1
134588,1.93043611,-0.10441772,5.8
134740,1.96048573,-0.03325546,5.8
134775,1.96693967,-0.17064137,5.6
134806,1.97264217,-0.15500192,6.0
134899,1.99525189,-0.07175087,5.2
134986,2.01257159,-0.16669969,4.1
135079,2.03347039,-0.11820286,5.7
135158,2.05153149,-0.16027969,5.8
135205,2.06296659,-0.09474079,5.8
135345,2.09324224,-0.0642223,5.1
135380,2.09972447,-0.0243057,4.9
135551,2.13189416,-0.05207757,4.4
135611,2.14479178,-0.1356547,5.4
135877,2.2016618,-0.0654704,5.7
135882,2.20176332,-0.08232597,6.0
135896,2.2063603,-0.06818032,4.0
135916,2.20981802,-0.06959442,5.4
135965,2.22027283,-0.17014143,6.0
136044,2.24286335,-0.03755008,5.6
136076,2.24915985,-0.13931528,5.6
136221,2.28495829,-0.12625159,4.7
136254,2.29528781,-0.03575772,5.8
136276,2.30056197,-0.03311263,5.2
136308,2.30977775,-0.06009256,5.2
136345,2.31943029,-0.12526446,5.6
136511,2.36477409,-0.00842388,5.8
136604,2.39416653,-0.14991806,5.5
136622,2.39804923,-0.15337556,5.7
136725,2.42904162,-0.11088276,5.4
136728,2.4290137,-0.15262405,5.5
136768,2.44557106,-0.16677959,5.0
136832,2.46702493,-0.08931761,5.8
136871,2.47656796,-0.1511221,2.2
136872,2.47740804,-0.10596117,5.4
136895,2.48337692,-0.04832729,4.8
136899,2.48451037,-0.03849013,6.0
136932,2.49574331,-0.02068007,4.5
136964,2.50692025,-0.10323346,5.7
137035,2.53009975,-0.01994751,4.1
137183,2.5797439,-0.07406082,6.0
137199,2.58530161,-0.141457,5.2
137366,2.65262994,-0.0064869,4.5
137395,2.66568602,-0.14692928,5.8
137469,2.69491934,-0.14082926,5.4
137557,2.73029265,-0.12322214,5.9
137600,2.74661759,-0.0478067,5.2
137608,2.75016548,-0.01111794,5.0
137815,2.83496099,-0.17196535,6.0
137823,2.83747318,-0.15529465,5.8
137871,2.85242803,-0.03716247,5.7
137947,2.88777131,-0.04336343,5.0
138102,2.95249365,-0.06373322,4.6
138106,2.95383595,-0.12453157,6.0
138238,3.01206682,-0.05242101,5.1
138296,3.03984774,-0.17108159,4.8
138298,3.04101376,-0.01437802,4.5
138445,3.10248666,-0.09308544,5.8
138710,3.22306135,-0.01373913,5.9
138721,3.2284494,-0.0116379,4.0
138798,3.26315222,-0.08055451,6.0
138845,3.28898287,-0.16496711,5.4
138873,3.3021156,-0.10178527,5.9
138892,3.31283709,-0.13955032,4.8
138917,3.32336855,-0.02529617,2.9
139033,3.37875141,-0.16648594,4.9
139086,3.40190306,-0.06653098,5.9
139175,3.44066108,-0.1568061,5.7
139189,3.44680747,-0.09667359,4.5
139308,3.50512299,-0.0859468,5.9
139324,3.51052973,-0.09012783,5.8
139337,3.51766886,-0.02081295,6.0
139390,3.54286712,-0.10918353,4.8
139401,3.54724251,-0.17741228,5.4
139420,3.55476976,-0.0104025,3.4
139428,3.55838448,-0.09418184,5.8
139490,3.58496199,-0.15189664,5.2
139613,3.64207992,-0.02623661,5.3
139736,3.69448656,-0.16254882,5.5
139798,3.72488024,-0.01475778,5.8
139824,3.73507121,-0.10472771,4.2
139830,3.73719702,-0.05578955,6.0
139866,3.75045731,-0.03953951,5.2
139951,3.78824805,-0.03888511,5.0
139957,3.79039866,-0.12043751,5.7
140090,3.8530783,-0.09875475,4.0
140176,3.88779596,-0.04012662,5.0
140240,3.91469875,-0.07586098,4.6
140256,3.92210346,-0.08707632,6.0
140270,3.93123437,-0.14868397,5.4
140276,3.93279695,-0.04808198,5.7
140430,4.00119858,-0.16376293,2.7
140474,4.01917525,-0.10166553,5.6
140596,4.07083351,-0.02070392,5.8
140609,4.07612171,-0.17566021,4.8
140614,4.07727719,-0.16027834,5.1
140740,4.12811114,-0.03149214,5.4
140775,4.14055854,-0.06664501,5.6
140787,4.14350037,-0.05986935,3.6
140801,4.15065396,-0.05394032,5.2
140897,4.19225439,-0.14680682,5.5
141001,4.23173112,-0.06050737,5.4
141022,4.24114994,-0.17565367,4.9
141024,4.24167943,-0.14918299,5.5
141052,4.25138498,-0.06447794,3.0
141066,4.25695011,-0.14607664,5.6
141086,4.26873232,-0.08189919,3.3
141186,4.30976647,-0.13261002,5.5
141187,4.31010659,-0.14611412,4.7
141269,4.34743002,-0.0405726,5.9
141284,4.35471189,-0.1141074,6.0
141431,4.42700445,-0.10740543,5.4
141483,4.45521341,-0.07369852,5.0
141513,4.47475091,-0.01557066,5.6
141528,4.48648651,-0.01883831,6.0
141586,4.52307217,-0.00776996,4.8
141665,4.56679063,-0.08877821,4.6
141702,4.58322349,-0.01854572,5.3
141730,4.59674812,-0.10026834,5.7
141772,4.61572108,-0.14170062,4.6
141979,4.69840526,-0.07124264,5.6
142004,4.70814259,-0.17058266,3.5
142025,4.71449508,-0.06440726,4.6
142050,4.7258398,-0.14277472,4.9
142083,4.73911215,-0.14528043,5.8
142241,4.80537103,-0.0505936,3.4
142267,4.81562084,-0.15593261,4.8
142348,4.84190616,-0.03465022,5.4
142408,4.86601002,-0.14388548,4.1
142515,4.89684367,-0.15799685,4.7
142546,4.90228597,-0.14442983,5.1
142606,4.91517777,-0.01678376,5.7
142618,4.91822737,-0.08286629,4.5
142620,4.91957149,-0.09957259,4.5
142838,4.96136674,-0.10203515,5.0
142931,4.98152144,-0.10016454,4.1
142959,4.98688062,-0.06455973,5.5
142996,4.99583336,-0.07036251,5.5
143021,5.00145463,-0.08521575,3.5
143134,5.02950934,-0.13857105,5.4
143286,5.06384768,-0.09452262,5.1
143292,5.06404934,-0.01557032,5.5
143482,5.10798451,-0.04867408,5.2
143597,5.13441672,-0.02245361,4.3
143600,5.13515587,-0.1226534,5.0
143621,5.13907166,-0.08111563,5.5
143678,5.1518727,-0.01084291,5.5
143883,5.2068076,-0.05435736,5.6
143894,5.21040734,-0.14964899,6.0
143898,5.21254558,-0.14359246,5.8
144045,5.2551274,-0.01237977,5.8
144095,5.27102611,-0.0118376,6.0
144150,5.28531425,-0.01433725,3.4
144181,5.29371925,-0.01761634,5.6
144468,5.35996853,-0.05860374,6.0
144495,5.36536029,-0.05036109,5.1
144624,5.3962388,-0.04449887,5.2
144649,5.40326724,-0.01928962,4.5
144810,5.44401399,-0.16573191,3.8
144814,5.44428109,-0.08775002,4.6
144877,5.46038925,-0.09820085,6.0
144889,5.46351171,-0.09611344,5.5
144895,5.46573403,-0.15678816,4.8
144968,5.48426346,-0.16925345,5.7
145065,5.5155855,-0.10163149,5.9
145278,5.57713316,-0.07887846,5.7
145317,5.58973014,-0.07958866,6.0
145382,5.60782157,-0.17014536,5.8
145384,5.60810221,-0.06207971,5.7
145457,5.63548962,-0.09723554,3.1
145510,5.65178671,-0.06951913,5.9
145537,5.66251074,-0.13708223,4.8
145637,5.6941577,-0.15851992,5.3
145836,5.77387242,-0.11383871,5.6
145837,5.77404404,-0.03761902,4.7
145853,5.78048969,-0.01582223,5.2
145862,5.78482348,-0.00558205,3.2
145991,5.83303828,-0.13584441,4.3
145993,5.83423994,-0.09402229,5.8
146023,5.84771991,-0.13650501,5.4
146044,5.85407982,-0.02421339,4.0
146067,5.8648088,-0.0844192,5.9
146108,5.88539954,-0.00034994,4.4
146160,5.90814721,-0.02747672,5.9
146181,5.91385793,-0.00205052,4.1
146210,5.92432998,-0.07379291,5.3
146362,5.98915958,-0.13228995,3.8
146388,6.00036801,-0.08705319,5.9
146498,6.04391543,-0.13428103,5.6
146585,6.08388005,-0.10557506,4.4
146593,6.08932613,-0.06102345,5.5
146598,6.09072683,-0.15861053,4.5
146612,6.09490399,-0.13485364,5.1
146620,6.09950577,-0.16026423,4.6
146635,6.104121,-0.16773787,5.2
146639,6.10603184,-0.08943756,5.7
146780,6.1703945,-0.02177356,6.0
146915,6.23057396,-0.04819916,5.6
146973,6.26039371,0.00190915,6.0
147008,6.2773983,-0.0620643,5.1
147041,0.00795783,-0.05283984,5.1
147042,0.00855502,-0.10496522,4.7
147059,0.01631861,-0.3025697,4.6
147064,0.01888672,-0.28848586,5.8
147066,0.01964274,-0.18342567,5.2
147133,0.04915167,-0.26996651,5.0
147144,0.05308572,-0.31308332,5.5
147169,0.06388109,-0.33043766,4.7
147420,0.19019602,-0.31392583,2.2
147423,0.19281481,-0.1851709,4.9
147451,0.20822316,-0.31523274,5.9
147464,0.21566546,-0.23668614,5.8
147470,0.21871848,-0.18577726,5.2
147519,0.24445714,-0.19663864,5.5
147546,0.25626189,-0.19862021,5.8
147606,0.28835254,-0.17172959,5.6
147622,0.29570386,-0.17078973,5.9
147632,0.29928041,-0.17771321,3.6
147803,0.37358824,-0.25479819,5.2
147812,0.37899716,-0.22788047,5.7
147886,0.41289858,-0.27360135,5.6
147901,0.41880237,-0.26878197,5.5
147962,0.44394951,-0.1976518,5.8
147986,0.45408507,-0.27816001,3.6
148036,0.47815484,-0.1865134,4.8
148059,0.48633876,-0.1803807,3.9
148078,0.49248057,-0.29546994,5.7
148170,0.53658148,-0.26714305,5.9
148354,0.61969566,-0.18810558,5.6
148356,0.61995549,-0.30826398,6.0
148385,0.63682672,-0.2145093,4.9
148386,0.63706474,-0.26775227,5.8
148445,0.66360552,-0.26606846,4.8
148528,0.69622733,-0.20720786,5.0
148550,0.70496641,-0.2539375,6.0
148575,0.71612052,-0.24188004,4.4
148584,0.7203965,-0.3241505,4.6
148897,0.86693464,-0.32392593,5.8
148972,0.9076411,-0.19698959,5.9
148985,0.91455631,-0.22121709,5.6
149057,0.94230995,-0.19536571,5.7
149063,0.94374192,-0.30485739,5.3
149132,0.97547797,-0.18300892,5.7
149158,0.98672662,-0.21121398,4.6
149251,1.02656391,-0.21117107,5.9
149283,1.03859984,-0.235768,3.2
149351,1.06629945,-0.22326887,5.7
149412,1.08776446,-0.28598616,5.5
149478,1.11000642,-0.17900625,5.1
149674,1.17423869,-0.22773958,5.5
149781,1.21379068,-0.24965277,4.0
149789,1.21690217,-0.21158656,5.0
149797,1.21879985,-0.25061682,5.6
149818,1.22365688,-0.34333366,4.5
149924,1.26620634,-0.28304271,5.2
150052,1.30472685,-0.28581051,5.5
150064,1.30868889,-0.21882133,4.9
150223,1.3626576,-0.20715376,4.5
150237,1.36541958,-0.28284025,3.3
150239,1.36672923,-0.22587212,4.5
150340,1.39440943,-0.22997801,4.3
150547,1.45180843,-0.31105762,2.7
150801,1.51387859,-0.2586928,3.7
150957,1.55510894,-0.24727437,3.8
151037,1.57882659,-0.18496965,5.0
151093,1.59254858,-0.28770589,5.0
151110,1.59765571,-0.26066759,4.7
151142,1.60436635,-0.33450854,5.5
151283,1.63950841,-0.23943096,5.0
151428,1.66984129,-0.31339127,2.0
151458,1.67626672,-0.2012401,5.4
151602,1.70773297,-0.21627689,5.3
151702,1.73085989,-0.33608283,4.1
151730,1.73612199,-0.31830239,4.6
151751,1.74218111,-0.24688875,5.0
151881,1.76779433,-0.29175171,-1.6
151919,1.775225,-0.25177994,5.2
152071,1.80724444,-0.21011389,4.3
152123,1.81562588,-0.24510488,5.2
152126,1.81573976,-0.29764923,4.4
152303,1.84899454,-0.27285081,4.1
152394,1.86173697,-0.1971218,5.3
152724,1.91754453,-0.28614872,5.4
152776,1.92957704,-0.33190073,4.9
152834,1.94023177,-0.28276331,5.2
152840,1.94228289,-0.24001913,5.8
153072,1.98007029,-0.25348988,5.1
153118,1.98995613,-0.25294587,5.6
153227,2.00881354,-0.26640211,5.1
153372,2.03307965,-0.25418631,5.1
153414,2.04179313,-0.21280998,5.5
153454,2.04939397,-0.30069318,5.5
153500,2.0584915,-0.24256639,5.3
153687,2.09381609,-0.32112924,4.6
153890,2.13378187,-0.33588881,4.3
153898,2.13573635,-0.28359811,5.5
153924,2.14092842,-0.2408421,5.6
153942,2.14357761,-0.22561735,4.7
153993,2.15256962,-0.27555656,5.0
154150,2.18756667,-0.35044708,5.6
154244,2.20752015,-0.26057548,5.9
154257,2.21089074,-0.21876636,5.7
154359,2.23190792,-0.3416898,5.4
154515,2.26903362,-0.21773666,5.1
154552,2.27644036,-0.27826293,5.0
154622,2.29674618,-0.23645221,4.4
154745,2.33528123,-0.31837094,5.9
154804,2.35066049,-0.28156752,5.9
154950,2.39577521,-0.31989684,5.7
154953,2.39630187,-0.21568299,5.8
154989,2.40846208,-0.34466243,5.8
155060,2.43091451,-0.25435769,6.0
155091,2.4415136,-0.27636372,5.9
155096,2.44247324,-0.20900231,4.9
155273,2.49731578,-0.3386026,5.7
155388,2.53206266,-0.25014607,5.0
155542,2.58081189,-0.25912191,4.3
155588,2.59561083,-0.33177681,5.2
155704,2.63565821,-0.31593189,5.8
155713,2.64035387,-0.22802305,4.7
155739,2.64923374,-0.29917266,5.9
155780,2.66205319,-0.22368164,5.4
155785,2.66419311,-0.21561967,3.8
155980,2.73183523,-0.29384872,4.1
156029,2.75323966,-0.23715883,5.5
156095,2.77742738,-0.21345726,5.9
156110,2.78185237,-0.23360238,4.8
156122,2.78634165,-0.29455287,5.1
156124,2.78746244,-0.21718383,5.9
156221,2.82248982,-0.30188499,5.6
156256,2.83452357,-0.28263261,3.3
156301,2.85139625,-0.35148842,5.3
156310,2.85490989,-0.24012119,5.8
156375,2.87880897,-0.31937421,4.2
156421,2.89397014,-0.19728387,5.6
156605,2.96418357,-0.25793494,3.8
156646,2.98174209,-0.32777497,5.1
156658,2.98717174,-0.18953078,5.1
156661,2.98836147,-0.30864436,4.1
156685,2.99829378,-0.21566738,6.0
156750,3.02484823,-0.28414857,6.0
156802,3.04851359,-0.23041565,5.6
156869,3.07510972,-0.32028164,4.9
156988,3.12420757,-0.29933837,5.2
157041,3.1448298,-0.1823202,5.6
157042,3.14531457,-0.34311171,5.3
157176,3.21056014,-0.30616464,2.8
157211,3.2272561,-0.33607498,5.9
157226,3.23291424,-0.23676274,5.4
157272,3.25152709,-0.20263893,6.0
157323,3.27190017,-0.28824869,3.1
157345,3.28152595,-0.28267614,4.4
157350,3.28383851,-0.24188576,5.7
157361,3.28807305,-0.22392851,5.8
157448,3.32166925,-0.22715218,6.0
157451,3.32406385,-0.34485384,6.0
157584,3.37856866,-0.20330526,6.0
157739,3.43784891,-0.18745423,5.3
157788,3.45600972,-0.28271915,5.1
157806,3.46527058,-0.34785813,5.6
157823,3.47311642,-0.34807407,5.3
157844,3.48369929,-0.31959335,4.8
157899,3.50383123,-0.30953972,5.5
157923,3.51331877,-0.19480124,1.2
157938,3.51997727,-0.22179091,5.6
157946,3.5231785,-0.27879075,4.9
157998,3.54677549,-0.26813556,5.6
158021,3.55468736,-0.23063503,5.8
158131,3.59754719,-0.28237905,5.7
158152,3.60383649,-0.21688387,5.8
158165,3.61031377,-0.31171469,5.8
158186,3.62099787,-0.31650092,5.1
158401,3.71249742,-0.28452261,5.1
158427,3.72146063,-0.17931009,4.3
158448,3.73239628,-0.31766316,5.6
158481,3.74651272,-0.32665631,5.7
158489,3.74857403,-0.23337016,4.6
158821,3.88038136,-0.24694547,5.4
158836,3.88635417,-0.27920575,5.3
158840,3.88719142,-0.27998179,2.9
158887,3.90247476,-0.20766737,5.8
158915,3.91289045,-0.19913717,5.6
158946,3.92216309,-0.19450017,6.0
159028,3.95590227,-0.28373473,5.3
159090,3.98031673,-0.34543111,4.7
159105,3.98510875,-0.34291318,6.0
159227,4.03114661,-0.21589015,5.8
159234,4.03257618,-0.18015802,5.1
159330,4.06928533,-0.34331528,5.5
159335,4.07063367,-0.29413888,5.6
159370,4.08200383,-0.25812692,4.0
159411,4.09676379,-0.33688214,5.5
159442,4.11001782,-0.34346102,5.0
159466,4.11929788,-0.27354269,5.5
159563,4.16184923,-0.29198301,4.3
159607,4.1808907,-0.24922206,4.7
159625,4.19021439,-0.28856188,5.5
159665,4.20785218,-0.19849969,4.2
159682,4.2125149,-0.3456691,2.9
159715,4.22197931,-0.22245104,5.6
159764,4.2411303,-0.33965116,4.3
159793,4.24921183,-0.20660553,5.5
159892,4.2939596,-0.34971846,4.6
159918,4.30670181,-0.32212437,4.9
159963,4.324659,-0.28994602,4.4
160006,4.35092751,-0.18443064,2.7
160046,4.37018693,-0.30965947,5.0
160052,4.37158879,-0.34774842,5.6
160118,4.4062319,-0.18819924,4.7
160299,4.48446782,-0.28086507,6.0
160324,4.49334732,-0.18366599,5.6
160332,4.49587325,-0.27445026,2.6
160462,4.53736642,-0.30990726,6.0
160479,4.54146721,-0.22421789,4.4
160653,4.60231157,-0.19620861,5.7
160700,4.61459236,-0.26875564,3.6
160701,4.61466203,-0.2717674,5.9
160708,4.61708709,-0.19070006,5.9
160747,4.63129575,-0.2247157,4.4
160915,4.69631741,-0.27597941,5.9
161093,4.74644937,-0.29939732,5.7
161348,4.80029358,-0.27631316,5.7
161376,4.80569661,-0.32917016,5.4
161415,4.81362949,-0.20970107,5.7
161520,4.83978805,-0.25422194,4.7
161564,4.84956546,-0.32118902,5.2
161605,4.85921422,-0.25924621,5.7
161632,4.86527939,-0.19158741,5.3
161817,4.91625013,-0.17671367,5.8
161964,4.95114144,-0.27232363,5.0
161984,4.95462679,-0.285827,5.6
162052,4.97155598,-0.22410837,5.4
162229,5.01030956,-0.33667518,5.4
162326,5.03204189,-0.2143691,5.6
162413,5.05113506,-0.3307923,5.0
162512,5.06875402,-0.31149148,4.0
162518,5.06899094,-0.27846752,4.6
162792,5.12743329,-0.18431588,5.2
162816,5.13587734,-0.31819301,5.9
162827,5.13813318,-0.24961219,5.6
162883,5.15187641,-0.2843694,5.5
162915,5.15971098,-0.28141747,5.1
162931,5.16425043,-0.27000239,5.5
162964,5.17648177,-0.34489636,5.1
163036,5.19575835,-0.18785847,5.5
163141,5.22704498,-0.27037691,5.0
163168,5.23507073,-0.17380454,5.9
163195,5.24461237,-0.23801152,5.8
163337,5.29023019,-0.22021561,5.9
163422,5.31299081,-0.21830918,4.5
163427,5.31476508,-0.21894831,3.8
163445,5.32060735,-0.33368024,5.5
163468,5.32615132,-0.22268986,4.8
163481,5.32766641,-0.25798356,3.3
163592,5.35519563,-0.31785442,5.2
163614,5.36191341,-0.31090636,5.0
163665,5.37733674,-0.17197476,5.8
163771,5.40734811,-0.26101103,5.3
163779,5.41073623,-0.31657887,5.3
163783,5.41288538,-0.28142135,5.9
163924,5.45719253,-0.21894971,6.0
164027,5.49210893,-0.25277051,6.0
164132,5.52373794,-0.30076866,4.2
164182,5.53964974,-0.1984737,4.5
164286,5.57612974,-0.31390076,5.4
164346,5.59485741,-0.2938192,4.3
164520,5.65958026,-0.33974492,4.7
164560,5.67271713,-0.29081277,3.8
164580,5.67907442,-0.24517605,5.3
164593,5.68391902,-0.3292793,4.8
164639,5.70083475,-0.19837349,5.4
164644,5.70304208,-0.28147405,3.0
164713,5.73033554,-0.23652363,5.2
164861,5.78767412,-0.2420713,4.4
164888,5.79878444,-0.32322998,5.7
164910,5.80594604,-0.2018467,5.4
164974,5.83289901,-0.2239511,5.5
165044,5.86627342,-0.23613418,5.9
165134,5.8933098,-0.18636582,4.9
165252,5.94977331,-0.32865209,4.9
165293,5.96707258,-0.34231686,5.4
165298,5.96777348,-0.24533124,5.7
165321,5.9759718,-0.23723543,4.2
165359,5.99293073,-0.20274685,5.9
165375,5.99804352,-0.27612539,3.5
165376,5.99851171,-0.28400022,5.7
165625,6.10477571,-0.23490173,5.3
165658,6.12023053,-0.26248428,5.3
165818,6.19498131,-0.24821646,5.2
165834,6.20279028,-0.31463249,5.6
165836,6.20361284,-0.31095571,5.0
165841,6.20667269,-0.26961255,5.4
165842,6.20779705,-0.25385664,4.6
165854,6.21425091,-0.31899194,5.3
165867,6.22216634,-0.32599177,5.7
165918,6.24546314,-0.33002479,5.3
166083,0.04079656,-0.4884796,5.5
166103,0.05050161,-0.4851977,5.6
166207,0.09390133,-0.50582318,5.4
166210,0.09499987,-0.35007465,5.2
166282,0.11887496,-0.4458829,6.0
166318,0.13254808,-0.41517291,5.2
166367,0.14697614,-0.51589184,5.6
166418,0.16294648,-0.43227064,5.7
166528,0.19521304,-0.38407948,5.3
166555,0.2015688,-0.39308325,5.6
166585,0.20951732,-0.37912958,5.5
166647,0.22984423,-0.41898093,5.6
166716,0.25571561,-0.5123861,4.4
167086,0.39096328,-0.37750298,5.1
167093,0.39436347,-0.45741351,6.0
167198,0.4313662,-0.37132636,5.7
167275,0.46096865,-0.43725147,5.4
167416,0.50906796,-0.39316581,5.2
167466,0.5225891,-0.3634557,5.7
167471,0.52362096,-0.36787774,4.2
167532,0.54319381,-0.51132717,4.7
167637,0.58038844,-0.36652452,6.0
167736,0.62196037,-0.41567503,5.4
167795,0.63960216,-0.34981004,6.0
167882,0.67127196,-0.49275086,5.0
168082,0.74134016,-0.48767578,5.4
168094,0.7462961,-0.36658988,4.8
168183,0.77403316,-0.41646979,5.4
168191,0.77708334,-0.41200397,6.0
168209,0.78366345,-0.44111607,5.6
168238,0.79249642,-0.49028485,5.9
168249,0.79583501,-0.41232405,4.2
168373,0.83806842,-0.50591937,4.0
168449,0.86414371,-0.50260217,6.0
168452,0.86554783,-0.39289558,5.0
168460,0.87055583,-0.37974607,4.0
168462,0.87083465,-0.42102553,6.0
168482,0.87877575,-0.41251313,5.7
168544,0.9004811,-0.47678114,6.0
168634,0.93282489,-0.37756494,4.3
168820,0.98810398,-0.51204377,5.9
168827,0.98981069,-0.40578362,4.3
168836,0.99335553,-0.41669212,5.0
168925,1.01975458,-0.42957003,4.8
169017,1.04686696,-0.41916545,4.7
169110,1.07173637,-0.48261452,5.6
169206,1.09782061,-0.35528839,5.8
169354,1.13730148,-0.36022975,5.3
169368,1.14110441,-0.44904582,5.9
169391,1.14796901,-0.43445245,6.0
169570,1.19341455,-0.51952523,4.6
169650,1.22222622,-0.42729786,5.6
169752,1.24978606,-0.49021974,6.0
169981,1.31521969,-0.34997119,5.0
169997,1.31843793,-0.45858764,5.0
170029,1.32595987,-0.42564872,5.5
170051,1.33282396,-0.39044741,3.3
170238,1.37621713,-0.47024755,5.0
170311,1.39362417,-0.47767844,5.8
170327,1.39821766,-0.37070013,4.7
170351,1.40398823,-0.43237003,5.5
170457,1.43224082,-0.36232201,3.0
170506,1.44481279,-0.36414074,5.5
170613,1.47368512,-0.50072527,5.3
170759,1.5030049,-0.39179907,3.8
170926,1.5329285,-0.3644102,3.9
171180,1.58501509,-0.45874869,5.2
171236,1.5993041,-0.40335752,5.5
171293,1.60991134,-0.39143236,5.5
171688,1.67521276,-0.44641052,5.7
171895,1.70979311,-0.40872693,4.4
171982,1.72375669,-0.40081229,4.5
172520,1.80444494,-0.35297917,4.7
172542,1.80699086,-0.42208999,4.1
172579,1.81349876,-0.35144721,4.6
172588,1.81418387,-0.40040301,5.3
172676,1.82660058,-0.50565781,1.6
172797,1.84009765,-0.4875554,3.7
172839,1.84579295,-0.41597077,3.1
173047,1.86920952,-0.46064805,2.0
173264,1.8947855,-0.45993571,4.7
173282,1.89722213,-0.46727235,3.8
173446,1.91422215,-0.43553329,4.4
173651,1.93772999,-0.51143625,2.4
174009,1.98117923,-0.38914234,4.5
174058,1.98697038,-0.49514026,4.5
174175,1.99971106,-0.44270015,4.6
174198,2.00199025,-0.46777956,4.5
174400,2.02374105,-0.50535979,4.1
174558,2.04241025,-0.45268876,4.6
174601,2.0476826,-0.43388517,3.5
174852,2.08068918,-0.39933381,4.4
174932,2.09044666,-0.4068442,5.2
175206,2.12624707,-0.3587452,5.3
175217,2.1273123,-0.42418875,2.9
175709,2.19401748,-0.45986245,5.9
175777,2.20312097,-0.40410457,5.6
175783,2.20374994,-0.41968541,5.5
176131,2.24920275,-0.46850848,5.9
176189,2.25963269,-0.45823687,5.2
176226,2.26514757,-0.39552365,5.1
176253,2.26765699,-0.51594056,5.0
176439,2.29433013,-0.44309663,6.0
176554,2.31413344,-0.49948099,6.0
176559,2.31488415,-0.48362933,4.2
176697,2.33667167,-0.48314185,4.9
177002,2.39131182,-0.45131344,4.8
177322,2.44997743,-0.45318235,4.9
177374,2.45743537,-0.50324538,4.9
177469,2.47534201,-0.38997264,4.9
177521,2.48365043,-0.36213357,6.0
177546,2.48669312,-0.46407626,5.7
177642,2.50108874,-0.3685398,5.2
177649,2.50208845,-0.39904796,5.8
177748,2.51765083,-0.44150886,5.9
177840,2.5363273,-0.4117525,4.7
177866,2.54050402,-0.41740669,5.0
177908,2.54906195,-0.48467003,5.0
178158,2.59270871,-0.45260087,5.0
178367,2.63697164,-0.42386339,5.8
178644,2.69708595,-0.506006,5.6
178888,2.74663795,-0.51772909,5.8
178938,2.7567925,-0.49283759,6.0
178979,2.76641108,-0.41443149,5.3
179041,2.78043785,-0.47844362,5.1
179278,2.84324076,-0.37089425,6.0
179514,2.9030585,-0.47636154,5.1
179522,2.90579533,-0.47626244,5.7
179577,2.91789562,-0.49009859,5.5
179624,2.93066183,-0.39838532,4.5
179935,3.00913416,-0.4269646,5.7
179968,3.02060825,-0.51070186,5.8
180208,3.09251189,-0.46687252,5.5
180288,3.11850747,-0.4487895,5.5
180505,3.17830035,-0.43160077,4.2
180531,3.18577043,-0.39478868,3.2
180546,3.18986948,-0.41193901,5.4
180602,3.20701196,-0.36380084,6.0
180700,3.2313105,-0.38774099,5.3
180747,3.2435177,-0.43354725,5.8
180850,3.27376317,-0.41358335,5.9
180915,3.29163577,-0.40834993,2.8
180965,3.30610761,-0.47366432,5.4
181063,3.33361669,-0.49434555,5.7
181114,3.35294846,-0.48166588,5.8
181357,3.41983333,-0.35924243,5.7
181410,3.44290019,-0.40348662,5.1
181543,3.48595382,-0.40442008,3.3
181695,3.53304004,-0.40633481,3.5
181737,3.54562569,-0.50078645,5.7
181790,3.56399273,-0.46242552,5.5
181931,3.60242379,-0.45581154,5.8
182134,3.65873044,-0.43584677,5.2
182152,3.66519819,-0.43651446,5.8
182182,3.67557345,-0.47874299,5.7
182244,3.69299263,-0.46569544,3.5
182349,3.72089834,-0.4757978,5.3
182483,3.76597154,-0.48439761,4.9
182517,3.77344722,-0.43295282,5.4
182570,3.78812217,-0.51472576,5.0
182855,3.86590844,-0.4440663,5.2
182857,3.86639531,-0.40409516,5.9
182875,3.87190713,-0.44722942,5.7
182882,3.87352687,-0.4553118,5.4
182898,3.88035598,-0.42327022,5.8
182911,3.88461611,-0.4880008,4.6
182983,3.90227485,-0.43008709,5.4
183040,3.91594106,-0.37377263,6.0
183058,3.92111815,-0.48271046,5.7
183139,3.94475063,-0.44125385,3.4
183328,3.99847703,-0.39094391,5.7
183346,4.00479047,-0.52619403,4.4
183619,4.08854038,-0.49104974,3.8
183649,4.09566133,-0.51972162,3.8
183854,4.14942605,-0.44944517,4.8
183896,4.16091722,-0.44204298,4.7
183957,4.17520034,-0.50987894,4.0
183987,4.1837814,-0.4557763,3.0
184014,4.19024617,-0.39482261,2.5
184123,4.21849324,-0.36074492,4.1
184135,4.22110221,-0.36422583,4.6
184221,4.24247261,-0.48740802,4.7
184329,4.27883392,-0.42183779,4.8
184336,4.28124284,-0.44667882,3.1
184415,4.31710456,-0.46132528,1.1
184450,4.32900748,-0.37465946,4.6
184481,4.34535737,-0.49246288,2.9
184754,4.42187791,-0.35631779,5.9
184822,4.43662725,-0.4040459,5.6
184897,4.451279,-0.43614202,5.8
185198,4.51755548,-0.46427959,5.3
185238,4.52917864,-0.42388787,5.4
185296,4.54223589,-0.3684887,4.5
185320,4.54662524,-0.43632368,3.4
185350,4.5525166,-0.49118772,5.4
185367,4.55836433,-0.37422642,6.0
185401,4.56565217,-0.421938,4.3
185412,4.56994713,-0.52127855,4.4
185470,4.58766724,-0.41822792,4.9
185660,4.64008923,-0.37844444,4.9
185755,4.65811222,-0.48573871,4.7
186061,4.71148512,-0.41566815,4.8
186163,4.72483238,-0.42380541,5.5
186237,4.73429846,-0.51626883,4.3
186328,4.74765794,-0.49666927,4.7
186437,4.76353869,-0.41366034,5.1
186497,4.77244445,-0.36754574,4.0
186543,4.77877883,-0.36177548,5.4
186612,4.79116027,-0.47197897,4.7
186681,4.80399499,-0.52059967,2.8
186794,4.82300075,-0.35851972,5.0
186841,4.83443469,-0.44369232,2.9
187239,4.91160253,-0.47107779,3.3
187324,4.9291108,-0.35473235,5.4
187426,4.94875034,-0.39697397,5.0
187445,4.95288917,-0.39569121,5.0
187448,4.95352934,-0.45896443,2.1
187498,4.96258782,-0.36052156,5.1
187504,4.96428333,-0.36838068,3.6
187600,4.98558464,-0.52150976,2.7
187643,4.99462363,-0.37946207,3.9
187683,5.00447085,-0.48294002,3.4
187756,5.01679178,-0.36693143,3.0
187882,5.04199768,-0.44081088,4.9
188101,5.08447238,-0.42775673,5.0
188337,5.13435432,-0.43429963,4.7
188722,5.21783495,-0.45901132,4.8
188742,5.22266595,-0.47420382,4.6
188778,5.23142263,-0.45719981,5.0
188844,5.24758707,-0.48362739,4.6
189065,5.30270217,-0.47181161,5.7
189114,5.31462873,-0.38065713,6.0
189264,5.34702269,-0.50026741,6.0
189664,5.43711848,-0.44106119,4.3
189733,5.45107261,-0.4499692,5.8
189781,5.46210221,-0.46982828,4.2
189986,5.51700707,-0.34653527,4.9
190025,5.52888877,-0.43643437,4.6
190050,5.5351385,-0.36989897,5.3
190129,5.55577084,-0.48204976,5.5
190173,5.56599185,-0.36043934,5.4
190295,5.60320939,-0.36393673,5.5
190341,5.61414526,-0.39115127,3.9
190374,5.62311778,-0.38060778,4.6
190559,5.68110169,-0.40601056,5.3
190822,5.76324001,-0.49660803,5.4
190864,5.77971323,-0.46813643,5.8
190976,5.81954121,-0.43948806,5.6
190985,5.82203798,-0.48462582,5.4
190986,5.82197885,-0.367815,5.5
191083,5.8538037,-0.37696096,5.4
191105,5.86218797,-0.43218905,5.6
191235,5.91096788,-0.36142661,5.3
191318,5.93698092,-0.47199923,4.2
191524,6.01113727,-0.51700575,1.3
191550,6.01962466,-0.51421215,5.5
191554,6.02180596,-0.4391962,5.9
191581,6.02716347,-0.5035909,5.7
191651,6.05053881,-0.41439575,4.8
191674,6.05782141,-0.50306309,5.9
191683,6.06260427,-0.36952765,3.8
191687,6.06464303,-0.39195814,4.9
191840,6.11414384,-0.4710089,5.8
191858,6.12161291,-0.3508201,4.2
191900,6.13503354,-0.36026946,4.5
191988,6.16658371,-0.3650266,4.8
192167,6.23486645,-0.49096597,4.6
192294,6.28085246,-0.51461149,5.7
192367,0.03516198,-0.58519731,5.7
192388,0.05119429,-0.6131872,5.2
192430,0.07046469,-0.5488453,5.7
192545,0.12186252,-0.57608364,5.0
192703,0.19286412,-0.67058468,6.0
192870,0.26749992,-0.67921936,5.6
192884,0.27244662,-0.55068716,5.5
192980,0.31746245,-0.6607211,5.9
193090,0.36441042,-0.54010314,5.8
193163,0.40021258,-0.52854165,5.8
193173,0.40550253,-0.64341926,5.5
193201,0.41949061,-0.52198202,5.7
193224,0.42959905,-0.63753983,6.0
193261,0.44527378,-0.64284801,5.6
193263,0.44568095,-0.5642122,5.3
193455,0.52903453,-0.52362995,5.4
193573,0.57992273,-0.53623229,5.2
193723,0.64589385,-0.59011284,5.2
193763,0.6680996,-0.60475663,5.9
193795,0.68135203,-0.52437981,5.8
193811,0.6849405,-0.60350402,5.8
193829,0.69076241,-0.52699174,5.8
193873,0.70733519,-0.66992611,5.9
193931,0.73779882,-0.56559062,4.5
193940,0.74284209,-0.62558956,5.8
193944,0.74470407,-0.62266362,5.5
193965,0.75735123,-0.67084939,5.9
194312,0.90563448,-0.62276334,5.7
194467,0.96974297,-0.55742941,4.9
194475,0.97229791,-0.65124367,4.6
194535,0.99455057,-0.52653481,5.6
194551,0.9974452,-0.65660188,4.9
194559,1.00118347,-0.63181302,4.2
194608,1.01948907,-0.60619721,5.1
194689,1.05015399,-0.5321616,5.9
194902,1.12527704,-0.58989326,3.6
194984,1.1520778,-0.5937072,4.1
195085,1.18103194,-0.62227009,5.9
195148,1.20231834,-0.53341378,3.9
195239,1.23070918,-0.64829164,5.1
195250,1.23549429,-0.53696058,5.7
195278,1.24757771,-0.6869038,6.0
195357,1.27178005,-0.60923253,5.8
195400,1.28680035,-0.69164964,6.0
195501,1.31587135,-0.69321128,6.0
195509,1.31938208,-0.5545153,6.0
195532,1.32822436,-0.61929867,4.6
195721,1.38528724,-0.60903836,4.9
195924,1.44518971,-0.61907934,3.9
196059,1.48199928,-0.59470693,2.8
196098,1.49335236,-0.60506682,5.3
196149,1.50970384,-0.56385441,5.2
196240,1.53135159,-0.62427572,3.2
196276,1.54075274,-0.58994466,4.9
196316,1.55115221,-0.64787974,5.0
196330,1.55486758,-0.54772601,5.5
196352,1.5600507,-0.61581024,4.4
196514,1.60364022,-0.65018508,5.1
196643,1.64301507,-0.61331893,4.5
196698,1.65942975,-0.52470464,3.1
196735,1.66728431,-0.58357648,4.0
196857,1.69370736,-0.56863002,4.5
196917,1.71197426,-0.65793216,5.3
196945,1.71838239,-0.63237007,5.5
197019,1.7356994,-0.56443439,5.3
197215,1.77742644,-0.66200019,5.3
197258,1.78826893,-0.56738065,3.8
197632,1.87121876,-0.69212224,4.9
197790,1.90600623,-0.6386663,5.0
197795,1.90739653,-0.64747347,2.7
197824,1.9124758,-0.64113002,4.7
198064,1.96658719,-0.54039418,4.8
198195,1.99564546,-0.61031527,4.6
198253,2.00475477,-0.66860524,4.9
198398,2.03005812,-0.66267839,3.7
198540,2.06062822,-0.60572054,5.0
198545,2.06230039,-0.67828692,4.5
198752,2.11003609,-0.6981875,2.3
198908,2.14395664,-0.69147691,4.4
198957,2.15326739,-0.6265702,4.8
198969,2.15536549,-0.63394853,5.1
199070,2.17535824,-0.63982699,4.4
199118,2.18769939,-0.57690627,4.9
199308,2.22737108,-0.561288,5.6
199490,2.26938,-0.61624425,4.0
199546,2.28460174,-0.57921146,3.7
199573,2.29015574,-0.64834298,5.8
199678,2.31194727,-0.57212804,5.2
200047,2.39956796,-0.52997461,5.6
200159,2.42431724,-0.67317155,5.0
200163,2.42492694,-0.65298377,4.7
200416,2.483803,-0.62747287,4.6
200459,2.49379996,-0.55626799,6.0
200462,2.49384694,-0.62334303,6.0
200561,2.5183595,-0.56162538,5.6
200777,2.5720398,-0.64902478,6.0
200889,2.60311982,-0.58326261,5.9
200926,2.6130658,-0.62641758,5.3
201346,2.72048128,-0.66339722,5.4
201405,2.73646785,-0.54223448,4.4
201442,2.74710265,-0.53419574,5.6
201533,2.77164605,-0.69049957,5.7
201665,2.80439635,-0.57099688,5.7
201805,2.83594027,-0.59442467,5.7
201927,2.86547357,-0.64817839,4.7
201976,2.87643925,-0.58882658,5.8
202067,2.90118329,-0.62491005,5.5
202149,2.92294704,-0.56492042,5.8
202391,2.9810652,-0.63120036,5.1
202428,2.99101459,-0.62941974,5.3
202554,3.02335489,-0.54257463,5.2
202558,3.02379289,-0.55601987,3.7
202622,3.03942122,-0.58590907,5.9
202695,3.05525689,-0.60640839,4.9
202717,3.06189088,-0.56722619,5.3
202883,3.10534755,-0.53816728,6.0
202901,3.11065378,-0.59180522,4.4
203250,3.20015281,-0.67944073,5.9
203420,3.24452686,-0.61807064,5.4
203424,3.24521758,-0.67912555,5.9
203450,3.25225911,-0.61411965,5.8
203477,3.25879806,-0.5729931,5.7
203508,3.26539831,-0.68139986,5.6
203666,3.31201518,-0.53097216,6.0
203681,3.315579,-0.69791237,4.8
203797,3.34565415,-0.58146682,6.0
203863,3.3627543,-0.59339992,5.0
203907,3.37475468,-0.70125453,4.3
204132,3.4335181,-0.62590857,5.6
204227,3.45598267,-0.65978982,4.9
204312,3.47707104,-0.54988843,5.4
204371,3.49326501,-0.64075056,2.9
204465,3.51740487,-0.69385996,5.3
204545,3.53884937,-0.68778922,4.0
204739,3.58560951,-0.58637488,5.6
204812,3.60274231,-0.57672282,4.4
204835,3.6082025,-0.63271943,5.2
204875,3.61913888,-0.60127907,4.4
204916,3.62952708,-0.57586072,4.7
204944,3.63555719,-0.55724286,4.8
204955,3.63703156,-0.62245772,5.6
205188,3.69435021,-0.63477693,2.3
205453,3.75488732,-0.66122395,4.2
205497,3.76570967,-0.68961672,4.5
205823,3.84419298,-0.63067337,5.8
205839,3.84827887,-0.65962256,4.1
205871,3.85568139,-0.61389843,4.1
205899,3.86147952,-0.61421486,5.0
206099,3.90842648,-0.59089552,5.3
206239,3.94002515,-0.56973655,5.5
206445,3.99079227,-0.55011367,5.0
206552,4.02213824,-0.63288072,3.6
206580,4.02802742,-0.64330213,4.7
206616,4.03754055,-0.67603035,4.7
206843,4.10050905,-0.60059625,4.6
206889,4.11323396,-0.60581222,4.8
207040,4.14933966,-0.58690458,4.1
207208,4.18931962,-0.67015116,3.6
207276,4.20363227,-0.67374325,5.0
207332,4.21755374,-0.64232194,4.3
207622,4.2936053,-0.68405048,5.4
207637,4.29581641,-0.65564772,5.4
207732,4.32572096,-0.6057042,4.3
207814,4.34750703,-0.61532785,4.3
207930,4.37099291,-0.57851585,5.9
208078,4.40767093,-0.59853071,2.4
208102,4.41511781,-0.66405424,3.1
208116,4.41714698,-0.66353118,3.6
208221,4.43589734,-0.53372988,5.5
208232,4.43830466,-0.58048473,5.5
208324,4.45878282,-0.56101005,5.1
208377,4.47163477,-0.5955572,4.9
208467,4.4889648,-0.53064957,5.8
208626,4.52503159,-0.57007369,5.5
208896,4.58482308,-0.65093533,2.8
208954,4.59723732,-0.64758314,1.7
208977,4.60203538,-0.5686592,5.7
209019,4.61005502,-0.67431431,4.3
209163,4.6359773,-0.68120336,2.5
209303,4.66515644,-0.55332837,4.8
209318,4.66814023,-0.64652658,3.3
209416,4.68354254,-0.60903647,5.7
209696,4.73773174,-0.53100023,3.1
209803,4.75643716,-0.53631476,5.6
209957,4.78930288,-0.64161299,3.2
210048,4.80973777,-0.67468965,5.1
210091,4.81786294,-0.60012613,2.0
210116,4.82157772,-0.53680302,5.7
210257,4.84800441,-0.57576962,5.4
210312,4.86058205,-0.57624746,5.4
210501,4.90342603,-0.66887106,5.1
210509,4.9057839,-0.62207408,4.8
210781,4.9686191,-0.64764311,4.9
210883,4.99346866,-0.54187189,5.5
210928,5.0021953,-0.64687613,4.3
210990,5.01551878,-0.66155905,4.1
211005,5.01794697,-0.68662736,4.2
211175,5.05999886,-0.61822156,5.6
211541,5.17498959,-0.55691023,5.6
211716,5.23483773,-0.61568792,4.4
211717,5.23535507,-0.60559255,5.3
211719,5.23714702,-0.65802845,6.0
211724,5.23746329,-0.58824378,5.7
211767,5.25151391,-0.66218989,4.8
211782,5.25486422,-0.55948415,5.0
211885,5.28485181,-0.63008345,5.3
212333,5.4119696,-0.58349402,5.5
212345,5.41659981,-0.55149156,5.8
212416,5.43815739,-0.68415578,5.5
212472,5.45401385,-0.58956902,5.0
212488,5.45856945,-0.66171458,5.5
212522,5.47016549,-0.69481465,5.4
212636,5.50342128,-0.56300424,4.7
212666,5.51072854,-0.67424837,5.4
212709,5.524047,-0.52578388,5.7
212716,5.52576346,-0.56446716,5.3
212793,5.55473382,-0.68809868,5.3
212874,5.57605651,-0.56151751,4.8
212998,5.61290317,-0.66024652,5.7
213258,5.69390579,-0.57640841,4.4
213292,5.70607961,-0.53927852,5.1
213374,5.73309709,-0.65213975,3.2
213414,5.74379239,-0.65019575,5.5
213543,5.78627058,-0.69016005,4.6
213576,5.79616565,-0.57576085,4.6
213577,5.79638098,-0.59417625,5.1
213599,5.80290422,-0.59366701,5.5
213602,5.80385928,-0.56807675,5.1
213850,5.8846105,-0.68298098,5.5
213883,5.89705783,-0.56454405,4.4
213948,5.91924162,-0.55263975,5.8
213981,5.92914105,-0.57737741,5.6
214000,5.93574356,-0.53509827,6.0
214134,5.98227738,-0.68341717,5.4
214153,5.98877473,-0.57378678,4.5
214189,6.00370857,-0.56792466,4.3
214275,6.03664242,-0.60649217,5.1
214313,6.05146652,-0.67879534,5.6
214444,6.10352286,-0.56778954,4.5
214615,6.16524963,-0.66005807,4.5
214701,6.19869239,-0.55978197,5.3
214860,6.26257166,-0.55713343,6.0
214963,0.027565,-0.85652266,5.8
214983,0.04106745,-0.79844426,3.9
215092,0.11433361,-0.76235793,3.9
215093,0.1146882,-0.73837977,2.4
215103,0.12409582,-0.69664584,5.3
215119,0.13279432,-0.84150919,5.6
215131,0.13707918,-0.85178108,4.9
215157,0.15570664,-0.83777452,5.5
215194,0.18031906,-0.80433474,4.6
215232,0.19966385,-0.82993412,5.8
215343,0.27410461,-0.80978613,5.3
215365,0.28834614,-0.81539504,3.4
215374,0.29582473,-0.72408673,5.1
215428,0.32805907,-0.79467406,4.9
215492,0.36948548,-0.72417899,5.3
215516,0.3855689,-0.75604575,3.4
215536,0.39816022,-0.85647999,4.0
215696,0.49587626,-0.80813287,4.4
215697,0.49901952,-0.74171335,5.0
215715,0.51123777,-0.82702514,4.7
215726,0.5220551,-0.73357124,5.4
215739,0.53104544,-0.78039639,5.0
215785,0.56354253,-0.75950805,5.8
215831,0.58700753,-0.71849596,5.9
215906,0.64134756,-0.83259051,4.4
215996,0.69725678,-0.74859969,4.5
215999,0.70104458,-0.69560752,4.1
216112,0.77781042,-0.70344783,3.4
216150,0.79818641,-0.81986876,5.7
216209,0.83963165,-0.7752657,5.9
216246,0.86150303,-0.83342415,5.8
216263,0.87235214,-0.75170749,4.3
216347,0.91593345,-0.74410862,5.7
216357,0.91899483,-0.82685158,6.0
216405,0.94725258,-0.70292515,4.6
216470,0.98289591,-0.82658294,5.7
216540,1.01907906,-0.81844752,5.8
216546,1.02269887,-0.70436296,5.6
216682,1.09450965,-0.73292591,4.9
216710,1.10829295,-0.73817818,3.8
216749,1.13131086,-0.77262492,5.1
216850,1.18174389,-0.78458998,5.2
216926,1.22417983,-0.73066231,4.5
217032,1.26654435,-0.72118367,6.0
217140,1.32126108,-0.85785512,5.4
217164,1.3306676,-0.86529686,4.9
217368,1.44058626,-0.82166034,5.5
217521,1.51169722,-0.81327025,5.1
217650,1.56707412,-0.74726752,4.0
217730,1.60518942,-0.73572464,5.5
218071,1.7355597,-0.75391102,3.2
218093,1.73934052,-0.8416046,5.0
218235,1.78856949,-0.81357709,5.0
218324,1.81630845,-0.85034313,4.9
218537,1.88740087,-0.81610612,4.5
218546,1.89029157,-0.78859255,5.0
218549,1.89167155,-0.77910897,3.1
218567,1.89645811,-0.84250063,4.9
218755,1.96014125,-0.75575307,3.3
218932,2.02326908,-0.7144356,5.1
219018,2.04350792,-0.82166019,4.6
219035,2.04743971,-0.80936619,4.3
219082,2.06043696,-0.70818291,3.8
219106,2.06412324,-0.86591074,4.8
219111,2.06517684,-0.83955626,4.3
219226,2.08671384,-0.85948647,4.1
219504,2.13599139,-0.82618088,1.9
219635,2.15569303,-0.70420448,4.4
220138,2.24593179,-0.87169064,4.9
220204,2.25864898,-0.75030211,4.1
220265,2.2716631,-0.81417462,4.1
220284,2.27424117,-0.8258388,4.9
220371,2.2881265,-0.74436974,4.1
220422,2.29523276,-0.80357809,4.1
220561,2.31499483,-0.81208871,4.9
220730,2.35659017,-0.72001575,4.4
220803,2.37432243,-0.82201197,3.7
220878,2.39108653,-0.75804119,2.2
220928,2.40451124,-0.78309331,5.0
220978,2.41906089,-0.75446278,5.1
221014,2.42768478,-0.77258468,5.0
221234,2.49014953,-0.70627735,3.6
221262,2.49722408,-0.7094666,5.4
221344,2.51689059,-0.86141036,4.5
221523,2.57415135,-0.79818876,5.3
221547,2.58016583,-0.80623647,5.7
221553,2.58168928,-0.81241392,4.6
221773,2.64499878,-0.82676382,5.2
221877,2.67805524,-0.70416928,6.0
221895,2.68229326,-0.73516972,4.1
221910,2.68573134,-0.75245711,5.8
221970,2.70647254,-0.83250906,5.6
221998,2.71541205,-0.72693143,5.0
222136,2.76176283,-0.82036457,5.1
222199,2.78074961,-0.8416987,4.1
222321,2.82206606,-0.86254312,2.8
222487,2.88046711,-0.73698229,4.6
222538,2.89951752,-0.83215166,5.9
222581,2.91154044,-0.74418469,5.3
222639,2.93455923,-0.85697232,5.7
222647,2.93758694,-0.77444142,5.8
222813,3.00451595,-0.74480491,5.3
222856,3.02292015,-0.70574269,5.7
222863,3.02649306,-0.70837344,5.5
222887,3.03347285,-0.82680547,5.6
222895,3.03655096,-0.83150457,5.4
222917,3.04370463,-0.83334498,5.5
222960,3.06012941,-0.75216385,5.7
223009,3.07933443,-0.79744152,5.4
223020,3.08276451,-0.70686576,5.0
223062,3.10295092,-0.78842883,4.7
223193,3.15756111,-0.74061646,5.3
223242,3.18046157,-0.71962577,5.6
223297,3.2028692,-0.79803168,5.3
223454,3.26394162,-0.8766926,4.2
223542,3.29761949,-0.71597091,5.2
223560,3.30610172,-0.84720434,4.0
223603,3.32274372,-0.85450695,2.4
223614,3.32742695,-0.85194975,4.6
223731,3.37334722,-0.85421955,4.4
223760,3.38298842,-0.74902235,5.5
223900,3.43078622,-0.84584721,5.0
223905,3.43212227,-0.72585805,5.7
223909,3.43354377,-0.87102702,4.4
223966,3.45307444,-0.75692792,5.3
224080,3.49485217,-0.81821927,5.8
224469,3.6193993,-0.72758811,3.5
224471,3.61988668,-0.7413078,3.3
224538,3.64572977,-0.82533692,3.1
224577,3.65764746,-0.73479714,4.0
224585,3.65942988,-0.78196951,4.2
224621,3.672713,-0.79593093,4.4
224673,3.69157564,-0.71871994,4.5
224833,3.74985619,-0.80386166,4.1
224838,3.75316555,-0.7515188,5.7
224920,3.77942439,-0.79202014,4.5
225044,3.8201206,-0.73579251,2.6
225071,3.83050247,-0.86263965,4.1
225128,3.84814542,-0.82707953,2.9
225248,3.89051184,-0.76053449,4.5
225335,3.92058473,-0.75283061,2.8
225344,3.92333275,-0.73485779,3.4
225426,3.94932987,-0.82119676,4.0
225483,3.96557648,-0.79028193,4.4
225525,3.97906432,-0.85063537,4.1
225638,4.0078565,-0.83557851,4.4
225691,4.02024449,-0.70943586,3.4
225712,4.02595557,-0.77997756,3.7
225938,4.08032206,-0.71849644,3.0
225950,4.08357507,-0.78467526,4.8
226004,4.09303359,-0.74294007,4.3
226064,4.10670912,-0.77948392,4.7
226425,4.18662992,-0.7285763,5.1
226466,4.20280985,-0.85922268,4.7
226500,4.21711079,-0.78842166,4.8
226600,4.25535481,-0.82680023,5.4
226619,4.26303106,-0.87385509,5.0
226693,4.2868196,-0.86519932,5.5
226773,4.30740591,-0.8299923,4.8
226900,4.3375012,-0.76873614,5.1
227375,4.42439067,-0.73935807,4.9
227402,4.42695638,-0.73934717,3.8
227688,4.49730231,-0.77767629,5.1
227707,4.50361939,-0.75466476,3.4
227911,4.55625728,-0.770782,5.1
228069,4.58952929,-0.87050488,3.0
228162,4.60618213,-0.81167628,4.6
228201,4.61342568,-0.75045294,2.0
228257,4.6268365,-0.86246361,4.8
228420,4.65821796,-0.70034817,3.1
228466,4.66956711,-0.69971248,4.9
228562,4.69838104,-0.77391661,5.0
228578,4.70276923,-0.72808465,4.9
228708,4.74219266,-0.75790588,5.0
228777,4.76138764,-0.80205365,4.6
229023,4.83008468,-0.80229819,3.8
229047,4.83819202,-0.85644921,4.1
229092,4.85095278,-0.80136696,5.0
229095,4.85215946,-0.79861511,5.3
229111,4.85857354,-0.73849273,4.7
229285,4.92069955,-0.70521885,5.3
229461,4.98777612,-0.73470076,4.9
229513,5.01061455,-0.7068009,4.7
229584,5.04558121,-0.79353697,5.3
229646,5.07296499,-0.77595598,4.3
229654,5.07550291,-0.78190246,4.5
229659,5.07841158,-0.70888254,4.1
229712,5.10246083,-0.75827163,5.8
229751,5.12784599,-0.83949043,5.0
229887,5.19335671,-0.8300306,6.0
229903,5.20040275,-0.69593928,5.4
229927,5.21531062,-0.73074134,4.2
229981,5.23950038,-0.78737262,6.0
230177,5.33398181,-0.73390557,5.6
230184,5.34021286,-0.7404186,5.7
230276,5.38398535,-0.77695232,5.3
230300,5.39990748,-0.82539214,3.2
230379,5.44754886,-0.7677444,5.1
230391,5.45190237,-0.8068117,4.9
230523,5.52582259,-0.72232221,5.6
230575,5.55113728,-0.70283357,5.8
230644,5.58837206,-0.71226232,4.9
230692,5.61571482,-0.74260036,5.6
230726,5.63783869,-0.71871786,5.4
230737,5.64348723,-0.78275855,5.7
230846,5.70837174,-0.82560512,5.8
230992,5.7955121,-0.81962504,2.2
231055,5.82772549,-0.72163479,4.9
231063,5.8313376,-0.72653485,5.2
231154,5.88730071,-0.75914225,4.0
231161,5.88943059,-0.76356962,4.3
231258,5.94575986,-0.81829238,2.2
231265,5.9493972,-0.72281681,4.9
231278,5.95889848,-0.81240655,5.4
231419,6.03880627,-0.72393547,5.8
231444,6.05140689,-0.75957728,4.4
231464,6.06482506,-0.74805723,5.8
231468,6.06658777,-0.78970278,4.1
231512,6.08673679,-0.71742632,5.8
231539,6.10064772,-0.71252233,5.5
231642,6.15860211,-0.78266677,5.9
231675,6.17443421,-0.74377361,4.8
231707,6.18653625,-0.79399183,4.9
231842,6.25981353,-0.70336953,6.0
231895,0.00469057,-0.85189356,5.7
232091,0.15037262,-0.91408502,5.5
232099,0.15514734,-0.95682198,5.9
232143,0.17645504,-1.0376763,5.8
232152,0.18226837,-0.98613827,5.8
232162,0.18916787,-1.0029202,4.5
232203,0.22115438,-0.88988865,5.2
232306,0.29838498,-0.96422101,4.1
232481,0.42636394,-0.99896892,0.6
232490,0.43544263,-0.98078123,5.3
232501,0.44719277,-0.93794852,5.6
232519,0.46293746,-0.88691345,5.5
232520,0.46297091,-0.93413124,5.1
232542,0.48391828,-0.87626403,6.0
232573,0.50596339,-0.90074571,3.7
232696,0.59563804,-0.89905876,3.8
232717,0.61044985,-0.97641815,5.6
232736,0.62356513,-0.89172823,6.0
232835,0.68680408,-0.91705092,5.3
232857,0.70101709,-0.95207589,5.3
232864,0.70929105,-0.88663094,5.4
232981,0.8011675,-1.04262028,5.2
233152,0.92754869,-0.87927535,5.6
233457,1.117131,-0.89861035,4.4
233463,1.11911399,-1.03501481,4.4
233476,1.12865578,-0.92258313,6.0
233564,1.19553752,-0.96071717,3.5
233638,1.23382968,-0.88106344,5.3
233664,1.24072504,-1.0425334,5.4
233709,1.26937586,-0.93307881,5.6
233822,1.33304132,-1.00308915,4.8
233886,1.36959281,-0.90811188,5.9
233926,1.39350745,-0.88324093,5.5
233981,1.42383917,-1.02822059,5.1
234134,1.51531776,-0.89127745,3.9
234154,1.52640773,-0.98029355,4.4
234169,1.53103824,-0.90947299,5.0
234199,1.54826514,-0.91865953,5.3
234359,1.61573034,-0.9593833,4.8
234480,1.67531122,-0.91971308,-0.9
234541,1.69940266,-0.99227117,5.2
234589,1.72340639,-0.92459777,4.4
234735,1.78868381,-0.88339433,2.8
234737,1.78833227,-0.93588244,4.4
234854,1.83634054,-0.89714345,5.0
235192,1.94763269,-0.89044245,5.1
235336,1.98819829,-0.91689112,4.9
235635,2.0803372,-0.92471398,3.6
235932,2.19263081,-1.03863705,1.7
236164,2.27021114,-0.92366232,3.7
236181,2.27162151,-1.04302985,4.4
236232,2.28945303,-0.95483987,2.0
236268,2.29821153,-0.99081823,4.6
236417,2.34015121,-0.92020003,4.8
236693,2.4040424,-1.02916898,3.6
236787,2.42689661,-1.00428437,4.2
236808,2.4307639,-1.03454944,2.3
236891,2.4526856,-0.96011784,2.6
237067,2.49242435,-0.99543938,3.0
237117,2.50648639,-1.03374955,4.2
237522,2.60430417,-0.95238632,3.7
237736,2.65699304,-0.90427637,5.1
237804,2.6763758,-0.89418895,5.5
238085,2.73963656,-1.0251984,4.1
238146,2.75484565,-0.93751403,5.1
238222,2.77327371,-1.0045705,4.5
238309,2.78949866,-0.97046182,4.4
238574,2.85140374,-1.02718478,3.9
238813,2.91727079,-1.02930846,4.0
238878,2.9393743,-0.9290693,5.9
238986,2.97145803,-0.95104736,4.3
239074,2.9966768,-0.92781655,5.9
239189,3.0314642,-0.94708726,4.8
239687,3.17687739,-0.88420639,4.8
239689,3.17806524,-0.88527361,2.9
239737,3.19243504,-0.91400382,4.2
239791,3.20767336,-1.02536062,3.1
239838,3.22447783,-0.96242948,5.0
239948,3.2573386,-0.89798552,5.0
240019,3.27757947,-0.99681358,1.6
240235,3.34395056,-0.98592093,4.9
240259,3.3498172,-1.04176444,1.5
240366,3.37980239,-0.99794058,4.3
240883,3.53176333,-0.8930044,5.3
241047,3.57743642,-0.93316317,2.6
241076,3.58553729,-0.95225242,5.6
241080,3.58672826,-1.02602894,5.5
241157,3.60696608,-0.8976735,4.7
241496,3.70844636,-0.93268829,4.8
241563,3.73042144,-0.99633691,5.2
241641,3.75387423,-0.98413323,4.4
241673,3.76387205,-1.02030843,5.1
241781,3.80750369,-0.88064097,4.6
242111,3.90767809,-1.04918728,5.2
242304,3.98059628,-0.9093018,3.5
242384,4.00341013,-1.0262758,4.2
242463,4.02899789,-1.03534332,4.5
242793,4.09639473,-0.9140776,5.5
243279,4.20420343,-1.00836902,4.9
243454,4.24760373,-0.95348316,5.1
243526,4.2617401,-0.93917922,5.4
243643,4.27535963,-0.8753805,4.1
243836,4.31205212,-1.02276091,5.8
244168,4.40601948,-1.03046823,3.7
244315,4.44456988,-0.97721218,3.1
244331,4.4487759,-0.92782692,4.1
244388,4.46431624,-0.92915953,5.4
244725,4.56098341,-0.96917949,2.8
244726,4.56139073,-0.98397499,3.5
244734,4.5640341,-0.88372308,5.2
244896,4.61680661,-0.95121118,5.3
244981,4.64320849,-0.9046759,5.3
245242,4.74132043,-0.87426471,3.9
245369,4.78710907,-0.97779289,5.5
245510,4.84304309,-1.00397161,5.8
245772,4.94216034,-0.90944734,5.3
245834,4.96747903,-0.92395045,5.0
245921,5.00181802,-0.91352196,5.2
246055,5.07389801,-0.94987125,5.2
246110,5.09549901,-0.94815307,5.6
246151,5.11772592,-0.92826606,5.9
246271,5.18371522,-0.98371362,5.5
246293,5.19560891,-1.03311575,5.5
246349,5.22335121,-1.02802492,5.4
246389,5.24359514,-1.0363065,5.1
246443,5.2682173,-0.92294485,4.9
246495,5.29845811,-0.91534719,5.7
246574,5.34789936,-0.9902141,2.1
246709,5.4281448,-0.90619308,4.7
246762,5.46070639,-0.90073597,5.2
246784,5.47514222,-1.02021757,3.7
246820,5.49933612,-0.89474968,5.9
246854,5.52063459,-0.9551659,5.2
246929,5.56656453,-0.92961666,5.8
246965,5.58447059,-0.93287126,4.6
247244,5.75050464,-0.95980324,4.6
247287,5.77424446,-0.99110277,4.7
247303,5.78510681,-1.04084659,5.6
247400,5.83925718,-0.9359809,5.4
247441,5.8684057,-1.0087542,5.4
247544,5.9376856,-1.00220689,5.9
247570,5.95869253,-0.93375193,4.9
247593,5.9714474,-0.89564732,3.7
247680,6.02522812,-0.92073284,4.2
247683,6.02629393,-0.88924763,5.6
247711,6.0417185,-0.94187037,5.3
247814,6.09743617,-1.01640272,4.1
247858,6.12705862,-0.90567317,5.7
247867,6.13188257,-0.9922031,5.6
247874,6.13748813,-0.92016536,5.5
247882,6.14027964,-1.02059752,5.6
248018,6.22762253,-0.87661285,5.4
248087,6.27851161,-0.92058851,5.1
248103,0.00581929,-0.87855123,5.4
248163,0.08757371,-1.13227891,4.3
248167,0.09008968,-1.2151851,5.4
248201,0.13764386,-1.09882686,4.5
248208,0.14281506,-1.10010178,5.2
248237,0.18532204,-1.1426308,5.5
248238,0.18630117,-1.05177996,5.8
248276,0.23400204,-1.09731415,5.6
248281,0.24000168,-1.21347584,5.3
248324,0.29370081,-1.07818107,5.3
248346,0.33060339,-1.20211331,5.1
248381,0.37126535,-1.12345962,5.8
248421,0.44418208,-1.06097586,5.6
248460,0.50149673,-1.18066734,4.7
248474,0.518234,-1.07459636,3.0
248518,0.58575759,-1.18406118,5.4
248521,0.59112244,-1.18239861,5.5
248545,0.61850069,-1.19833094,4.3
248555,0.6322413,-1.0526423,5.5
248621,0.69634427,-1.19147956,4.3
248644,0.72231891,-1.18013332,4.9
248656,0.73750866,-1.09618133,5.4
248701,0.78014327,-1.11825054,5.1
248770,0.86293238,-1.09214686,5.5
248774,0.86487348,-1.09094229,5.2
248819,0.91358271,-1.098468,4.8
248877,0.97825566,-1.13109611,3.8
248918,1.0417242,-1.07163711,4.4
248925,1.05111,-1.08488779,4.5
248927,1.0528818,-1.06602738,4.8
248969,1.11013914,-1.09037312,3.4
248973,1.11182666,-1.08545623,5.4
249009,1.14270786,-1.10630162,5.2
249066,1.20759345,-1.08345439,4.8
249198,1.34201966,-1.10653065,5.2
249225,1.36901779,-1.17260523,4.8
249309,1.452953,-1.12098391,5.3
249311,1.45571462,-1.09065455,3.8
249346,1.5043587,-1.14730135,4.5
249368,1.52669687,-1.16764655,5.1
249390,1.54506196,-1.10112415,4.5
249451,1.60158619,-1.08480406,5.0
249461,1.60892028,-1.20154283,5.2
249469,1.61987971,-1.14475273,4.9
249532,1.66956618,-1.22145273,5.6
249550,1.68195998,-1.21632398,5.4
249647,1.78106778,-1.08108128,3.3
249704,1.83190144,-1.18536184,5.1
249809,1.9060279,-1.18607985,4.0
250063,2.09276635,-1.05744375,5.1
250069,2.09584685,-1.10946048,5.0
250128,2.12899676,-1.19759592,4.5
250131,2.13370952,-1.06992179,4.8
250228,2.20669213,-1.15430865,3.6
250374,2.33458135,-1.05844853,4.0
250422,2.36687285,-1.15883191,4.2
250471,2.40540158,-1.08763935,4.2
250495,2.41379617,-1.21679488,1.8
250614,2.49688577,-1.09587144,4.0
250683,2.55361595,-1.09096949,4.2
250695,2.56171305,-1.13571866,3.1
250885,2.67793307,-1.22239196,3.6
250905,2.69252795,-1.07045077,3.4
251006,2.75772225,-1.0766127,3.6
251083,2.8054229,-1.1238944,3.0
251090,2.8079529,-1.0570863,4.5
251269,2.90832634,-1.08950487,4.8
251316,2.93477266,-1.05273989,4.7
251472,3.0359142,-1.09990242,3.3
251575,3.07878931,-1.16463547,3.8
251579,3.0827419,-1.067765,4.2
251602,3.09657829,-1.11331925,4.5
251705,3.15479541,-1.10501837,4.5
251742,3.17161406,-1.12772132,4.3
251830,3.21825202,-1.18613836,4.2
251841,3.22203182,-1.11706492,4.3
251862,3.2347896,-1.05420049,3.6
251904,3.25765327,-1.10128579,1.6
251974,3.30383235,-1.20664138,2.9
252016,3.34069676,-1.06432316,4.7
252019,3.3435343,-1.1887121,3.3
252284,3.50214117,-1.0644464,4.6
252293,3.50814939,-1.12636283,4.5
252481,3.62936978,-1.21128221,5.7
252531,3.65493071,-1.11154062,4.7
252582,3.68187838,-1.05370729,0.9
252703,3.75183721,-1.06941884,5.3
252838,3.83799117,-1.0617776,0.1
252853,3.85066153,-1.13403108,3.4
252869,3.86279833,-1.09738852,5.3
253005,3.94794589,-1.11756128,5.2
253084,4.00093024,-1.06390782,5.2
253088,4.00399263,-1.11021281,4.8
253097,4.0094998,-1.19868234,3.1
253226,4.08721095,-1.15745373,4.1
253342,4.16912071,-1.1973506,5.2
253346,4.16759413,-1.10707267,3.0
253474,4.25615024,-1.11152447,4.0
253554,4.3130082,-1.22320518,4.9
253555,4.31076327,-1.1180218,5.3
253582,4.32328157,-1.07570508,5.1
253614,4.34475988,-1.14311517,5.4
253688,4.39241326,-1.17128615,5.3
253700,4.40113394,-1.20475986,1.9
253882,4.54654634,-1.18281589,4.7
253903,4.55538076,-1.0971863,5.9
253945,4.58628574,-1.05913172,3.8
254020,4.6501389,-1.12964303,3.6
254057,4.67569896,-1.05006619,5.8
254147,4.7498268,-1.11122234,4.4
254157,4.75792106,-1.08214302,5.5
254189,4.78080989,-1.10052599,5.6
254226,4.81373065,-1.07327151,4.3
254273,4.84928133,-1.08696022,4.8
254353,4.90271968,-1.12662928,5.8
254358,4.91067816,-1.13221981,4.9
254393,4.94022637,-1.08538089,4.4
254413,4.96088125,-1.17344696,4.2
254423,4.96811135,-1.05069786,5.1
254446,4.98943855,-1.20000554,5.9
254475,5.01729269,-1.19423592,5.3
254515,5.04923694,-1.16346305,5.6
254693,5.23027595,-1.2071386,5.8
254702,5.23766073,-1.16848635,5.7
254707,5.24415968,-1.1683937,5.2
254733,5.27405717,-1.15509419,3.6
254823,5.39123799,-1.0573496,4.8
254835,5.39999555,-1.07389765,5.0
254846,5.41070801,-1.05677737,5.3
254854,5.41903767,-1.16519403,5.4
254862,5.43215316,-1.15546178,3.6
254871,5.45110162,-1.20037768,5.5
254941,5.53508679,-1.11576887,5.8
254999,5.61316999,-1.1408573,4.3
255003,5.62322316,-1.21309963,5.3
255080,5.71596559,-1.12943737,5.6
255087,5.71938316,-1.21526486,5.5
255101,5.7386076,-1.08012207,5.9
255193,5.84032197,-1.05172828,2.9
255222,5.87885084,-1.13387889,4.8
255227,5.88449916,-1.17790531,5.7
255247,5.90357874,-1.08179463,4.9
255395,6.04262847,-1.20113622,5.6
255446,6.09539079,-1.08212653,5.7
255455,6.10136578,-1.17759003,6.0
255497,6.14799443,-1.10148578,5.7
255557,6.21424684,-1.12407121,5.7
255609,6.27265268,-1.12221888,5.2
255619,6.28282199,-1.1445365,4.7
255631,0.02045889,-1.24680931,5.6
255670,0.11237135,-1.34834262,2.9
255710,0.21201111,-1.30765968,5.0
255880,0.6233903,-1.28536188,6.0
255898,0.6618098,-1.38071722,5.3
255929,0.74384129,-1.31016214,4.7
255945,0.79524749,-1.25493377,5.5
255962,0.81827173,-1.37862559,5.7
255973,0.85504044,-1.35068418,5.5
255998,0.91621095,-1.36749776,5.6
256029,0.99152017,-1.2957143,3.2
256122,1.23511315,-1.23797983,5.7
256145,1.28799532,-1.30789627,5.3
256154,1.32085732,-1.24466231,5.3
256201,1.44811655,-1.33240185,5.1
256208,1.46059013,-1.28702596,5.6
256248,1.52835661,-1.38511734,5.6
256274,1.61547566,-1.30468646,5.1
256344,1.79528319,-1.23854663,5.5
256355,1.81763599,-1.38614461,5.5
256374,1.87076737,-1.23043996,3.9
256415,1.94444492,-1.38045159,5.4
256438,2.01506792,-1.26721448,3.9
256496,2.17523512,-1.34250139,4.1
256497,2.18086526,-1.24817207,5.4
256503,2.18446602,-1.35236003,4.3
256505,2.19072004,-1.28107889,5.4
256582,2.37867819,-1.2671566,4.5
256583,2.38079818,-1.23113426,4.9
256658,2.55844433,-1.3399952,5.4
256710,2.724429,-1.29209604,4.1
256722,2.75034074,-1.25651179,4.9
256723,2.75339885,-1.27796009,4.9
256731,2.77274786,-1.37196284,4.1
256894,3.13993881,-1.36522951,5.0
256899,3.16242381,-1.33551024,5.0
256905,3.17576227,-1.31539924,5.2
256924,3.22163353,-1.38425888,4.4
256955,3.28325507,-1.25895767,4.0
257000,3.41330464,-1.24876427,3.6
257041,3.51299705,-1.30703766,5.0
257142,3.76283387,-1.39816397,5.2
257193,3.8740232,-1.37959143,3.8
257206,3.89744523,-1.27740847,5.6
257212,3.91774239,-1.3380157,5.0
257289,4.06449127,-1.2808904,5.6
257310,4.10987551,-1.32787912,6.0
257357,4.214665,-1.26363244,5.7
257380,4.2775682,-1.37350116,4.8
257407,4.33475849,-1.37701344,3.9
257409,4.33852804,-1.23898141,5.6
257424,4.37675533,-1.3529356,4.2
257491,4.54700922,-1.22388208,5.6
257569,4.76152582,-1.324555,5.7
257571,4.76725748,-1.28581412,5.9
257584,4.81536893,-1.30976634,5.6
257601,4.85605198,-1.29095101,5.9
257620,4.90016983,-1.24665703,4.1
257736,5.18983485,-1.26542208,5.5
257757,5.23856764,-1.27252819,4.1
257879,5.51836487,-1.34431731,5.2
257890,5.5386765,-1.27710982,5.8
257896,5.55599504,-1.22393677,5.1
257948,5.67876957,-1.35071176,3.7
258020,5.83740087,-1.3528337,5.6
258033,5.86698435,-1.26109594,5.4
258034,5.86944032,-1.22926215,6.0
258178,6.21521673,-1.23028928,6.0
258179,6.21631847,-1.37517619,5.7
258207,0.00696285,-1.34504958,4.7
258215,0.04379642,-1.43508011,5.3
258217,0.05814972,-1.48342044,5.7
258273,0.42527805,-1.47951047,5.6
258372,1.1256709,-1.39999947,5.6
258378,1.13867688,-1.42383723,5.8
258395,1.30395461,-1.43938094,5.9
258421,1.4711541,-1.40444997,5.6
258451,1.74552306,-1.41046185,5.6
258515,2.34176811,-1.49510242,5.4
258530,2.46157885,-1.41000099,5.4
258538,2.5040542,-1.41269534,5.2
258592,2.81548348,-1.40446165,5.5
258593,2.81772405,-1.40569279,4.6
258654,3.38148438,-1.48568171,5.4
258674,3.58198337,-1.49724791,5.6
258693,3.74472114,-1.41384968,5.0
258698,3.78262809,-1.46027898,4.1
258713,3.93500093,-1.45259468,5.6
258714,3.94783863,-1.44929004,5.5
258769,4.58783269,-1.41125908,5.9
258796,4.84034278,-1.40032503,5.9
258799,4.95143924,-1.52901106,5.2
258857,5.5359964,-1.55258464,5.5
258914,5.7199008,-1.44371939,5.5
258928,5.84695793,-1.4039382,5.1
258932,5.89757154,-1.50041268,5.7
258941,5.96053567,-1.42037687,4.3
258946,5.97941664,-1.39842834,5.5
258970,6.14382775,-1.52685374,5.6
258989,6.24877156,-1.43149903,5.1
258996,6.27247677,-1.43413501,5.7
